backend,patient,lesion_id,topology,fu_index,size_mm,size_bin,dz_vox,dy_vox,dx_vox,delta_mm,in_holdout60,excluded_case_level,in_shipped_table
original,006f52e910,1,UNCHANGED,0,14.069265454395692,2,13.71340230408623,-10.391328222780936,-23.468604619702297,26.50608144333455,False,True,False
original,01161aaa0b,1,UNCHANGED,0,4.7988331645899525,0,-0.9898901403001787,-1.108562677890205,-0.5739734815587272,1.576623315630611,False,False,True
original,01161aaa0b,3,UNCHANGED,0,6.2752848577292015,1,3.959234522829212,-3.660923728255002,-1.9738477189074781,5.923962777293083,False,False,True
original,01161aaa0b,7,UNCHANGED,0,4.360029282471114,0,2.039424586909354,-1.4363379793177071,-0.183046654116725,2.7889210778751394,False,False,True
original,013d407166,1,UNCHANGED,0,5.670853774274796,1,-0.08024260350432541,1.802058248070898,-2.9237365946533833,2.7041288451622743,False,False,True
original,013d407166,2,UNCHANGED,1,9.479354778333096,1,-2.5957027020641137,-0.25622401603712125,-1.2148457110276671,3.3891599821518117,False,False,True
original,013d407166,3,UNCHANGED,1,5.84267601412943,1,-2.2303632347048277,-0.9958045469901176,-2.059995094693762,3.3195269080935264,False,False,True
original,013d407166,4,UNCHANGED,1,8.658128848694114,1,-0.8670316316735125,2.6859069504153186,-1.6124113890154523,2.682049783527323,False,False,True
original,013d407166,5,UNCHANGED,0,89.03527887091927,5,16.44631506328467,19.44509794265358,-12.727488027926018,27.4609175947244,False,False,True
original,013d407166,6,UNCHANGED,0,14.332058871015482,2,-3.5071062071520602,-0.648610198862553,-1.2430525067422615,4.520723660208534,False,False,True
original,013d407166,7,UNCHANGED,1,6.575450534266055,1,-2.7855513631552187,-0.8330163604581032,-0.17803433270353383,3.544981528681869,False,False,True
original,013d407166,8,UNCHANGED,1,8.493314583855687,1,-0.30889625380157215,0.49534856550222905,-0.08730862915783637,0.5509087980943236,False,False,True
original,013d407166,10,UNCHANGED,0,8.16252636357489,1,-2.261328023949318,0.36378438610362046,-1.663095305266765,3.1293051492746513,False,False,True
original,013d407166,11,UNCHANGED,0,10.838720712852181,2,1.4138371768115803,2.5930615288277563,-0.22714975721633687,2.6938476834508123,False,False,True
original,013d407166,12,UNCHANGED,1,8.905773034713697,1,-4.07782271644462,2.946425887300673,-0.021992793696556764,5.592662973013903,False,False,True
original,013d407166,13,UNCHANGED,0,5.928967884831167,1,2.864974790381666,1.128443271356546,-1.1879217369719017,3.8053010513270404,False,False,True
original,02522a2b27,1,UNCHANGED,0,29.19958963911629,3,-0.9763341275350512,-9.391981504349834,-1.6606934635569266,7.550530750161304,False,False,True
original,02522a2b27,2,UNCHANGED,0,9.331361997856085,1,4.30479888211728,10.988341441511805,9.808182781543602,12.747190358085996,False,False,True
original,02522a2b27,3,UNCHANGED,0,20.927929952311278,3,0.377873849184175,5.048414682775536,12.309831726941425,10.492887980626131,False,False,True
original,02522a2b27,4,UNCHANGED,0,9.519752078329907,1,0.7011172987235341,1.5286422556255486,0.6978189033412168,1.5800420971692246,False,False,True
original,0266e33d3f,1,UNCHANGED,0,22.669512477282602,3,-0.02292392245760766,6.569667165500347,-2.982850034414225,5.644986618513468,False,False,True
original,0266e33d3f,2,UNCHANGED,0,9.578201993635924,1,3.014254762048381,-1.1977317780133467,1.4255702269311001,4.041856133132891,False,False,True
original,0266e33d3f,3,UNCHANGED,0,11.752632696861188,2,-7.072614668138295,1.2242263029511453,-0.5829295683081419,8.904206227978996,False,False,True
original,0266e33d3f,4,UNCHANGED,1,7.123432876219528,1,-1.9675326893498322,1.423567994140524,-2.304155574468154,3.254210662087485,False,False,True
original,0266e33d3f,5,UNCHANGED,0,6.866448039145278,1,0.22444628525274765,2.2994968885120928,-4.888820156928289,4.264105650595075,False,False,True
original,0266e33d3f,6,UNCHANGED,0,6.297440089573788,1,0.041164925148768815,3.0651808401782183,0.019729678726309995,2.394509788310716,False,False,True
original,0266e33d3f,7,UNCHANGED,0,16.41862450120184,2,1.9232748454471449,-2.2508898625361717,-3.5145154704270243,4.0693123623679295,False,False,True
original,0266e33d3f,9,UNCHANGED,1,5.6865167492658095,1,1.4020917141676592,-1.369393850027741,3.836279851968867,3.6574785639628296,False,False,True
original,0266e33d3f,10,UNCHANGED,1,8.616877947787945,1,2.1544213332797426,0.726162322583071,6.057463726587852,5.51508044753892,False,False,True
original,0266e33d3f,11,UNCHANGED,0,18.788084656409588,2,0.8514810263691516,0.4867171652875871,-0.3079978384277863,1.1560248757336382,False,False,True
original,0266e33d3f,12,UNCHANGED,0,9.336920920510101,1,-0.1318373555268181,-0.24540043117141153,-0.5139440366403656,0.4778309165038895,False,False,True
original,03b90eb112,1,UNCHANGED,0,13.406940433892055,2,1.8088412031883023,-3.5637484231885908,1.0720826122685667,3.684364904951725,True,False,True
original,03b90eb112,2,UNCHANGED,0,3.485246962496473,0,-2.3136445275355073,-0.021088271474688672,0.09298941627101992,2.893033037285323,True,False,True
original,03b90eb112,4,UNCHANGED,0,28.768112467019456,3,3.698341051406504,10.077178422336035,4.0545904050348875,9.671957302907435,True,False,True
original,03b90eb112,5,UNCHANGED,0,5.959688474096988,1,3.571920846663443,5.975174245703924,0.8047861339555595,6.489668353470549,True,False,True
original,03b90eb112,6,UNCHANGED,0,5.460626110536321,1,0.40503429351574594,-4.1396087726994635,3.5576940117192812,4.311404497535713,True,False,True
original,03b90eb112,7,UNCHANGED,0,24.203708556644084,3,-2.994976191415128,-9.29009415659227,2.234774281524586,8.352703026765873,True,False,True
original,03b90eb112,8,UNCHANGED,0,6.739511072061487,1,2.9568620329608164,-1.9503428203352395,3.9442943973665527,5.066164819295602,True,False,True
original,03b90eb112,9,UNCHANGED,0,17.03877486400966,2,6.087666585210059,0.9752110820444163,5.091740882212313,8.638589170848686,True,False,True
original,03b90eb112,10,UNCHANGED,0,4.446725913623374,0,4.168168563156132,0.3537792901903433,0.25760746585893196,5.221489218743473,True,False,True
original,03b90eb112,11,UNCHANGED,0,13.154615702698125,2,-0.7017645250509531,1.8601967183148427,1.5452575416112582,2.089647305907927,True,False,True
original,03b90eb112,12,UNCHANGED,0,7.566057780467966,1,2.412282316915673,1.0278841293634378,0.43325701731989935,3.13905387826042,True,False,True
original,03c6b06952,3,UNCHANGED,0,4.601940591316102,0,-10.152845159474253,-3.598112028655216,1.1805721647821894,13.031782615375498,False,False,True
original,045117b0e0,1,UNCHANGED,0,8.932159571050512,1,-1.012204941500204,-1.0825877997936741,-0.8134343067979476,1.6515604951650933,True,False,True
original,045117b0e0,2,UNCHANGED,0,22.5607911891003,3,0.6201352550584034,9.713200709109804,7.376306370134709,9.592691683265052,True,False,True
original,045117b0e0,3,UNCHANGED,0,22.18692542235147,3,-0.7016940076357969,4.218614576745272,-4.520652304807338,4.934233245281272,True,False,True
original,060ad92489,1,UNCHANGED,0,9.295655450957858,1,-0.4542210412289137,-0.7583902339125608,-1.5641989061931827,1.4820006663255754,False,False,True
original,060ad92489,2,UNCHANGED,0,30.889524315376374,4,-2.667280770191519,-1.702636337166411,2.3849534388588887,4.052824870333125,False,False,True
original,060ad92489,3,UNCHANGED,0,6.616061439107858,1,-0.17713562337823988,0.7307467134523482,0.1666695708306988,0.6261253852434926,False,False,True
original,060ad92489,4,UNCHANGED,0,9.981551128691844,1,1.533734516834005,0.8904445123002908,-0.5468754743233151,2.084549265008683,False,False,True
original,060ad92489,5,UNCHANGED,0,16.492580988928466,2,0.8792649716495816,-0.2640821218963131,-0.15357521062176605,1.1248111766222495,False,False,True
original,060ad92489,6,UNCHANGED,0,19.590569041842038,2,1.1474021706839608,-3.151133103920828,0.9512163175776229,2.945681358021485,False,False,True
original,060ad92489,7,UNCHANGED,0,15.888135183719479,2,1.7204605904640857,0.051887715566215964,-1.5361267817895974,2.468921220966154,False,False,True
original,060ad92489,8,UNCHANGED,0,7.652068642171804,1,-5.699690853617983,7.274420114199645,3.360043735273527,9.490296909482332,False,False,True
original,060ad92489,9,UNCHANGED,0,3.794671973445751,0,3.4053200160803043,-0.182599399296786,1.5629835952310858,4.433979547130035,False,False,True
original,060ad92489,10,UNCHANGED,0,7.008435640867947,1,-0.7312965546389023,-0.9676537231787301,-0.5336139172673235,1.258576537687263,False,False,True
original,060ad92489,12,UNCHANGED,0,6.895376585991248,1,0.4372102204195073,2.302310257547829,-0.924788274293276,2.0160000122167063,False,False,True
original,060ad92489,13,UNCHANGED,0,21.457232898227094,3,0.7198173458128962,1.21196439079901,-1.2591825950493862,1.6409044553165437,False,False,True
original,060ad92489,14,UNCHANGED,0,4.34381505382131,0,-2.9108355050667116,-0.2641979687495857,-1.556173438757907,3.8456631237459753,False,False,True
original,060ad92489,15,UNCHANGED,0,9.814230959854529,1,-0.741703258587927,-0.12120031868477567,-0.8892613992160058,1.1665372435397383,False,False,True
original,060ad92489,16,UNCHANGED,0,23.19563535823154,3,2.9021386109426315,-1.6443673135854,0.5479870056779512,3.8724992305605785,False,False,True
original,060ad92489,18,UNCHANGED,0,4.528877219185241,0,0.4213071981367193,0.6996916805886836,0.7630430945275788,0.9687179130837809,False,False,True
original,060ad92489,19,UNCHANGED,0,14.108969004321075,2,-0.2510324890349011,-0.026920407299384563,-0.4186963611593654,0.456112549888327,False,False,True
original,060ad92489,20,UNCHANGED,0,36.93862039615601,4,4.041747964749038,3.9824773773228386,-5.1272478735270095,7.180799453353083,False,False,True
original,060ad92489,21,UNCHANGED,0,13.116690072011835,2,-1.20774082480267,-0.05220411743272402,0.1655317477808651,1.5158633101782795,False,False,True
original,060ad92489,22,UNCHANGED,0,19.61900241852369,2,-12.168987607820771,8.221867381918493,3.297193247499449,16.714729988510523,False,False,True
original,060ad92489,23,UNCHANGED,0,5.008990235155768,1,1.4714990787143052,0.19714742444152847,-0.011968588395674386,1.845831180773447,False,False,True
original,060ad92489,24,UNCHANGED,0,9.641002357512734,1,-1.074827949642895,3.125437682235776,1.0512121854272112,2.9071154417189162,False,False,True
original,060ad92489,25,UNCHANGED,0,11.384015920337252,2,3.4253434816550454,0.4340845053469897,-1.0284699744119954,4.371062173561604,False,False,True
original,060ad92489,26,UNCHANGED,0,8.361846013713121,1,-0.10962118616031376,-0.13076216711969937,-0.024003274954026398,0.17194328752591057,False,False,True
original,060ad92489,27,UNCHANGED,0,5.869144666231341,1,-0.7569238468288176,-0.7300297890810423,-0.3982623458468806,1.1484874950654351,False,False,True
original,060ad92489,28,UNCHANGED,0,6.122432464223861,1,2.1958960648145647,-0.3389825552538302,0.5912637286181975,2.7967893615792083,False,False,True
original,060ad92489,29,UNCHANGED,0,4.699937759613287,0,2.2055264823448395,0.10864993320746001,0.4643810848059931,2.7824430424736692,False,False,True
original,060ad92489,30,UNCHANGED,0,4.528877219185241,0,0.5455189045757379,-0.24228129350000852,-0.21789998790824147,0.7282500529773996,False,False,True
original,060ad92489,31,UNCHANGED,0,11.369944192866914,2,0.10797709972868005,-0.40782706905419447,1.011584484010474,0.8698824501885756,False,False,True
original,06138bc5af,1,UNCHANGED,0,16.552076507846564,2,-0.37587930150093596,1.1660642524125335,-1.3731145288929092,1.4912591710729723,True,False,True
original,06138bc5af,2,UNCHANGED,0,7.595372432442949,1,10.43146368457189,-2.256812166472382,-6.447877876470167,14.107167029018429,True,False,True
original,06138bc5af,3,UNCHANGED,0,19.38028759198673,2,9.019456278313163,-16.24343414290805,-4.976703369608021,17.420284980925718,True,False,True
original,0640966322,2,UNCHANGED,0,4.348626530614418,0,1.2569133387131615,0.8398517397945315,0.039499642914636694,1.7028487884599486,False,False,True
original,0640966322,3,UNCHANGED,0,4.889023958627703,0,0.8153362709370185,0.4114797879616762,-2.1298832629914917,1.9914793635692076,False,False,True
original,069059b7ef,1,UNCHANGED,0,7.774522476418923,1,0.7436552616961307,-0.4823265575554016,-1.0747026428711572,1.3133934014878779,False,False,True
original,069059b7ef,2,UNCHANGED,0,28.231656016640947,3,-1.162137291942372,-0.4529729980478846,-0.059995863303320025,1.4958777198539206,False,False,True
original,069059b7ef,3,UNCHANGED,0,8.036780519816284,1,-0.8622172761260345,-2.7015536935587385,2.1347666240268945,2.906939418097738,False,False,True
original,077e29b11b,1,UNCHANGED,0,8.736934127500147,1,0.7308120976146938,-2.005880430370397,-2.260658791367298,2.5436518111990516,False,False,True
original,077e29b11b,2,UNCHANGED,0,10.367299571369085,2,-0.8056733825113497,2.480070467577283,1.9698675311345386,2.6798447582810603,False,False,True
original,077e29b11b,3,UNCHANGED,0,64.27234832406394,5,-5.84850725371175,3.562702751052499,-12.386128912132072,12.517680062441912,False,False,True
original,077e29b11b,4,UNCHANGED,0,14.134987487975788,2,-1.8067176851353905,0.7871904910149856,-1.4031294095164102,2.589195499502976,False,False,True
original,077e29b11b,6,UNCHANGED,0,52.57264398119876,5,-3.668111825798178,25.92970735200923,-14.760757839778453,23.806836717336406,False,False,True
original,077e29b11b,7,UNCHANGED,0,5.714697866406915,1,2.362010377282786,1.3765782689168324,-0.6130184790707566,3.1791708756544166,False,False,True
original,077e29b11b,8,UNCHANGED,0,6.343339459503081,1,4.0863083232600275,4.086411288742621,2.8749913969327716,6.435959780819421,False,False,True
original,07cdfd2337,3,UNCHANGED,0,21.428264520003186,3,0.18979198725684795,1.5710956483007685,0.7218540147010859,1.37340959033632,False,False,True
original,07cdfd2337,6,UNCHANGED,0,7.611037994944439,1,0.8599910958842087,0.6558087672150482,-1.3351984270010844,1.5898863347097547,False,False,True
original,07cdfd2337,8,UNCHANGED,0,26.30305848561207,3,9.387366763027597,9.040911820261709,-0.05521845448424607,13.694911140889788,False,False,True
original,07cdfd2337,10,UNCHANGED,0,3.888273470554427,0,-0.695536376822065,-0.2000313528856195,-1.3449722290709631,1.3807271973412343,False,False,True
original,07cdfd2337,12,UNCHANGED,0,15.933551226339125,2,-0.1778189502608484,-2.555610792339175,2.375218889512963,2.7468536641349153,False,False,True
original,07cdfd2337,13,UNCHANGED,0,10.398178859034513,2,-5.459119417991372,3.5251228930668823,-1.21442102009277,7.420470459660164,False,False,True
original,084b6fbb10,1,UNCHANGED,0,11.899782585212588,2,1.3250358947220549,-1.7191944346419994,0.298599576048482,2.1451425253205176,False,False,True
original,084b6fbb10,2,UNCHANGED,0,4.649767494542406,0,0.17926255187812784,-0.5177997812755383,-0.09058052042193306,0.4678241039594391,False,False,True
original,084b6fbb10,3,UNCHANGED,0,20.584528787003997,3,0.45048777616777896,-0.7081275049382437,-1.188134846309889,1.2254570275184145,False,False,True
original,084b6fbb10,4,UNCHANGED,0,11.634742381867497,2,1.0911990213486207,-0.2928870449457332,-0.24599513017775587,1.3965986637038774,False,False,True
original,084b6fbb10,5,UNCHANGED,0,9.14951625587026,1,-0.21481568250178498,-1.9500045440863634,0.20830749576789473,1.5551536029159536,False,False,True
original,084b6fbb10,6,UNCHANGED,0,5.615977772434039,1,-1.5548525813129346,-11.889888886608404,-4.491653405151801,10.127518639183132,False,False,True
original,084b6fbb10,7,UNCHANGED,0,5.9044705037877,1,0.16213523341996278,0.6127090409799132,0.3634182700375958,0.5935316000391356,False,False,True
original,084b6fbb10,8,UNCHANGED,0,10.78429855936793,2,0.32879649983080983,0.5516884246084899,0.021725455184636817,0.5957004553360944,False,False,True
original,084b6fbb10,9,UNCHANGED,0,20.019327160353647,3,2.1211979378624846,0.19019480859077084,5.844380402333468,5.321260904691894,False,False,True
original,084b6fbb10,10,UNCHANGED,0,4.57475812793513,0,-1.137932183169505,0.5431232664415161,0.10141263011656658,1.486470809751703,False,False,True
original,084b6fbb10,11,UNCHANGED,0,9.262484656042252,1,1.425974176927116,16.712762715263533,-11.60268738300102,16.042274387011155,False,False,True
original,084b6fbb10,12,UNCHANGED,0,7.43916667620551,1,-1.6645878668369505,2.007937345393105,-2.5342268472984832,3.284315139509407,False,False,True
original,084b6fbb10,14,UNCHANGED,0,5.615977772434039,1,-1.2876554393049446,-0.15380460598270584,-2.7026500512262417,2.674365978755319,False,False,True
original,084b6fbb10,15,UNCHANGED,0,9.206347006532242,1,-1.0681389147267282,18.401546596339664,-22.804935091938663,23.066799216605865,False,False,True
original,084b6fbb10,16,UNCHANGED,0,20.367593035981955,3,4.745206069958954,0.7886452472275941,-0.6956683144731226,5.988608034568508,False,False,True
original,084b6fbb10,17,UNCHANGED,0,5.7638340635631335,1,-2.0724612539588634,0.20037632128328264,-4.91714710729525,4.667665261918258,False,False,True
original,084b6fbb10,20,UNCHANGED,0,3.5056803043557636,0,-7.3316160654468145,1.2797463022812368,-4.269920147533167,9.81515822314439,False,False,True
original,084b6fbb10,21,UNCHANGED,0,4.792926298924718,0,-3.893376087438719,7.540684163959202,-4.580851001201498,8.451722865386609,False,False,True
original,084b6fbb10,22,UNCHANGED,0,13.250641228979074,2,-1.917877932633246,-1.2821049650764618,5.042443115351074,4.751661611167581,False,False,True
original,084b6fbb10,23,UNCHANGED,0,17.135326246082194,2,-5.763128182648847,-1.1645216711642326,-0.6423096038705451,7.27875851411356,False,False,True
original,084b6fbb10,24,UNCHANGED,0,13.949302483627218,2,-2.447449646809582,-2.3453382901340536,-1.8750735203884152,3.8604754766077773,False,False,True
original,084b6fbb10,27,UNCHANGED,0,8.537667876129131,1,1.2033802562188385,0.1956959505516163,-0.9879276170498726,1.7010686454611692,False,False,True
original,084b6fbb10,28,UNCHANGED,0,19.167362793467507,2,-2.8209220481891406,1.898934686759219,1.373359083254064,3.975850707056507,False,False,True
original,084b6fbb10,30,UNCHANGED,0,4.792926298924718,0,-0.964597758216405,1.900135787796885,-0.6574093184996864,1.981198060037419,False,False,True
original,084b6fbb10,31,UNCHANGED,0,6.70612517103314,1,1.603977779840352,-0.7445655494375358,3.8589947815804395,3.691686074683846,False,False,True
original,084b6fbb10,33,UNCHANGED,0,6.124987658991995,1,-1.0149488977811187,-0.7470482795851091,0.7753270236197265,1.524529268943213,False,False,True
original,084b6fbb10,34,UNCHANGED,0,19.236606520750424,2,2.176817717137965,-0.5900783804003841,-0.23291250690036894,2.7658843124426404,False,False,True
original,084b6fbb10,35,UNCHANGED,0,7.496393284140886,1,0.629169723009295,-0.2631836074532504,0.8631165105015836,1.0604393330480786,False,False,True
original,091d584fce,1,UNCHANGED,0,20.11232575847803,3,-3.9485534491951055,1.8373292542708455,-4.2995017290040405,6.1585625696676844,False,False,True
original,0a09c8844b,1,MERGING,0,60.66589402029267,5,25.17444137290554,15.010302585844697,-32.94311936375018,42.46479079368133,False,True,False
original,0a09c8844b,2,MERGING,0,60.66589402029267,5,20.548650174601697,-2.7031464770567775,-18.5714941126941,29.64668107004851,False,True,False
original,0a09c8844b,3,UNCHANGED,0,24.19161051684997,3,0.3729905997116248,0.9460477905536662,2.1690063336003895,1.921458362747573,False,True,False
original,0a09c8844b,4,MERGING,0,60.66589402029267,5,-10.54620239096871,-7.63584844173828,9.864232114942025,16.429323807664904,False,True,False
original,0e01938fc4,1,UNCHANGED,0,3.307997430859504,0,1.9738885521092926,0.3808900012571418,0.227476609061712,2.4917008111766856,False,False,True
original,0e01938fc4,2,UNCHANGED,0,4.56325704370246,0,0.8510111268155924,-0.34012761130709357,0.38805171433597513,1.1383759789482202,False,False,True
original,0e01938fc4,3,UNCHANGED,0,5.926356575983683,1,1.1037212197041981,0.08891808773785731,0.0035759593752554037,1.3814010647171284,False,False,True
original,0e01938fc4,4,UNCHANGED,0,4.334702899495093,0,0.014194701485121187,0.2852085299063908,0.08689179954346354,0.23373400692525473,False,False,True
original,0e01938fc4,5,UNCHANGED,0,3.5634322097900317,0,1.4767797099039854,0.9384775602010881,0.5351130401796247,2.030540782612585,False,False,True
original,0e01938fc4,6,UNCHANGED,0,4.7037523315275775,0,0.6471349758258611,-2.337987597224324,1.4622921561579219,2.3064356492191065,False,False,True
original,0e01938fc4,7,UNCHANGED,0,3.7867117734347047,0,1.553845949295828,1.1925436717689664,-0.41177848776881065,2.178434339722406,False,False,True
original,0e01938fc4,8,UNCHANGED,0,6.133738074627729,1,1.7145254414059536,-0.5542188814038306,-0.15554745626527924,2.1898716234197955,False,False,True
original,0e01938fc4,9,UNCHANGED,0,5.410339475137466,1,1.173084043374729,-0.042952527666308,-0.32169647085814695,1.48853831420972,False,False,True
original,0e51011a4c,2,UNCHANGED,0,19.18187502337387,2,-4.365258715870823,-24.60678925098993,24.65825249989161,27.885714019133214,False,False,True
original,0e51011a4c,3,UNCHANGED,0,18.61236563214141,2,4.040811239204402,-15.409052789794746,11.4140805675564,15.85698651798127,False,False,True
original,0e51011a4c,4,UNCHANGED,0,6.6299026121690945,1,5.226863790611731,-9.493682839405643,0.231730259836429,9.8841735253197,False,False,True
original,0e51011a4c,5,UNCHANGED,0,28.869200760855747,3,2.147892877263871,3.4036285437824523,3.7780403611260525,4.812517248198703,False,False,True
original,0e51011a4c,6,UNCHANGED,0,4.34381505382131,0,1.3195258222903021,-1.85267480418359,-1.6732739354202781,2.5606912394503785,False,False,True
original,0e51011a4c,7,UNCHANGED,0,7.641685903989372,1,-11.454734130448003,-11.84142675898704,8.814824815215772,18.409672227312075,False,False,True
original,0e51011a4c,9,UNCHANGED,0,4.34381505382131,0,-7.31118583590569,-0.7068775605744121,0.6497220383088175,9.169982028966169,False,False,True
original,0e51011a4c,10,UNCHANGED,0,34.73794697248233,4,-22.18622724683064,7.086531486607969,-9.764653129717802,29.31032774290056,False,False,True
original,0e51011a4c,11,UNCHANGED,0,3.5709230447975253,0,-10.31752844457975,5.864709858749144,4.691324685607177,14.177819725363285,False,False,True
original,0e51011a4c,12,UNCHANGED,0,33.7757367731772,4,-7.309710659127688,1.6293486504623245,-0.4096165662842383,9.23098355216498,False,False,True
original,0e65972dce,2,UNCHANGED,0,9.20331030895917,1,0.7080512587412386,0.10110016630863673,0.3874655784500899,0.939697710379191,True,False,True
original,0e65972dce,4,UNCHANGED,0,4.611790991532233,0,0.0194448295710572,-0.05432735698207697,0.46172304935004077,0.367566559179608,True,False,True
original,0e65972dce,5,UNCHANGED,0,6.237123865652535,1,0.3111475669027641,0.12459189508038913,0.291233297205456,0.46210256788606174,True,False,True
original,0f49c89d1e,2,UNCHANGED,0,4.330993688925495,0,1.358108488813923,-4.054837804814554,-15.524390403120437,12.764893206617508,True,False,True
original,0f49c89d1e,3,UNCHANGED,0,3.045848290099384,0,1.2300198744069122,0.9468263251229075,-0.38686318288525684,1.7331961722644382,True,False,True
original,0f49c89d1e,4,UNCHANGED,0,6.059802296439426,1,5.344631319971813,2.593118864396538,0.5741517147448205,6.995691353126396,True,False,True
original,0f49c89d1e,6,UNCHANGED,0,5.57284501991219,1,-10.540702081979452,18.104071090813513,-10.41061982247459,20.999819705487276,True,False,True
original,0f49c89d1e,7,UNCHANGED,0,10.555845296841717,2,16.407633010186306,-8.56745355913027,-7.608193735895792,22.393025154164523,True,False,True
original,11364907cf,2,UNCHANGED,0,16.918948493361363,2,4.380031031618591,11.160110616264152,-7.604560665986009,11.914088082084849,False,False,True
original,11364907cf,4,UNCHANGED,0,16.636581801420654,2,-4.3597401957996,0.7299156096835627,4.910382328860491,6.710742819421535,False,False,True
original,11364907cf,5,UNCHANGED,0,10.296257653749272,2,3.251078313632547,0.04070675847300226,0.3926266829877362,4.075761964055643,False,False,True
original,11364907cf,6,UNCHANGED,0,2.5607958045271926,0,0.3237006869009747,-0.18167899156428277,-0.270543752349662,0.47897805566480545,False,False,True
original,11364907cf,7,UNCHANGED,0,24.329688042034544,3,1.7893239535070506,-5.05224862076585,-6.536708791720356,6.868146672871679,False,False,True
original,11364907cf,8,UNCHANGED,0,2.1598588307059075,0,0.31876823785787567,0.3763029673440102,0.18512260488677076,0.5162145965260607,False,False,True
original,115f895031,3,UNCHANGED,0,5.70334688611576,1,14.189391738508515,8.293530443295323,-9.976267563198194,20.457361470277622,False,False,True
original,115f895031,13,UNCHANGED,0,37.30555021874854,4,5.856100442385616,-11.78140759396349,-7.987647429518508,13.340396645974556,False,False,True
original,115f895031,18,UNCHANGED,0,7.185766796669625,1,-0.7158002874408111,2.0233076199316073,1.5373560944351066,2.183787156407066,False,False,True
original,115f895031,20,UNCHANGED,0,7.493697378177614,1,-5.298974173830805,-2.8961052021687004,2.7802565448540797,7.334958625792704,False,False,True
original,115f895031,25,UNCHANGED,0,11.577991008008263,2,2.207191451381141,0.035682399845245294,1.3747098821756252,2.964667909683641,False,False,True
original,11b9842e0a,1,UNCHANGED,0,21.471435852449105,3,-0.2978111524143401,0.23987183493220238,0.7539044060873727,0.7262920179380851,False,False,True
original,11b9842e0a,2,UNCHANGED,0,49.732479429007455,4,0.014148850960452819,-0.3202502282244358,0.06005975262878931,0.25517849789730257,False,False,True
original,11b9842e0a,3,UNCHANGED,0,8.184109611012412,1,0.7697350518417352,-0.34913201311694503,2.0584673065214827,1.9073330726283582,False,False,True
original,11b9842e0a,4,UNCHANGED,0,14.565931866736928,2,-0.4105346850556657,1.1509140237577675,-1.106864054366603,1.3542445743511713,False,False,True
original,1385974ed5,1,UNCHANGED,0,10.082114930252384,2,0.044798700576848205,-2.1017436400925793,-2.8942945040095927,2.812890699862326,False,False,True
original,1385974ed5,2,UNCHANGED,0,7.044323616043998,1,0.5409230115146784,-2.398289624237414,1.0463753036181807,2.155725500770962,False,False,True
original,1385974ed5,4,UNCHANGED,0,6.234309423228409,1,-3.555740137494695,-0.9226745989404505,2.6420928723812835,4.961856375229144,False,False,True
original,1385974ed5,5,UNCHANGED,0,6.7083586392008865,1,-2.1557114876791275,-2.3438069807654394,0.5116114462465413,3.2824994432466283,False,False,True
original,1385974ed5,6,UNCHANGED,0,5.277306479267659,1,-0.15864828856695112,-0.1923212772762312,-0.39128694132742087,0.3964836518418709,False,False,True
original,13c022b0b3,1,UNCHANGED,0,21.195811781632276,3,2.4887049771837155,2.7588764034645257,-3.8994709106341263,4.877111238184976,False,False,True
original,13c022b0b3,2,UNCHANGED,0,25.571123511632834,3,-0.7611135706747405,-1.081237122272554,0.673108392749358,1.3785081374366817,False,False,True
original,13fe9d8431,1,UNCHANGED,0,6.740162875085761,1,1.040413945667342,0.14982943619015976,-0.15861600069967657,1.3117547591937648,False,False,True
original,13fe9d8431,3,UNCHANGED,0,6.9143395383978765,1,3.3676493421860187,-1.7951779829801575,9.53357874473243,8.733069164540119,False,False,True
original,13fe9d8431,5,UNCHANGED,0,11.7060347517983,2,-1.6411500518059028,-0.2956974589350324,-0.3078270770996573,2.0786336314430933,False,False,True
original,13fe9d8431,7,UNCHANGED,0,11.987020100782518,2,-0.16131401569152787,-0.34708414006921895,-0.2082411301278082,0.3756798524906202,False,False,True
original,13fe9d8431,8,UNCHANGED,0,10.200217845372588,2,-1.0102846600936346,-1.4930542796440955,0.5463978062049107,1.7721147396807662,False,False,True
original,140f6969d5,1,UNCHANGED,0,24.012926012014457,3,3.6338911041460733,3.8524134036931077,4.109396511778296,6.340201433330651,False,False,True
original,140f6969d5,2,UNCHANGED,0,37.514343159679,4,-1.9203051468176113,10.674444015278503,11.495124712547389,12.550764540655354,False,False,True
original,1534b76d32,1,UNCHANGED,0,27.363616156026847,3,-0.2891913585661314,6.337752988297701,-0.1974119189785099,4.965411098052395,True,False,True
original,1534b76d32,2,UNCHANGED,0,23.481064557305423,3,-0.4790395903252147,1.2065189365132134,-5.475101356359684,4.461795677091375,True,False,True
original,1534b76d32,4,UNCHANGED,0,4.333000431541715,0,-4.169511019121046,-16.74263010287823,-5.761233072237308,14.792160192055356,True,False,True
original,1534b76d32,5,UNCHANGED,0,4.933663577627941,0,7.992565409908525,0.25047400945156284,3.0110948041815497,10.271158405737577,True,False,True
original,1534b76d32,7,UNCHANGED,0,8.997080034241666,1,18.108575661119666,17.02299873840972,-3.6170054896381707,26.40598585688915,True,False,True
original,1534b76d32,9,UNCHANGED,0,7.768027555636282,1,4.964578090047098,1.6911782765876553,1.7162893558347143,6.487623700142272,True,False,True
original,1534b76d32,10,UNCHANGED,0,14.269301745060595,2,-8.532848989810788,-13.615643684328548,-2.3650042488595777,15.176457231394295,True,False,True
original,1534b76d32,11,UNCHANGED,0,2.8538603490121193,0,6.575697254327565,6.540979710153854,5.046797101111617,10.46492779275649,True,False,True
original,1534b76d32,12,UNCHANGED,0,9.260481910645751,1,-6.097813379688387,-10.295746021377195,-0.34300012863422324,11.082847580811382,True,False,True
original,1534b76d32,13,UNCHANGED,0,4.8251960838559365,0,-5.165096872280583,11.806688626248823,-19.075088073631015,18.79419769778639,True,False,True
original,1534b76d32,14,UNCHANGED,0,12.390137654506693,2,0.24736109497875985,3.927061925034042,-0.4977157671991029,3.10749463753931,True,False,True
original,158f3069a4,1,UNCHANGED,0,2.074526081016207,0,-0.3266953519528215,-0.3817455573521226,0.27819986434811556,0.5512122332555625,False,False,True
original,158f3069a4,2,UNCHANGED,0,6.274385211458333,1,2.9311890815874335,-0.8120786631675802,-6.696465476120884,6.460846638041961,False,False,True
original,158f3069a4,3,UNCHANGED,0,6.493433890865448,1,1.389093133694837,-0.5494071548088499,-4.495320969637379,3.9722704722612265,False,False,True
original,158f3069a4,4,UNCHANGED,0,8.15146391320701,1,6.0462867687831245,6.659232864317044,-3.733519795802788,9.6357461757173,False,False,True
original,158f3069a4,5,UNCHANGED,0,3.6985212762589987,0,0.5693467075170474,-0.09426094114283105,0.4158108692945655,0.7871123667784856,False,False,True
original,158f3069a4,7,UNCHANGED,0,8.341100450806675,1,-8.134037859273189,10.337225772350852,3.798612246934438,13.324451742637558,False,False,True
original,158f3069a4,8,UNCHANGED,0,4.469430954317211,0,5.545261771102242,0.6461175287623889,-3.7426318545817567,7.5512406898064555,False,False,True
original,158f3069a4,9,UNCHANGED,0,10.039331307628503,2,-2.1723169324652645,-0.49478639804497837,-1.8427027827334925,3.104272291637922,False,False,True
original,158f3069a4,10,UNCHANGED,0,11.633142239124117,2,2.764617197210504,3.387447203872203,-1.9509841476664107,4.616390612861028,False,False,True
original,158f3069a4,13,UNCHANGED,0,6.654113623331186,1,2.3977584117032507,0.5087485429966038,-1.9777679070455798,3.40236697837029,False,False,True
original,158f3069a4,14,UNCHANGED,0,7.323799696706068,1,0.5966386121622463,0.7840405528061806,0.6992871294133897,1.1115684171240507,False,False,True
original,158f3069a4,15,UNCHANGED,0,8.014821391354012,1,1.4498766513824193,-2.139883297817995,-0.7487894936918446,2.5350954053013495,False,False,True
original,158f3069a4,16,UNCHANGED,0,3.3821505204783033,0,4.778192477039698,1.330786971138077,-1.7054209947492938,6.210027808767219,False,False,True
original,158f3069a4,17,UNCHANGED,0,5.190921168729122,1,14.982397565480483,29.303391931052268,-9.440901113204506,30.495740931983192,False,False,True
original,158f3069a4,19,UNCHANGED,0,2.074526081016207,0,0.28516227173684,9.65656277800349,5.3081640091413425,8.634000531584329,False,False,True
original,158f3069a4,20,UNCHANGED,0,7.415128303120079,1,1.8943579155833958,0.7603124885480935,-1.497019418272546,2.711989947120384,False,False,True
original,158f3069a4,22,UNCHANGED,0,6.197860684215109,1,-2.2854023651212856,1.0129707742434773,-3.1237305581377917,3.8550347549863275,False,False,True
original,158f3069a4,23,UNCHANGED,0,8.210749370117219,1,0.32762257172697673,-1.6763014004600993,0.7794867417764869,1.5033093369673065,False,False,True
original,158f3069a4,25,UNCHANGED,0,2.2833113984833324,0,1.8868863314619149,-1.0912871781652151,0.027692294402960765,2.5079704816331643,False,False,True
original,158f3069a4,26,UNCHANGED,0,3.1989641713420256,0,-0.12015095983209675,13.67477822915213,24.796903769854968,22.29046240905905,False,False,True
original,158f3069a4,27,UNCHANGED,0,11.705987858350776,2,-1.0590633977996162,1.2757401151448475,2.6371825284165062,2.659832656649846,False,False,True
original,158f3069a4,29,UNCHANGED,0,11.431758817287754,2,1.341324854551067,2.4450951966675603,-0.5154393867043908,2.5735601048382977,False,False,True
original,16a5cdae36,1,UNCHANGED,0,7.782579858598396,1,1.4200383235368008,-0.4214743349727163,-0.46353470655377865,1.8419843990612725,False,False,True
original,16a5cdae36,4,UNCHANGED,0,11.354594484309773,2,-2.858445733238318,1.6181989637968057,-4.803106992540253,5.359610029212201,False,False,True
original,16a5cdae36,5,UNCHANGED,0,9.576835889321933,1,-1.3376770228264376,-1.4896128650455738,0.574490122411475,2.086823646072296,False,False,True
original,16a5cdae36,6,UNCHANGED,0,4.679552333347319,0,-8.049321180935795,-11.911286874355051,0.6986809786604468,13.714270834266086,False,False,True
original,16a5cdae36,8,UNCHANGED,0,7.8306216916703235,1,2.5852578864687303,0.2742386735749928,0.6032554810706406,3.2734506617638712,False,False,True
original,16a5cdae36,9,UNCHANGED,0,29.97300981532191,3,0.1222995047341783,0.9796566111732422,-2.7188785040864714,2.2826801901994247,False,False,True
original,16a5cdae36,10,UNCHANGED,0,8.324095149175367,1,-4.344432541899801,-2.4135702110730777,0.8570055411676135,5.788022685631191,False,False,True
original,16a5cdae36,11,UNCHANGED,0,8.84067912622245,1,-4.485929393499236,15.382131181754444,-3.829083474656028,13.597545455919626,False,False,True
original,16a5cdae36,12,UNCHANGED,0,7.46353216053527,1,3.636793125420172,7.165292099830502,2.2029193622963597,7.41642093859084,False,False,True
original,16a5cdae36,13,UNCHANGED,0,6.936652057952627,1,-2.7995523738019985,1.2620026717491872,-0.29875863058280516,3.643226949585589,False,False,True
original,16a5cdae36,14,UNCHANGED,0,20.890772348626864,3,-1.386795532399492,-1.7527714475323934,-0.14649702856012423,2.211852155470656,False,False,True
original,16a5cdae36,15,UNCHANGED,0,13.009309339754312,2,14.777892640303048,16.029166497503304,11.745970495353808,24.162698397417408,False,False,True
original,16a5cdae36,16,UNCHANGED,0,5.895866488868958,1,-3.5139208410740594,-0.36475307690474723,-0.7574204116218639,4.442011990369759,False,False,True
original,16a5cdae36,17,UNCHANGED,0,6.640207136467149,1,-6.425551259925214,-0.9141352301069839,-0.3448824218746103,8.068196833410214,False,False,True
original,16a5cdae36,18,UNCHANGED,0,20.449945082906105,3,4.547823304118128,8.299848546155166,17.669112204622724,16.391610954509286,False,False,True
original,16a5cdae36,19,UNCHANGED,0,11.628036570851846,2,-7.772793438717599,-2.8966998082859066,2.168355950298727,10.121538863768754,False,False,True
original,16a5cdae36,20,UNCHANGED,0,11.656836779066648,2,4.554118209072817,9.358286115378284,1.9578346102313477,9.392087363423514,False,False,True
original,16a5cdae36,21,UNCHANGED,0,8.90267749907779,1,0.9535891926710519,0.4256028651450329,0.3323143292297379,1.264936967870635,False,False,True
original,16a5cdae36,24,UNCHANGED,0,6.854553789486502,1,0.5241327280069072,-2.1339750266592454,-0.7889343082410831,1.895885223030346,False,False,True
original,16a5cdae36,25,UNCHANGED,0,10.619141221420666,2,-1.5240421654312741,1.6878097247825101,0.16573430208731205,2.320328005299128,False,False,True
original,16a5cdae36,26,UNCHANGED,0,9.00011536041892,1,7.784178358017641,-2.254426903415894,-15.412514467430032,15.673367699069068,False,False,True
original,16a5cdae36,27,UNCHANGED,0,27.019074960330638,3,2.5486305742761717,-2.320573662721818,-0.11567777907112396,3.66636804177435,False,False,True
original,16a5cdae36,28,UNCHANGED,0,11.43725824113794,2,5.648922062224176,-1.5147999521496889,-1.0156204438632046,7.204278226528905,False,False,True
original,16a5cdae36,29,UNCHANGED,0,12.968817674819354,2,-1.1613762216256647,-1.4303141894393316,-1.327786784608704,2.110181210603066,False,False,True
original,16a5cdae36,30,UNCHANGED,0,11.770638598207347,2,-0.4450069441424603,0.06905994388983547,0.29113126815292656,0.6042317953136235,False,False,True
original,16a5cdae36,31,UNCHANGED,0,29.25185415545531,3,8.338531126635406,16.18587359057832,4.2910040637913465,16.730324510123598,False,False,True
original,16a5cdae36,32,UNCHANGED,0,8.914974030588908,1,-0.013510715083020841,-0.7896428916490192,0.8539060586082882,0.9135274725829298,False,False,True
original,16a5cdae36,33,UNCHANGED,0,19.49857444172604,2,-6.079862541526711,-7.728512549284045,-11.561955666828439,13.319465966518882,False,False,True
original,16a5cdae36,35,UNCHANGED,0,7.392783521843225,1,-1.9383326182352676,0.5337048010894478,0.07086265587425859,2.459143881393179,False,False,True
original,16a5cdae36,36,UNCHANGED,0,15.771871372868551,2,-1.5388715192961286,3.132466971051025,5.178593762876303,5.136147488587927,False,False,True
original,16a5cdae36,37,UNCHANGED,0,18.252700424515776,2,4.943152247278386,10.689883454331271,-2.223645487629536,10.533748838294171,False,False,True
original,16a5cdae36,38,UNCHANGED,0,4.344111571354309,0,-7.249729209972974,-7.356700785103569,-5.917674692690424,11.7019008372059,False,False,True
original,16a5cdae36,39,UNCHANGED,0,10.033550913681891,2,11.638424174268561,9.280749299300588,32.91443850030816,30.636531220075128,False,False,True
original,16a5cdae36,40,UNCHANGED,0,16.993113775067275,2,4.5285926202847575,-5.201500725629501,-7.321275354700884,9.05067104621486,False,False,True
original,16a5cdae36,41,UNCHANGED,0,16.368877485919516,2,1.4008673037549897,3.8474766956978588,0.3020294445391735,3.4860267798622777,False,False,True
original,16a5cdae36,42,UNCHANGED,0,8.714004371399575,1,-4.0460426611430425,-1.2708097223521675,0.8189314173376043,5.194362283138215,False,False,True
original,16a5cdae36,43,UNCHANGED,0,16.686833630341315,2,-1.126387588844875,-14.605529658993753,32.44276606831816,28.059297088201912,False,False,True
original,16a5cdae36,44,UNCHANGED,0,20.650991331305715,3,2.9662803159227904,12.352145287247197,5.775374821453686,11.295017241265182,False,False,True
original,16a5cdae36,45,UNCHANGED,0,28.46680068460363,3,0.1099941745138949,-1.2082561081685659,17.13947571284018,13.556627828424027,False,False,True
original,16a5cdae36,46,UNCHANGED,0,13.933886998451058,2,-0.2602269873989826,2.1872715530346403,-2.2280463817027973,2.4727053095424054,False,False,True
original,16a5cdae36,47,UNCHANGED,0,7.302398133641991,1,2.626574423298814,2.104514544085227,9.902368451101186,8.632699845461202,False,False,True
original,16a5cdae36,48,UNCHANGED,0,11.185556417017112,2,-0.4237748659783733,2.9171903409663993,1.1379500210958429,2.5054921367322445,False,False,True
original,1700002963,1,UNCHANGED,0,7.214578515355844,1,0.4949148687364186,-0.5189589440905086,-0.5287955754768571,0.8491559832279354,False,False,True
original,1700002963,2,UNCHANGED,0,8.528962750681298,1,0.7907189727348622,-0.8298801143677595,-1.286398463138886,1.557938895567282,False,False,True
original,1700002963,4,UNCHANGED,0,8.818298228671432,1,-0.2422682250090702,-0.7249438111699138,0.25609281242049325,0.6731250909568929,False,False,True
original,1700002963,5,UNCHANGED,0,7.283621739358033,1,-0.7361646883254025,1.527613968530522,-0.7863518735823704,1.6294544874813575,False,False,True
original,1700002963,9,UNCHANGED,0,26.883388359407373,3,3.4299356919575983,15.444302548256571,-17.947272276023863,19.08901999945445,False,False,True
original,1700002963,10,UNCHANGED,0,18.53488465986193,2,1.6276798727636332,-2.4502549923938677,-0.6579288168201841,2.8409717436059103,False,False,True
original,1732cb4372,1,UNCHANGED,0,8.05561763565621,1,-0.4922735680517235,0.2486220737362884,-0.540025732612189,0.7732358194157696,False,False,True
original,1732cb4372,2,UNCHANGED,0,11.078947780652397,2,-0.06519013920215003,-0.24284333139861772,-1.5867124683857607,1.2688204820008506,False,False,True
original,1732cb4372,3,UNCHANGED,0,10.843779372495552,2,23.469573759643186,-10.525059096452978,7.57431368431688,31.047405460408957,False,False,True
original,18bbcaa5ef,2,UNCHANGED,0,7.4039243281799765,1,0.09360812379720755,-0.8365343585416962,0.22414545712315054,0.6868857364766036,False,False,True
original,18bbcaa5ef,3,UNCHANGED,0,9.722492778537765,1,-1.886355371757577,-1.116107621926131,-9.857725742048645,8.17392523915071,False,False,True
original,18bbcaa5ef,5,UNCHANGED,0,4.609940486558015,0,-1.1171075013190603,-0.46544064128138485,0.3603215737047845,1.4706635043391376,False,False,True
original,18bbcaa5ef,7,UNCHANGED,0,6.648684685881022,1,0.7790239676043484,-0.8738241023653646,0.24241662513635337,1.204399190561398,False,False,True
original,18bbcaa5ef,8,UNCHANGED,0,4.681982442975188,0,0.26218109682604335,-0.009923852714574325,0.19509923217193292,0.36216032917440744,False,False,True
original,18bbcaa5ef,9,UNCHANGED,0,9.755283896191143,1,-8.665326657658522,-2.0827484158149665,14.367451576369424,15.763051800100776,False,False,True
original,18bbcaa5ef,12,UNCHANGED,0,5.853896492469077,1,1.4054176952129638,12.367125557733358,-3.7210981627553017,10.246804362039677,False,False,True
original,18bbcaa5ef,15,UNCHANGED,0,6.467923655483854,1,-1.268201387266754,0.19390016043713657,-1.430294458312703,1.9517872408620653,False,False,True
original,18bbcaa5ef,19,UNCHANGED,0,5.808161057777056,1,0.5849256223552857,-0.329957214093102,0.23968698119533605,0.7979736000926925,False,False,True
original,18bbcaa5ef,22,UNCHANGED,0,5.465688816911955,1,-3.5207045417864946,-2.5773539322255257,0.08924413581208078,4.839889384509317,False,False,True
original,18bbcaa5ef,23,UNCHANGED,0,7.288669389944517,1,-1.3841387172067017,-8.20273848689299,1.3479536495711701,6.720549373186691,False,False,True
original,18bbcaa5ef,25,UNCHANGED,0,10.192893962955353,2,-2.6252153361060664,-0.41351709282882304,-0.10958439756941583,3.2985064625582257,False,False,True
original,18bbcaa5ef,26,UNCHANGED,0,3.3418392038630587,0,-1.150437753184633,-0.9900708903149823,-0.1582067169690576,1.6375192901006275,False,False,True
original,18bbcaa5ef,27,UNCHANGED,0,5.567874809899799,1,-0.21918112516248128,-0.04714493295152016,0.09473472705410914,0.28636640426936916,False,False,True
original,18bbcaa5ef,28,UNCHANGED,0,4.609940486558015,0,0.15051900291318815,-1.4990692064624433,0.5173943497145504,1.2540958650486518,False,False,True
original,18bbcaa5ef,32,UNCHANGED,0,5.073896036116155,1,-0.5904984139209773,0.18864660318690776,-0.09215035001271227,0.7561870498337554,False,False,True
original,18bbcaa5ef,34,UNCHANGED,0,6.114405640337356,1,0.039495689094496814,-0.1509322606232127,0.6118146216453006,0.4993524594961319,False,False,True
original,18bbcaa5ef,36,UNCHANGED,0,6.752587166567796,1,-5.054211518485772,2.5182922996983406,-2.5355747698259754,6.912645628252439,False,False,True
original,18bbcaa5ef,38,UNCHANGED,0,5.898928235142662,1,-1.2350599134262439,1.0566935176610883,0.24135394926870285,1.7608922169133758,False,False,True
original,18bbcaa5ef,39,UNCHANGED,0,2.652419533860395,0,0.12640319589918364,-0.14681209285961758,-1.4597196998497788,1.1681474769093028,False,False,True
original,18bbcaa5ef,40,UNCHANGED,0,5.853896492469077,1,-10.865742914498629,-1.1622389555024863,-10.790440518676585,16.055587091304194,False,False,True
original,18bbcaa5ef,41,UNCHANGED,0,8.420907116621985,1,-0.16727435629436513,0.23597019440748937,0.3801567472408618,0.409450698423481,False,False,True
original,18bbcaa5ef,44,UNCHANGED,0,3.0362624176366633,0,0.2880756447771091,0.3776272663781317,0.21566758039070916,0.495585485994308,False,False,True
original,18bbcaa5ef,46,UNCHANGED,0,4.751873081919798,0,2.3421503861007067,1.339722323977033,-0.9775142181836456,3.203277858197814,False,False,True
original,18bbcaa5ef,50,UNCHANGED,0,7.346748885563282,1,-1.4206027341081153,-2.599032904130454,-4.046999572338887,4.179634743466485,False,False,True
original,19f3cd308f,2,MERGING,0,57.050932850720876,5,-2.0659020263524552,5.642292828614969,43.08472194399019,34.37540701514301,False,True,False
original,19f3cd308f,3,MERGING,0,57.050932850720876,5,0.06217968871342237,-0.17209762923681796,-4.8825531361848675,3.855461996983864,False,True,False
original,1afa34a7f9,1,UNCHANGED,0,48.622954355637354,4,25.4468025703997,42.181835940463124,14.34833200948448,47.17255778451016,False,True,False
original,1afa34a7f9,2,UNCHANGED,0,152.99260097359124,5,23.631761138098728,15.172461507432493,-21.368172499048185,36.017377889700334,False,True,False
original,1afa34a7f9,3,UNCHANGED,0,15.742393698973363,2,-2.3418786912248377,3.376115917538483,-11.669771207524537,10.014935181689308,False,True,False
original,1afa34a7f9,4,UNCHANGED,0,8.387938494188182,1,-2.354657486899066,-2.531770627909787,10.50710108448932,9.016579917617447,False,True,False
original,1c9ac0159c,1,UNCHANGED,0,13.190702474509148,2,0.5745785025265491,-0.1384722332959803,1.089975371422894,1.1256660128045897,False,False,True
original,1c9ac0159c,3,UNCHANGED,0,7.956601309221258,1,0.14117463712261724,0.4039987051950401,-0.8511517116371686,0.762684013378105,False,False,True
original,1c9ac0159c,4,UNCHANGED,0,16.392189076862543,2,-2.518310592375542,-4.126550989058824,7.777164923794452,7.612398943684367,False,False,True
original,1c9ac0159c,5,UNCHANGED,0,10.857986149673632,2,-0.11649967422442842,-1.161088860610395,-1.5450309406061502,1.5262844857616635,False,False,True
original,1c9ac0159c,6,UNCHANGED,0,9.338057343850448,1,-2.9400941956143356,4.658253517965052,-22.966531815687524,18.8440480107935,False,False,True
original,1c9ac0159c,7,UNCHANGED,0,8.263660617424954,1,0.4281122366715522,-0.5661693760668318,0.07523112527877453,0.6967209382961204,False,False,True
original,1c9ac0159c,8,UNCHANGED,0,13.740648827655317,2,-3.281414075713087,-0.8546372589297075,1.7266977189232486,4.373334300188269,False,False,True
original,1c9ac0159c,9,UNCHANGED,0,13.341343420639694,2,0.328275775977545,-0.3994638621151553,0.22633928302508033,0.5455332506085679,False,False,True
original,1c9ac0159c,10,MERGING,0,31.930754853119787,4,-12.0778008662802,0.5236734410534251,9.372144546385085,16.815906084578817,False,False,True
original,1c9ac0159c,12,UNCHANGED,0,4.948729427573818,0,0.6812453549370048,0.2893092797018554,0.24107459627829497,0.9013220740048784,False,False,True
original,1c9ac0159c,13,UNCHANGED,0,9.309011876767794,1,2.9846874861799506,-2.0941272307235157,0.22020640352750917,4.077303287732191,False,False,True
original,1c9ac0159c,15,MERGING,0,31.930754853119787,4,-5.107234942074342,-7.299666584993832,-6.033013095451364,9.793667180217263,False,False,True
original,1c9ac0159c,16,UNCHANGED,0,10.269888479363651,2,-2.3384186448336095,0.1037210982812452,2.7568768936009342,3.644450206794167,False,False,True
original,1c9ac0159c,17,UNCHANGED,0,5.240486205353348,1,3.4395326130038484,3.99655511833447,-7.230295270372137,7.795587545447175,False,False,True
original,1c9ac0159c,18,UNCHANGED,0,9.897458855147635,1,0.06485359286705261,1.1641246841797657,3.376896599794967,2.8163908970112175,False,False,True
original,1c9ac0159c,19,MERGING,0,31.930754853119787,4,-8.787412548520365,33.344660825081284,10.760654011829212,29.51155682791175,False,False,True
original,1c9ac0159c,20,UNCHANGED,0,10.012111432445382,2,-0.20886665531384097,-0.08729374731244748,-0.5045301232575113,0.4809112657949482,False,False,True
original,1c9ac0159c,21,UNCHANGED,0,5.374915844043188,1,-7.239397566135153,4.019300702120823,0.04545699378255425,9.578305772175483,False,False,True
original,1c9ac0159c,22,UNCHANGED,0,9.38128970714011,1,-1.7709703028937156,2.1829158813823613,-0.43915948127898025,2.8155147286916073,False,False,True
original,1c9ac0159c,23,UNCHANGED,0,70.02844795838546,5,-4.709399070616769,-5.979491339154537,-14.411329560405791,13.629075842312535,False,False,True
original,1c9ac0159c,24,UNCHANGED,0,11.837729724867277,2,-13.607552786775955,16.26306841880419,2.8832735026554066,21.350017818794512,False,False,True
original,1c9ac0159c,25,UNCHANGED,0,34.96627617897924,4,-6.403398389805716,-2.4182798246419828,-3.2961996087320546,8.625470026181521,False,False,True
original,1c9ac0159c,26,UNCHANGED,0,18.98933948030525,2,-4.272302646750006,2.2800773519910833,-1.1819657054047699,5.706169069776308,False,False,True
original,1c9ac0159c,27,UNCHANGED,0,8.702154695441402,1,-1.4591643722270646,2.4381943575249503,-1.899539140765944,3.0330043500917245,False,False,True
original,1d7f7abc18,1,UNCHANGED,0,11.218909263600644,2,-10.581502140587503,-9.08431311841238,-10.21403134355619,17.036213381384165,True,False,True
original,1ff8a7b5dc,1,UNCHANGED,0,11.863000555815985,2,-12.112312174714862,4.311141025263848,24.27807422464338,24.647464035580345,False,False,True
original,1ff8a7b5dc,2,UNCHANGED,0,8.710277778700224,1,-16.10874879326095,8.689101020276356,-16.65011065744523,24.981741057847962,False,False,True
original,1ff8a7b5dc,3,UNCHANGED,0,16.683015764927536,2,1.5669609230774284,-0.4450813759103229,-5.5374009579616805,4.800581701069942,False,False,True
original,1ff8a7b5dc,4,UNCHANGED,0,6.528460798150151,1,7.118382145348733,7.872264982277114,-6.4510178887269065,11.95330304763123,False,False,True
original,1ff8a7b5dc,5,UNCHANGED,0,11.069695481978094,2,-0.2530111152231484,0.6637786690547192,0.13767862624862262,0.6169060693699654,False,False,True
original,1ff8a7b5dc,6,UNCHANGED,0,10.483334271798158,2,5.488252878309913,2.126214020719294,0.5740571154447023,7.072947525526501,False,False,True
original,1ff8a7b5dc,7,UNCHANGED,0,5.931500277907992,1,-0.6006744199459717,-0.32238800227785297,0.7135824060292673,0.9716730670619048,False,False,True
original,1ff8a7b5dc,8,UNCHANGED,0,12.787898133417949,2,-0.6807626722981922,-1.7028926903889001,5.116761176625055,4.3348919038616485,False,False,True
original,1ff8a7b5dc,9,UNCHANGED,0,10.390203284403087,2,-0.0913938796821526,-1.0529026378747135,0.27393192793641286,0.8578867435255569,False,False,True
original,1ff8a7b5dc,10,UNCHANGED,0,6.494279748837097,1,9.971455687958429,1.8882080440326006,0.5658794596016877,12.559192599854438,False,False,True
original,1ff8a7b5dc,11,UNCHANGED,0,11.674667067777285,2,-0.04860052607957641,-0.3419099087420877,-0.2739278427204887,0.34886718457662,False,False,True
original,1ff8a7b5dc,12,UNCHANGED,0,8.554703727091075,1,-14.657332639397282,14.252705128653973,-19.614753354427226,26.440470867568422,False,False,True
original,1ff8a7b5dc,13,UNCHANGED,0,13.841848375175886,2,-6.063872296082399,14.1641311534926,-1.7463044350990555,13.480518378329526,False,False,True
original,1ff8a7b5dc,14,UNCHANGED,0,16.128472835162693,2,1.1579087469939053,-5.31043750148277,3.941259847630938,5.382028397703483,False,False,True
original,1ff8a7b5dc,15,UNCHANGED,0,3.837649083028898,0,1.2330453030987656,-1.8061069371674903,-5.597400283727188,4.885639100786364,False,False,True
original,1ff8a7b5dc,16,UNCHANGED,0,6.628914388390207,1,-0.5774918541415559,1.038618916588403,-0.9175041479204452,1.3050357835245197,False,False,True
original,1ff8a7b5dc,17,UNCHANGED,0,11.653362883454301,2,-1.2822679900465572,-0.2646533529377374,-2.290388773638816,2.4243501064609485,False,False,True
original,1ff8a7b5dc,18,UNCHANGED,0,20.136439051990042,3,7.6204444865286005,7.614519896009347,-2.891825703470152,11.458980512336343,False,False,True
original,1ff8a7b5dc,19,UNCHANGED,0,8.554703727091075,1,11.061735468561029,-18.537693228150964,-8.988561591692882,21.239054198253402,False,False,True
original,1ff8a7b5dc,20,MERGING,0,20.740056163265947,3,-3.6425139394336155,5.244857655098622,11.6635860134155,11.054298730571398,False,False,True
original,1ff8a7b5dc,22,UNCHANGED,0,6.595769262636869,1,0.17303196011955607,-0.20474589743327712,-0.4589601766409823,0.4510898310965983,False,False,True
original,1ff8a7b5dc,23,UNCHANGED,0,13.26606857304503,2,-1.3608961876167882,-1.1157445202663252,15.691213894452929,12.527036672776076,False,False,True
original,1ff8a7b5dc,24,UNCHANGED,0,4.50288208264321,0,-10.959154096036855,6.647721475455899,22.31196630518385,22.90245276953332,False,False,True
original,1ff8a7b5dc,25,UNCHANGED,0,20.515269383758685,3,2.765632101527558,-8.523157063881639,-0.36243263462404524,7.506199566281707,False,False,True
original,1ff8a7b5dc,27,UNCHANGED,0,4.9560630157463335,0,7.062407725254252,2.501373710167021,-11.969272615715429,13.074200954735634,False,False,True
original,1ff8a7b5dc,28,UNCHANGED,0,14.881288780048042,2,-1.2498576784743136,-2.52224309532246,-6.262495765751649,5.543988203077607,False,False,True
original,1ff8a7b5dc,29,UNCHANGED,0,14.668859522093449,2,-1.2569708740422811,3.908167019365914,0.6906460993689202,3.4759248265802927,False,False,True
original,1ff8a7b5dc,31,UNCHANGED,0,15.251557469569027,2,2.4919608953166743,-4.403555802444952,6.625026948889576,6.989557748914399,False,False,True
original,1ff8a7b5dc,32,UNCHANGED,0,7.061752335675611,1,-3.1795826140365877,0.6586798462607143,0.2813600206654048,4.013775725056801,False,False,True
original,1ff8a7b5dc,34,UNCHANGED,0,7.6257787347845145,1,3.903330732284462,-2.1492097002820874,0.8776110473661307,5.20607090846523,False,False,True
original,1ff8a7b5dc,36,UNCHANGED,0,40.37270505159073,4,-5.828317671278887,7.499343857033082,-9.191542556618645,11.831088752840897,False,False,True
original,1ff8a7b5dc,37,UNCHANGED,0,8.434198890661461,1,3.569311624864531,2.8674476542891294,6.202304113268783,6.990635123013341,False,False,True
original,1ff8a7b5dc,39,UNCHANGED,0,28.767709804729588,3,-4.036391931700701,5.830941442580617,6.150841544830489,8.35148566469557,False,False,True
original,1ff8a7b5dc,40,UNCHANGED,0,23.632957014203452,3,-0.7238031326540977,6.065941176262422,9.584344898687847,8.969228411619058,False,False,True
original,1ff8a7b5dc,41,UNCHANGED,0,15.64029835215629,2,0.6571003879773116,11.300786666397844,0.9528048680668494,8.895873769003604,False,False,True
original,1ff8a7b5dc,42,MERGING,0,20.740056163265947,3,-6.064205068209344,1.3677333428254965,8.261918698376581,10.054560400628525,False,False,True
original,1ff8a7b5dc,43,UNCHANGED,0,42.9313559277324,4,6.602452636979433,4.54781957208025,-12.350557962279451,13.25465018595033,False,False,True
original,1ff8a7b5dc,44,UNCHANGED,0,5.581755466829255,1,0.33204183613413535,1.5812055101348093,-1.7536089880998957,1.9004319367220621,False,False,True
original,207f466f93,1,UNCHANGED,0,9.568231066719594,1,-2.5039963693683944,-9.765310245226376,-2.1031184430372,8.409340816116535,False,False,True
original,21addf5898,1,UNCHANGED,0,10.189198282490096,2,-1.6719221504290545,-1.577710133864693,-2.7816768254780935,3.271526604452805,True,False,True
original,21addf5898,2,UNCHANGED,0,14.293376442304552,2,0.2728498926842349,-0.8106034989708,1.5528430375121016,1.420638512142846,True,False,True
original,21addf5898,3,UNCHANGED,0,9.765031193118935,1,0.174978805495698,1.7074336540390116,2.168091799090918,2.1799801191614794,True,False,True
original,21addf5898,4,UNCHANGED,0,7.401070048440572,1,0.0948706120980205,1.8662182857010596,0.6765817651416552,1.5567223510576214,True,False,True
original,21addf5898,7,UNCHANGED,0,9.176726751410715,1,0.9603426524660108,-0.05829872386589931,0.5500402067189836,1.2772788953169145,True,False,True
original,21addf5898,8,UNCHANGED,0,12.655651762502714,2,-2.1107879431182255,0.33308606772155136,-0.3567548621318609,2.6661782406592542,True,False,True
original,2618045a3a,1,UNCHANGED,0,7.712005735292535,1,-1.7075696674530492,-0.6493490096974871,1.2510553074318953,2.4057125974341713,True,False,True
original,2618045a3a,2,UNCHANGED,0,5.528604083956574,1,-0.7775295060050894,1.3108063722132248,-1.9284370480946715,2.0755072068482745,True,False,True
original,2618045a3a,3,UNCHANGED,0,9.98194598762161,1,0.2578115148352481,-0.12854327533504203,-0.38674046265486567,0.45501899875579316,True,False,True
original,2618045a3a,4,UNCHANGED,0,6.653284384726362,1,-2.860043187762835,-0.42500535178364085,0.26365905758621494,3.5964514740443185,True,False,True
original,2618045a3a,5,UNCHANGED,0,7.922675780720146,1,-1.5595441439474598,-1.5320425006435552,-0.13890826893508104,2.2899699610154314,True,False,True
original,26e359e838,1,UNCHANGED,0,9.122504082475203,1,-0.09648747611370254,1.343421783596144,0.8463109894916105,1.2495075705651573,False,False,True
original,26e359e838,2,UNCHANGED,0,13.320602291080535,2,1.4463225078412734,3.3345704296388847,-0.029224561336188833,3.1703976626027117,False,False,True
original,26e359e838,3,UNCHANGED,0,8.908221914840826,1,-1.1175251265527322,-0.28910353001636957,0.4869858699877865,1.4662751066525708,False,False,True
original,2723d092b6,3,UNCHANGED,0,12.921050350088194,2,-11.91233157977067,10.982127385657467,-2.144617596895941,17.267116071961407,False,True,False
original,2723d092b6,4,UNCHANGED,0,9.341338717622953,1,-22.084596953362222,-8.1146630584635,-7.938301680887711,29.008118932223436,False,True,False
original,274ad4786c,3,UNCHANGED,0,3.3817549553604795,0,-0.4389692219216158,-0.06372829661983687,-0.5071423068743864,0.6809330471823838,False,False,True
original,274ad4786c,4,UNCHANGED,0,5.548475545631758,1,-15.13015901229819,-2.922209436529377,-9.015250811620371,20.334553261152745,False,False,True
original,274ad4786c,5,UNCHANGED,0,6.6195615225515985,1,0.5893804636635878,-0.1963704811318476,-0.17347135428595295,0.7648650889361396,False,False,True
original,274ad4786c,6,UNCHANGED,0,4.319117867227291,0,-1.5747973489865217,0.9713641760452059,1.3067677562946127,2.348094949649257,False,False,True
original,275a967a52,1,UNCHANGED,0,6.484670029791201,1,2.5637773706470397,0.15661091243412503,3.144302634650066,4.054607526371376,False,False,True
original,275a967a52,8,UNCHANGED,0,5.891713724427498,1,-0.17087008322582733,-0.3132907186496784,-0.4870997051825145,0.503181017237489,False,False,True
original,275a967a52,9,UNCHANGED,0,5.6648810582865465,1,-0.01381477742224888,0.07705683460944963,1.5618088743427543,1.2338567406023144,False,False,True
original,275a967a52,10,UNCHANGED,0,15.254142877819785,2,-5.253730661356303,-3.758926364087943,9.602405883636816,10.447314960458224,False,False,True
original,275a967a52,11,UNCHANGED,0,6.1427219478526105,1,-2.1311923117941776,-0.5374766399068008,-0.7911055549276246,2.7681500224766835,False,False,True
original,275a967a52,12,UNCHANGED,0,31.8169302719795,4,0.8121740091106631,-2.314682408717734,-3.6884410421211307,3.5732108124849984,False,False,True
original,275a967a52,13,UNCHANGED,0,5.891713724427498,1,-1.598698792280493,0.06253095829280388,-0.8937613701438293,2.1197068774601675,False,False,True
original,275a967a52,15,UNCHANGED,0,13.645037531400583,2,-2.4819810520756165,-6.792713900253784,3.6180164270365105,6.776309708322272,False,False,True
original,275a967a52,16,UNCHANGED,0,4.173920050955785,0,3.062597537658985,-1.0025071845913671,-0.6353789041977719,3.93951946080969,False,False,True
original,275a967a52,19,UNCHANGED,0,11.794327942997665,2,2.102840017953008,5.288009422552164,3.948901390939428,5.802854735126803,False,False,True
original,275a967a52,20,UNCHANGED,0,9.300262800300478,1,-3.6206285618391463,-2.706888804202909,0.5816779924717551,5.01624368087532,False,False,True
original,289dff0766,5,UNCHANGED,0,8.503953538286947,1,28.54231238341083,9.040707273722976,20.113830760599036,39.68145166108864,False,True,False
original,28fd0fbd33,2,UNCHANGED,0,13.9728247580235,2,7.246300707257205,5.833486604007206,15.077365576667038,15.630662991543524,False,False,True
original,28fd0fbd33,3,UNCHANGED,0,6.81079950164937,1,-1.6903122518343707,0.1817507423320729,0.0031332457454657054,2.1176545134188998,False,False,True
original,28fd0fbd33,4,UNCHANGED,0,3.8067013619378005,0,-6.069876238039001,0.6961360518769284,-4.398006026730121,8.3608901883308,False,False,True
original,28fd0fbd33,5,UNCHANGED,0,4.221320551380469,0,-0.6085374991192112,-1.7709494413742581,-0.1322361638621215,1.5819307229489565,False,False,True
original,28fd0fbd33,9,UNCHANGED,0,5.490213403543419,1,-1.7924752870068232,0.13399982782431916,-0.5489150495613279,2.2844659730840955,False,False,True
original,28fd0fbd33,10,UNCHANGED,0,6.429490154635558,1,8.210800330580536,6.059386795853383,-15.89693481925253,16.883534360926063,False,False,True
original,28fd0fbd33,11,UNCHANGED,0,10.592554189140579,2,-5.481688213634266,-1.2720130194058061,5.196260380654796,8.046558760526935,False,False,True
original,28fd0fbd33,14,UNCHANGED,0,5.754564267068973,1,-8.201320133838953,4.433306081908536,-3.527682151765862,11.172807019314584,False,False,True
original,2a452c50d7,3,UNCHANGED,0,13.027032152982075,2,-1.2048124394302022,-3.5308283790666684,-1.5706157610319622,3.377568568393852,False,False,True
original,2a452c50d7,7,UNCHANGED,0,10.30737164546492,2,-21.885781859600208,4.171449736835293,11.602820515999438,29.031689236030733,False,False,True
original,2a452c50d7,8,UNCHANGED,0,5.5264809254402065,1,-3.921888555749979,-5.735716065544791,0.5044721382421135,6.65269356732159,False,False,True
original,2a452c50d7,10,UNCHANGED,0,10.8235807604556,2,-25.742318648963057,0.8912108878755977,8.420454527212769,32.86397523586719,False,False,True
original,2a452c50d7,11,UNCHANGED,0,15.282477168914001,2,8.733608632325922,1.0630671440645636,-17.922614400615213,17.883979168330814,False,False,True
original,2a452c50d7,14,UNCHANGED,0,12.661049194820025,2,1.1749639714644673,-6.219687188368187,-6.619086523594308,7.281978899516006,False,False,True
original,2a452c50d7,16,UNCHANGED,0,10.657037646951952,2,-1.605081962131203,-6.507582809601963,-8.177747169985004,8.455051674698728,False,False,True
original,2a452c50d7,18,UNCHANGED,0,10.06942373100658,2,2.277554968919367,-3.0428771333560345,-4.590117598889521,5.183510961435786,False,False,True
original,2a452c50d7,21,UNCHANGED,0,19.313755952747464,2,-2.3467292718921273,-2.0517059187503124,0.3217897381032052,3.3521625651670046,False,False,True
original,2a452c50d7,23,UNCHANGED,0,8.139751661413818,1,0.8789286895610531,-0.849796427127129,2.020972374939649,2.046978805709283,False,False,True
original,2a452c50d7,24,UNCHANGED,0,18.268620017113218,2,4.216996201771463,0.9569340526175821,-1.4049650342254407,5.4381423799828426,False,False,True
original,2a79ea27c2,2,UNCHANGED,0,10.453574021317154,2,-4.029305808667163,2.3953754411938366,2.7579293726099605,5.796767754719591,False,False,True
original,2a79ea27c2,3,UNCHANGED,0,5.2747418637543575,1,1.243047205501523,0.23124749881218354,0.2879581886064132,1.5806833118323929,False,False,True
original,2a79ea27c2,4,UNCHANGED,0,100.10926795259091,5,-6.150482588168211,-8.542420951282528,-35.1071864619696,29.510739962626825,False,False,True
original,2a79ea27c2,5,MERGING,0,28.01951355792808,3,-4.809161257178721,-11.670628695169802,7.544385455977085,12.435791656273416,False,False,True
original,2a79ea27c2,6,MERGING,0,28.01951355792808,3,3.8355228476335697,-14.95652726781454,-0.9568067711213629,12.649232709273576,False,False,True
original,2a79ea27c2,7,UNCHANGED,0,72.9277581664974,5,-3.4240179335404832,-12.49476652154393,-13.025689356956562,14.804305640560115,False,False,True
original,2a79ea27c2,8,UNCHANGED,0,14.154764564244186,2,-0.6455969138951332,0.9091311774833082,2.9157286540475984,2.539238718641179,False,False,True
original,2a79ea27c2,9,UNCHANGED,0,59.648394548532494,5,-3.6872674305416924,0.010811011389565518,-10.867768760356677,9.734921016175283,False,False,True
original,2a79ea27c2,10,UNCHANGED,0,11.778763672150886,2,0.3792360297056348,0.04724594861435252,0.04824365829884909,0.4770001327266401,False,False,True
original,2a79ea27c2,11,UNCHANGED,0,8.018905342912488,1,-0.24145891936843783,1.3320000542660462,-1.102767659269418,1.3893706000823236,False,False,True
original,2a79ea27c2,12,UNCHANGED,0,63.504779778628716,5,8.688320528801455,0.7311724586858339,5.2157131170235775,11.627951126096441,False,False,True
original,2a79ea27c2,13,UNCHANGED,0,7.014128539758439,1,-0.9304200258083938,0.7198697028698171,-0.9158961928780827,1.4801784257010913,False,False,True
original,2b24d49505,10,UNCHANGED,0,1.443588819757384,0,-2.47702092754771,10.130154949182145,-4.401674150256618,9.17836191555097,False,False,True
original,2b24d49505,16,UNCHANGED,0,6.167962303538436,1,-0.4999391676743926,-8.96550725640184,6.587056070361008,8.742433628444507,False,False,True
original,2b44928ae1,1,UNCHANGED,0,23.799879833032637,3,2.4633201322649256,3.4940025229321465,-2.870285154403461,4.69640975111541,False,False,True
original,2b44928ae1,2,UNCHANGED,0,12.215403313889418,2,2.9850839158822056,-0.3291317056416309,-0.8763966461406067,3.8035806010648976,False,False,True
original,2b44928ae1,3,UNCHANGED,0,18.71376340509401,2,0.7315704724638408,-4.813726654801751,-0.27553421471269407,3.8752417345246224,False,False,True
original,2ba100d604,1,UNCHANGED,0,5.924912878750008,1,0.1108834392912513,1.1374692377366022,-0.13874416916048934,0.9057506884070718,True,False,True
original,2ba100d604,4,UNCHANGED,0,4.295089317403216,0,-2.2567967959164434,-9.485884249979538,2.696917405209339,8.208005276627524,True,False,True
original,2ba100d604,5,UNCHANGED,0,5.829333054003939,1,-0.4618477251271543,0.3963599894568152,-0.045545463716941785,0.656051385542402,True,False,True
original,2ba100d604,6,UNCHANGED,0,5.575556486884969,1,-7.11236704556975,0.5329809746688342,2.8023828656344936,9.17073627158429,True,False,True
original,2ba100d604,8,UNCHANGED,0,9.781815640835678,1,1.0850078201946871,-1.08375871166376,1.145519359667195,1.836502386271139,True,False,True
original,2ba100d604,9,UNCHANGED,0,4.203676546157977,0,-1.2805473264150806,0.3180912818162057,-0.8814767174042101,1.7628404500985668,True,False,True
original,2ba100d604,10,UNCHANGED,0,5.296300567453813,1,-0.5170562792973215,-0.21330187790916946,1.4072441424345525,1.2954854709677415,True,False,True
original,2ba100d604,11,UNCHANGED,0,4.984009653757075,0,6.083612382183015,17.543127996828037,6.4184279117160825,16.468047255832733,True,False,True
original,2ba100d604,12,UNCHANGED,0,6.017504598020805,1,-0.6792333764686873,-26.219528267219264,10.115784577247382,21.994292602732898,True,False,True
original,2ba100d604,13,UNCHANGED,0,4.00786719918352,0,-1.1074814751450048,-26.627431079781925,12.643755018458023,23.10649399099385,True,False,True
original,2ba100d604,14,UNCHANGED,0,10.305355147063567,2,2.8777159801776406,-0.7848798364767747,1.0867930760531461,3.7483972074641216,True,False,True
original,2ba100d604,15,UNCHANGED,0,2.9146665270019696,0,6.462279405538038,16.819277990338193,6.189125222272406,16.175543267256078,True,False,True
original,2ba100d604,16,UNCHANGED,0,3.40901465037162,0,-0.3596491388541381,-0.428581722129314,0.20942268860842778,0.5843346205951306,True,False,True
original,2c62105ee1,1,UNCHANGED,0,4.699937759613287,0,-3.5525783155595034,-6.128310691342657,1.3738464015927505,6.6183692796676326,False,False,True
original,2c62105ee1,2,UNCHANGED,0,3.6637155084223685,0,-0.020172644263266194,2.374331923002635,-2.3955060099339835,2.647936325226924,False,False,True
original,2c62105ee1,3,UNCHANGED,0,20.510123858998565,3,3.022741076880243,11.207231726508507,-0.2935001085922995,9.536376606722017,False,False,True
original,2c62105ee1,5,UNCHANGED,0,3.6637155084223685,0,-0.23597438964729917,-0.20734330265615455,-0.5216165481068407,0.5316079288493375,False,False,True
original,2f1ee6251b,1,UNCHANGED,0,9.360438769980613,1,17.879570718907235,-5.5372456233378635,-7.517195003419575,23.523990665738,False,False,True
original,2f1ee6251b,2,UNCHANGED,0,26.598817503886412,3,-0.013856322086985529,4.445492737924111,1.9066811817078377,3.7838776666026233,False,False,True
original,2f1ee6251b,3,UNCHANGED,1,23.118996417063553,3,2.819894919144326,-5.295009305246426,-0.8065607282988007,5.470943780236002,False,False,True
original,307fd7f231,1,UNCHANGED,0,36.982408587220334,4,-18.849508533179893,-19.875413520341134,-3.053069255458979,28.318179155600543,True,True,False
original,307fd7f231,2,UNCHANGED,0,10.968322309378042,2,-10.239406097528569,-9.643535845397254,4.86209033016387,15.33826472826912,True,True,False
original,31b7b72368,1,UNCHANGED,0,10.765247036282982,2,2.215397516946564,1.51191159496492,1.470304193698245,3.226265087917554,False,False,True
original,31c8f1568c,1,UNCHANGED,0,11.816796208857179,2,-0.79514813281329,0.14102951344913903,-0.3004116674186034,1.0277254421596445,False,False,True
original,31c8f1568c,2,UNCHANGED,0,20.587311603500243,3,-5.59391048226064,-31.52472645515161,12.228239191918473,27.352574012406972,False,False,True
original,31c8f1568c,3,UNCHANGED,0,4.09950329563561,0,-0.17452723507883547,-0.10429357723934617,-0.12489081787543427,0.2528594705823369,False,False,True
original,31c8f1568c,4,UNCHANGED,0,18.126734444918295,2,-0.16149799141239782,0.4231133526866547,0.5501138285519781,0.58167110283426,False,False,True
original,31c8f1568c,5,UNCHANGED,0,18.72530384271909,2,2.693557804013494,-3.6795644751751024,-0.05543763517049903,4.426807855131691,False,False,True
original,31c8f1568c,6,UNCHANGED,0,55.55188751010323,5,15.890166858371003,-13.440860137048881,-0.22796160268136934,22.4667108500905,False,False,True
original,31c8f1568c,7,UNCHANGED,0,6.7429702495381605,1,-0.4286388641733083,-0.6284353232448566,-0.06261924576014709,0.7282950018659937,False,False,True
original,31c8f1568c,8,UNCHANGED,0,3.0205398539803316,0,-0.9588535258423008,1.0518075961835907,-0.5472627784776884,1.5158512131595656,False,False,True
original,31fefc0e57,1,UNCHANGED,0,8.690890767033395,1,7.763608648299396,7.293161515440974,-11.71116522914045,14.560257611923017,True,False,True
original,31fefc0e57,3,UNCHANGED,0,9.368831851548698,1,0.9740286197869636,0.1330419198782073,1.2068687907183289,1.5491648381243512,True,False,True
original,31fefc0e57,4,UNCHANGED,0,14.435411848552134,2,0.23899368081447392,-19.73672726272824,46.275531424222805,39.63299627800701,True,False,True
original,31fefc0e57,5,UNCHANGED,0,7.626797214322573,1,0.8625892881584605,-0.7195581551407282,-0.24882305588179543,1.2316460879415176,True,False,True
original,31fefc0e57,6,UNCHANGED,0,36.74018974103646,4,0.6451181069288623,3.1325435123179353,-9.447922267151736,7.886948615568329,True,False,True
original,31fefc0e57,7,UNCHANGED,0,9.899758237317414,1,2.4824807104577076,0.5248121770464422,1.4645073022480004,3.336526181684504,True,False,True
original,31fefc0e57,8,UNCHANGED,0,12.511434462170829,2,4.406208707706014,-2.1827349383366945,-5.586972300934704,7.257617969480908,True,False,True
original,31fefc0e57,10,UNCHANGED,0,21.914703104725827,3,2.082688188095858,0.4804291663154317,-9.686852013006714,8.082857936880533,True,False,True
original,31fefc0e57,11,UNCHANGED,0,40.26700688648012,4,0.7169008386664473,5.806110631967749,9.821158376034774,9.02279038661186,True,False,True
original,31fefc0e57,12,UNCHANGED,1,3.7515649103286646,0,-0.8815490257296972,1.2521321456197037,0.3835334611086444,1.5040456313479125,True,False,True
original,31fefc0e57,15,UNCHANGED,0,9.83803744196828,1,-0.7073118315499869,-1.1473801608184024,0.28234570342895243,1.2784100235879141,True,False,True
original,31fefc0e57,16,UNCHANGED,0,7.847694621081046,1,1.6041656907851802,0.9663901531489643,0.11936908330633134,2.144615231149122,True,False,True
original,335f535208,1,UNCHANGED,0,7.20091514147103,1,0.08979295632349249,0.765480424425901,0.15382397424543934,0.6202749238624911,False,False,True
original,335f535208,2,UNCHANGED,0,15.91076495853344,2,-0.8398898727875235,-0.37048360821017995,0.14981081469586482,1.095401496527857,False,False,True
original,335f535208,3,UNCHANGED,0,8.104259547245396,1,-0.6886448415780251,-0.3097901560931803,-0.07960904785443959,0.8963650314360498,False,False,True
original,335f535208,6,UNCHANGED,0,6.618903182939503,1,-3.1125917818849302,-1.6679158574316744,-3.07712526033524,4.767514767485777,False,False,True
original,335f535208,7,UNCHANGED,0,8.223456896701672,1,6.134478184492991,4.799581906184468,-8.976244321653144,11.09094843127544,False,False,True
original,335f535208,8,UNCHANGED,0,6.588540814825663,1,-8.343352320313898,-3.1531669581055413,-3.1339599168343533,10.99757899988882,False,False,True
original,335f535208,9,UNCHANGED,0,10.373226204735635,2,0.10207491001892777,1.641534357512958,0.5001943756569378,1.3474619477463134,False,False,True
original,335f535208,10,UNCHANGED,0,7.3509771906758745,1,-1.7736798668786378,-8.4975147513125,0.5258030524006354,7.009390485148452,False,False,True
original,335f535208,11,UNCHANGED,0,5.324427780423723,1,5.3123014157018815,2.504376667161151,0.9786908281963146,6.965378124616573,False,False,True
original,335f535208,12,UNCHANGED,0,10.66051915786045,2,-0.4309619820131161,2.794093997276239,-0.14796846409540576,2.250727026855869,False,False,True
original,335f535208,13,UNCHANGED,0,9.90985051218199,1,-5.187955732054547,-1.6127315701946285,0.2705547951111494,6.60957829582415,False,False,True
original,34ed066df3,2,UNCHANGED,0,10.132661993476878,2,-7.102137278806481,14.462296608988625,-8.068539886371157,15.713632257643988,False,False,True
original,34ed066df3,8,UNCHANGED,0,6.793105698162142,1,0.7140729185709006,0.3605412450912899,0.0006697224286168945,0.9359530228698548,False,False,True
original,34ed066df3,10,UNCHANGED,0,4.892688278591825,0,1.4398557614348646,-6.415609608463871,3.127790086683549,5.868180399957849,False,False,True
original,34ed066df3,13,UNCHANGED,0,8.366379270979035,1,1.4428975275922085,-0.11264615449829117,0.8528370504104793,1.927062719714193,False,False,True
original,34ed066df3,14,UNCHANGED,0,5.6730054117816575,1,-6.039115662947916,-3.7013242824664085,12.576052520496994,12.798369744977089,False,False,True
original,34ed066df3,15,UNCHANGED,0,10.404881989596038,2,0.5523549744808633,-13.974293284195594,21.93965528469933,20.47535011586993,False,False,True
original,34ed066df3,19,UNCHANGED,0,7.214342235774277,1,-1.5870205065683876,-18.18761344170203,20.806170899849317,21.798881705028105,False,False,True
original,34ed066df3,20,UNCHANGED,0,5.879475412773886,1,-1.5232507360674845,-1.128381921920672,-0.8564966689742154,2.2042596931172156,False,False,True
original,34ed066df3,21,UNCHANGED,0,4.530809780970498,0,-0.6068732588830471,0.1823850346666875,-0.026144482527895984,0.7721247412266673,False,False,True
original,34ed066df3,22,UNCHANGED,0,23.559350276947452,3,0.5486512350383463,0.030773068602924322,2.1297183666668627,1.8150722366709677,False,False,True
original,34ed066df3,26,UNCHANGED,0,7.407674834893167,1,-0.014121561225465484,-0.9763644275646507,-0.45587707470471756,0.8432997877046257,False,False,True
original,34ed066df3,28,UNCHANGED,0,3.2537779220195335,0,-1.8919456099429226,0.20976917082609844,-1.4834789021258723,2.6438100490172176,False,False,True
original,34ed066df3,29,UNCHANGED,0,4.416056056008696,0,-1.7264534934329276,-15.949869065993408,18.57228433203966,19.353457526053695,False,False,True
original,34ed066df3,30,UNCHANGED,0,3.5511500671534724,0,0.623570206358363,-16.244601645536562,-1.6044829428727196,12.773839970363282,False,False,True
original,3636638817,1,UNCHANGED,0,9.519286240336331,1,-7.115823089584296,-17.235209361289858,6.040078800361873,16.823158149185108,False,False,True
original,3636638817,2,UNCHANGED,0,27.82452773238324,3,-12.026325759639235,-20.155862138083336,14.36235465311995,24.539808840198518,False,False,True
original,3636638817,3,UNCHANGED,0,20.122697783590457,3,-2.3184428916558772,2.0893490715261556,-2.547352051848458,3.8859961830340986,False,False,True
original,3636638817,4,UNCHANGED,0,14.708939505356103,2,-7.582367968587164,-2.069408396111783,-8.060057290673699,11.527603104309287,False,False,True
original,3636638817,6,UNCHANGED,0,16.844382639999456,2,2.2060825662781554,-15.18114261102048,7.412070239034804,13.504845806227854,False,False,True
original,3636638817,7,UNCHANGED,0,38.74345207418874,4,-2.1007373764791737,2.164451764966299,-2.4185586323682506,3.6598404320857543,False,False,True
original,3636638817,8,UNCHANGED,0,12.919659134089216,2,2.4798883074434457,-15.500440382282656,3.339381148860768,12.771163373691616,False,False,True
original,3636638817,9,UNCHANGED,0,7.235828526309585,1,-0.43883854765408614,-5.085939049127097,-4.825110739593266,5.529192787901643,False,False,True
original,3636638817,10,UNCHANGED,0,6.050320020285059,1,-6.979601043339301,-0.5530105005372655,-4.092792408937634,9.312962987886289,False,False,True
original,3644a684f9,2,UNCHANGED,0,18.590473833665264,2,3.344999252624234,-1.3264281319132605,2.148268535466415,4.629145335498103,False,False,True
original,3644a684f9,3,UNCHANGED,0,5.385365201461114,1,0.6169434554082045,-0.01744966423777477,0.5213892872647964,0.8741473587522504,False,False,True
original,36660e5985,9,UNCHANGED,0,6.594074055844071,1,-0.37340455728422056,-0.40158164449218403,-0.8671150414060975,0.8856039392260033,False,False,True
original,36660e5985,10,UNCHANGED,0,5.106017048902243,1,0.9807783507997101,-0.7678526838599233,-2.8714963769789006,2.644925869304979,False,False,True
original,36660e5985,12,UNCHANGED,0,8.053003141328436,1,-1.5856239855206695,1.2967408538040834,0.9410983260017332,2.346371765861549,False,False,True
original,36660e5985,13,UNCHANGED,0,12.215403313889418,2,0.16992207358585176,-8.848935669967744,13.647531087686295,12.79667961724728,False,False,True
original,36660e5985,14,UNCHANGED,0,5.170657038185259,1,-1.110533890209581,-0.5006654018761445,-1.3044467095363617,1.7717717284460255,False,False,True
original,36660e5985,15,UNCHANGED,0,5.039697632622966,1,-1.0679455060603231,0.16482646550077776,-1.7916580714397468,1.9485714959284046,False,False,True
original,36660e5985,16,UNCHANGED,0,7.457377891529666,1,-0.30885017402069936,0.915299240116272,0.5779703951245333,0.9316684478497262,False,False,True
original,36660e5985,17,UNCHANGED,0,5.039697632622966,1,-0.20807050776807046,-0.8470036049408793,0.11542410166749206,0.7166133886294688,False,False,True
original,36660e5985,18,UNCHANGED,0,4.829461462108396,0,-0.6890114316408926,-0.8266747706367116,0.1886949657921337,1.0866386215650998,False,False,True
original,36660e5985,19,UNCHANGED,0,5.106017048902243,1,-2.407118677347853,-1.1583653731710566,-0.6587936124783002,3.1846665394740112,False,False,True
original,36660e5985,21,UNCHANGED,0,3.713280964441279,0,-6.172445291716713,-2.081424274533671,-5.044488930877532,8.83252933541273,False,False,True
original,37a749d808,1,UNCHANGED,0,9.922168458358616,1,-2.1211027878585127,0.8522914225391842,-0.584522979772876,2.772287665738877,False,False,True
original,37a749d808,2,UNCHANGED,0,9.025419736776385,1,-5.3098317102947705,-12.26071859268235,-14.21696471796191,16.173168473493323,False,False,True
original,37a749d808,3,UNCHANGED,0,6.719022051647255,1,5.1817782371988645,0.6792662149616508,0.15396320344490486,6.500046876353901,False,False,True
original,37a749d808,4,UNCHANGED,0,8.29461798043701,1,-16.56316024152011,-12.255632615640287,5.741520796111056,23.254923496927134,False,False,True
original,37a749d808,5,UNCHANGED,0,9.79878944697832,1,-2.470566390804811,-0.21876529518141372,3.0971208687342053,3.9417686179315594,False,False,True
original,37a749d808,6,UNCHANGED,0,4.978430818668258,0,32.660160125417335,-8.776107565323272,-27.338526878599016,46.67917435211998,False,False,True
original,37a749d808,7,UNCHANGED,0,12.093208577052522,2,-5.266027895265824,-0.9604647945582062,-0.8212495077811051,6.656749175272348,False,False,True
original,37a749d808,8,UNCHANGED,0,7.4367878337288,1,22.249762452592016,-0.7357547944088406,-13.82852460069718,29.881304123698833,False,False,True
original,37a749d808,9,UNCHANGED,0,10.29123154308241,2,-4.467659671565343,-1.151538603103244,1.5905906213719714,5.794072099572251,False,False,True
original,37a749d808,10,UNCHANGED,0,10.076423715107587,2,24.855176639109413,-3.9498686775291705,22.562391215010862,35.94021010786758,False,False,True
original,37a749d808,11,UNCHANGED,0,10.872649770574323,2,-0.9675995021019161,0.7709880541638824,-0.16550616636640406,1.357392946808806,False,False,True
original,37a749d808,12,UNCHANGED,0,9.004332230650494,1,-15.014870639007814,-14.443325621687244,3.7725340507134146,22.098945395134283,False,False,True
original,37a749d808,13,UNCHANGED,0,8.765549792881169,1,27.816410891516693,-7.14202682863441,-26.321326549168838,40.88266141686952,False,False,True
original,37a749d808,14,UNCHANGED,0,13.147085450418155,2,-14.878398348172505,5.645534738494351,-5.256655787089076,19.558323299778117,False,False,True
original,37a749d808,15,UNCHANGED,0,3.951383159352449,0,-4.168930771364694,-1.6003433296341993,0.9425216812176442,5.410305883810151,False,False,True
original,37a749d808,16,UNCHANGED,0,6.358364158107075,1,-5.623973073391244,-2.0811804175974027,-2.10663754320052,7.404394479024149,False,False,True
original,37a749d808,17,MERGING,0,22.65949606742132,3,-0.35504292324874315,-7.443538815889082,16.00028467147121,13.905526689036352,False,False,True
original,37a749d808,18,UNCHANGED,0,11.528181814349875,2,-11.121287635825002,49.84948420837036,-22.765312691822036,45.07346879088542,False,False,True
original,37a749d808,19,UNCHANGED,0,10.143490073260502,2,8.054021961117929,-3.2230926660059933,-15.901478258750926,16.28190351685255,False,False,True
original,37a749d808,20,UNCHANGED,0,9.310834633365618,1,14.899714852233682,-10.184561571393223,-25.19856439010275,28.380035711944487,False,False,True
original,37a749d808,21,UNCHANGED,0,20.394671319743452,3,-94.74271083394278,54.98232515019566,34.62240084868765,128.90093897393956,False,False,False
original,37a749d808,22,UNCHANGED,0,8.897382300093597,1,0.11604200504618803,-2.1414180854716647,-0.8478881491062091,1.8071137789106266,False,False,True
original,37a749d808,23,UNCHANGED,0,6.272429783885505,1,25.670489780837283,-5.982449759124949,-36.68070751369099,43.46335559494971,False,False,True
original,37a749d808,24,UNCHANGED,0,7.61824402349885,1,-1.2986005672022203,0.48461674408848227,-0.5521666829449496,1.7227865460363945,False,False,True
original,37a749d808,25,UNCHANGED,0,10.635567829307698,2,-10.967858983689666,4.846703958860752,1.8118899963853219,14.294449340404277,False,False,True
original,37a749d808,26,UNCHANGED,0,4.684882767658506,0,-16.132115718994555,-9.028149685216164,-9.674074120201709,22.685011829223676,False,False,True
original,37a749d808,27,UNCHANGED,0,10.605180327040994,2,-14.084773966468537,-4.374618265310137,-8.564360124143551,19.16517473110445,False,False,True
original,37a749d808,28,UNCHANGED,0,5.591328839350449,1,-0.37570730770041794,-1.9748145229288832,-1.255187408944133,1.8921198376798536,False,False,True
original,37a749d808,29,UNCHANGED,0,9.38924535341764,1,22.069609453768543,5.496855955749783,-31.70318684325173,37.48552205717206,False,False,True
original,37a749d808,30,UNCHANGED,0,5.302590163520498,1,-0.5460727798624248,-14.984076623697774,-10.831711643702135,14.507026420025529,False,False,True
original,37a749d808,31,UNCHANGED,0,3.8384241018130365,0,21.503971523555265,-11.708929506779604,18.798512998174814,32.033522529038805,False,False,True
original,37a749d808,32,UNCHANGED,0,11.489366093507117,2,-11.562291154059427,2.128086007968249,-5.211898679152384,15.118125799165885,False,False,True
original,37a749d808,33,UNCHANGED,0,7.044632901581901,1,-2.1520728589855707,-7.958740627625699,-5.84100996487469,8.192146420067477,False,False,True
original,37a749d808,34,UNCHANGED,0,8.675409217505516,1,-12.400439211062666,-23.09134885136906,1.307752498921498,23.802714325366757,False,False,True
original,37a749d808,35,UNCHANGED,0,6.093118457118105,1,0.4132428003870018,-0.9828349914111875,3.45778255627461,2.8808074084615303,False,False,True
original,37a749d808,36,UNCHANGED,0,4.761697777152792,0,10.138332622470807,-0.96272232798476,0.13247548250500688,12.69563122390347,False,False,True
original,37a749d808,37,UNCHANGED,0,13.176762944913843,2,-4.221901856188038,-0.7298560422108362,0.4090553069257104,5.317875093482384,False,False,True
original,37a749d808,38,UNCHANGED,0,10.193213858428397,2,-0.5540168669885815,-0.14910515307220001,0.2701425235135904,0.7338773877616561,False,False,True
original,37a749d808,39,UNCHANGED,0,8.48928374585096,1,29.2412051118906,4.908992989660759,-44.979047173946405,51.08955828329734,False,False,True
original,37a749d808,40,UNCHANGED,0,7.246016230160225,1,5.698689584854355,-1.5235630676889385,-2.068625631902077,7.404191638408653,False,False,True
original,37a749d808,41,MERGING,0,22.65949606742132,3,4.5444714612955295,-4.013132026456775,-16.800089714756613,14.757874510227708,False,False,True
original,37a749d808,42,UNCHANGED,0,4.908302733509689,0,6.83124923606556,0.3531263896885844,-1.4605346311448633,8.620879938355737,False,False,True
original,37a749d808,43,UNCHANGED,0,10.419086001923787,2,-2.312120086090613,-0.4936715205268561,-0.4642013290735613,2.938667182881844,False,False,True
original,37a749d808,44,UNCHANGED,0,8.037651781563723,1,-4.496565411050847,-13.844844165978538,2.419418693732317,12.335050580441617,False,False,True
original,37a749d808,45,UNCHANGED,0,8.090359200903032,1,4.427229264734342,-4.683912627791315,15.791606960691524,14.115544600930187,False,False,True
original,37a749d808,46,UNCHANGED,0,5.6988806636959985,1,16.39225246618232,-15.169918035003102,6.916097361650999,24.289871242265715,False,False,True
original,37a749d808,47,UNCHANGED,0,6.272429783885505,1,8.380204502985247,-8.171147044126675,14.75003103768174,16.90841312630853,False,False,True
original,37a749d808,48,UNCHANGED,0,7.1467432276028795,1,3.4554801688626866,-0.4882970317117208,-0.6131256329792854,4.363054167615887,False,False,True
original,37a749d808,49,UNCHANGED,0,5.591328839350449,1,11.411188154228375,0.408245864346135,-9.279585967700418,16.036479083843684,False,False,True
original,37a749d808,51,UNCHANGED,0,82.96535511840399,5,-30.032824628685376,122.2355249003283,13.999030173228133,103.17496231670147,False,False,False
original,37a749d808,52,UNCHANGED,0,11.553914448422155,2,-6.539059425692881,1.0904225426891154,-1.460659855116378,8.29848332666979,False,False,True
original,37a749d808,53,UNCHANGED,0,11.489366093507117,2,24.504626937660145,-9.368885875865152,-6.4251734994528285,31.898029762418286,False,False,True
original,37a749d808,54,UNCHANGED,0,8.465437317578214,1,-12.754754731824665,-10.823051324828603,-10.031882517412527,19.705150378283275,False,False,True
original,37a749d808,55,UNCHANGED,0,6.719022051647255,1,-5.448394338918229,-5.234218940635341,-5.497387487622594,9.050266257150943,False,False,True
original,37a749d808,56,UNCHANGED,0,4.605462632154227,0,11.152298086272026,-5.551870448281377,9.424736436321417,16.383858368311646,False,False,True
original,37a749d808,57,UNCHANGED,0,13.816387896462683,2,9.695926789924352,-2.6556979087111117,-5.576141821735691,13.059492367864827,False,False,True
original,37a749d808,58,UNCHANGED,0,4.1597261570989374,0,-5.874653230627473,2.628339500728885,-2.0469184755276815,7.793991050451011,False,False,True
original,37a749d808,59,UNCHANGED,0,11.397761327391997,2,-7.088009535311334,-3.283458633351482,1.098644845233017,9.26430017403668,False,False,True
original,37a749d808,60,UNCHANGED,0,3.590069854514727,0,12.14650467833494,-25.292351724278365,-1.334506732232907,24.93652001974347,False,False,True
original,37a749d808,61,UNCHANGED,0,9.12940837625876,1,-1.0689636828537004,-1.2788928786988432,0.33089041233246236,1.6885596498936006,False,False,True
original,37a749d808,62,UNCHANGED,0,20.14440467789482,3,-3.9893632822289646,-1.181302286873187,5.2801222927439,6.563085903623388,False,False,True
original,37a749d808,63,UNCHANGED,0,8.831958004497459,1,-2.4020518223555656,1.2501081800333829,-0.38395466980778686,3.1718128988104137,False,False,True
original,37a749d808,64,UNCHANGED,0,4.978430818668258,0,-8.988979478325632,-1.3340124955110735,3.781055408263241,11.672104114640447,False,False,True
original,37a749d808,65,UNCHANGED,0,4.437840640742517,0,-7.714939216836546,-3.3315917890972604,-3.3900611415672843,10.340456698701251,False,False,True
original,37a749d808,66,UNCHANGED,0,7.61824402349885,1,1.9724050722465563,0.02489090495247722,-0.36180696374293997,2.4820536018534467,False,False,True
original,37a749d808,67,UNCHANGED,0,6.442036439699347,1,-6.309035711056299,-9.654012636402289,0.5451675863555543,10.919111774995775,False,False,True
original,37a749d808,68,UNCHANGED,0,10.242457201771957,2,-4.7682888357303,-1.8838372955743432,-1.3461296306514,6.230458096008783,False,False,True
original,37a749d808,69,UNCHANGED,0,7.676848203626073,1,-14.325697566039457,-3.0778800608530013,-11.475775299591822,20.209535049558397,False,False,True
original,37a749d808,70,UNCHANGED,0,6.642226502291261,1,0.10260495272882508,1.3744730215559797,0.7834821039297105,1.2453530806150261,False,False,True
original,37a749d808,71,UNCHANGED,0,8.720712436945933,1,0.642799551420626,0.6091269593488174,2.0203728676680024,1.847430961659205,False,False,True
original,37a749d808,72,UNCHANGED,0,7.984243880193833,1,-4.552791918928006,-1.1653824053650592,-2.2480446642959366,6.030074733015849,False,False,True
original,37a749d808,73,UNCHANGED,0,11.237208091623984,2,-14.81055127197585,2.5245660131089487,-1.3296663071541706,18.64742183487091,False,False,True
original,37a749d808,74,UNCHANGED,0,12.70612219927013,2,-0.05576776787345352,0.06834442039114609,-1.276796866069239,1.0112114783914194,False,False,True
original,37a749d808,75,UNCHANGED,0,4.8361113242980664,0,12.596001693898462,-28.914578539739153,2.938244663930463,27.626782740213415,False,False,True
original,37a749d808,76,UNCHANGED,0,5.645616980519994,1,-10.94984927096416,-11.717553638083778,-12.267753544378339,19.09918372669446,False,False,True
original,37a749d808,77,UNCHANGED,0,12.566601135650222,2,14.436720877207222,-2.457239770326234,4.292342911131299,18.460957822633148,False,False,True
original,37a749d808,78,UNCHANGED,0,13.77135371812287,2,13.612101281484149,16.27814760708084,-7.170063137136764,21.980548610057745,False,False,True
original,37bc1b6433,1,UNCHANGED,0,44.35096882120764,4,1.714890635404481,1.6020167498696323,1.37387959505556,2.708422701390822,False,False,True
original,37bc1b6433,2,UNCHANGED,0,22.772946650717632,3,-3.555844309963459,7.6267220465696175,-4.656997374349905,8.290767789535083,False,False,True
original,37bc1b6433,3,UNCHANGED,0,18.112190289071727,2,-0.27944892824224327,-5.938668877540763,-6.899111095294589,7.1599289419659495,False,False,True
original,37bc1b6433,4,UNCHANGED,0,10.098313532463935,2,-5.662671772523117,-4.480312806071031,3.4052124342273697,8.34057483989128,False,False,True
original,37bc1b6433,6,UNCHANGED,0,10.783188899340837,2,0.12880491131345478,-0.3877447646858893,0.5220019847888901,0.5359631302635254,False,False,True
original,37bc1b6433,7,UNCHANGED,0,31.726927811657337,4,6.993707363098315,-9.447519610188571,10.820565455759779,14.274277809482076,False,False,True
original,37bc1b6433,13,UNCHANGED,0,10.504296621155886,2,0.6011672397305347,2.620968394667385,3.165376152907614,3.3154514032296913,False,False,True
original,37bc1b6433,15,UNCHANGED,0,5.518288719570262,1,-0.4629868466583275,0.16522941353480533,-0.03392182939875914,0.5935497105175951,False,False,True
original,37bc1b6433,16,UNCHANGED,0,6.674200468707143,1,-4.5960897700491845,-3.264315379357193,2.376869127112339,6.559180276463557,False,False,True
original,37bc1b6433,18,UNCHANGED,0,39.116565919771936,4,-0.5323050641797522,-1.0563561115559945,-7.09103596511998,5.694337010625031,False,False,True
original,37bc1b6433,19,UNCHANGED,0,51.71731057937884,5,-7.226925691825693,-6.720823873203226,0.292707387197178,10.450450431841272,False,False,True
original,37bc2f75bf,2,UNCHANGED,0,4.874234491686858,0,3.5782236980515565,-0.39171735728758494,1.181433425845949,4.579110931381955,False,False,True
original,37bc2f75bf,5,UNCHANGED,0,8.471484483264037,1,2.7270826710973095,2.146166791866367,-4.146331005107937,5.01320254852126,False,False,True
original,37bc2f75bf,9,UNCHANGED,0,9.704753288448725,1,6.390609561616316,7.636353870121771,11.091993417893526,13.26543386614073,False,False,True
original,37bc2f75bf,17,UNCHANGED,0,6.141150638199909,1,-2.852021251902329,-1.3176401734895957,1.9584259216567699,4.0194590245781825,False,False,True
original,37bc2f75bf,22,UNCHANGED,0,9.276258540781452,1,0.1555908767743631,-5.3865703548078905,-0.6099824948941075,4.238815460400931,False,False,True
original,37bc2f75bf,23,UNCHANGED,0,11.301312492842678,2,0.641115470574573,1.6116667282785297,0.42439435059987346,1.529284367012733,False,False,True
original,37bc2f75bf,25,UNCHANGED,0,7.895313790731248,1,0.3922735244026171,0.11875157031101169,1.242005107952678,1.099692319444511,False,False,True
original,37bc2f75bf,28,UNCHANGED,0,13.079350048732085,2,1.0116215759310534,0.911377712564215,-1.3241645487556857,1.788072536442495,False,False,True
original,37bc2f75bf,30,UNCHANGED,0,6.708540224618307,1,-12.46549014483927,-11.535925186725263,-3.198131354100088,18.175085818519403,False,False,True
original,37bc2f75bf,38,UNCHANGED,0,9.195450789200757,1,1.8675585711901703,-0.9145689705519816,-4.391932965847907,4.238831963628491,False,False,True
original,38af86134b,1,UNCHANGED,0,34.9348798303751,4,11.010384327970405,6.901557401079565,20.797851984801536,22.084946122931488,False,False,True
original,38af86134b,2,UNCHANGED,0,4.0510224444360565,0,-0.22400171171552757,0.06971488767249526,0.5801741771228266,0.539358480494856,False,False,True
original,38af86134b,3,UNCHANGED,0,5.404877484871389,1,0.08540529398208037,-1.867393238237429,1.2247420282114239,1.7527704412102325,False,False,True
original,38b18881fc,1,UNCHANGED,0,10.924163042865858,2,5.172072308501583,10.834620528544257,2.4591304506638743,10.8242640413776,True,True,False
original,38b18881fc,2,UNCHANGED,0,90.16122609559372,5,31.59861072414995,0.6820307914211694,14.598600033947637,41.14690358560479,True,True,False
original,38b3eff8ba,3,UNCHANGED,0,4.258919875892125,0,-11.982734209475007,-3.2830334553876948,-7.371623559861916,16.271313925062206,False,False,True
original,38b3eff8ba,4,UNCHANGED,0,4.809356456798409,0,3.481907420120251,-1.0343647461381118,5.102551581729018,5.9836301348667025,False,False,True
original,38b3eff8ba,5,UNCHANGED,0,4.671870328315728,0,3.1675243218259537,-11.358353215558218,-2.387022545219339,9.89526867053492,False,False,True
original,38b3eff8ba,6,UNCHANGED,0,4.809356456798409,0,-14.104709064614099,-24.315409910339884,-0.03725208549023094,25.912966742936888,False,False,True
original,38b3eff8ba,13,UNCHANGED,0,6.646005074335633,1,-11.26197596875079,-1.1617768920897298,-1.6058366249586584,14.16346505490635,False,False,True
original,38b3eff8ba,14,UNCHANGED,0,4.896818406795263,0,-6.798969386101135,7.231578041649547,9.522807359355593,12.671979268746622,False,False,True
original,38b3eff8ba,19,UNCHANGED,0,5.7336266724407645,1,-6.8545187171441855,0.15554496440784663,3.9899036732754856,9.12896722184494,False,False,True
original,38b3eff8ba,22,UNCHANGED,0,5.329888945854208,1,1.267929828667684,-4.340417808016821,2.9291435110420023,4.398215215429705,False,False,True
original,38b3eff8ba,27,UNCHANGED,0,23.596660931540097,3,-13.096221484340765,20.34157226322948,21.730593125642866,28.53666769647925,False,False,True
original,38b3eff8ba,28,UNCHANGED,0,5.062937469074885,1,2.6748548001877,3.136250131719965,5.098287445321657,5.775808609566553,False,False,True
original,38b3eff8ba,34,UNCHANGED,0,8.020934265527242,1,3.8435063203959317,-2.8305415936658984,2.9808260898501944,5.787951499943102,False,False,True
original,38b3eff8ba,39,UNCHANGED,0,4.718592131068301,0,-13.013971705476411,8.835324256150786,2.002031723260816,17.74093879134665,False,False,True
original,38b3eff8ba,42,UNCHANGED,0,4.671870328315728,0,6.2493366142048785,2.8797555455179933,8.071792124329935,10.326675558956632,False,False,True
original,38db3aed92,1,UNCHANGED,0,9.68817573538304,1,1.3300341505622555,-5.1165493063009,4.476911945541371,5.586527629721151,True,False,True
original,38db3aed92,2,UNCHANGED,0,12.998304540993072,2,0.9793389488136655,-0.062368595870538154,-0.09793454240973934,1.2275767075430148,True,False,True
original,39059724f7,2,UNCHANGED,0,2.8141400085700154,0,-0.13781926569317876,1.0171053675104518,-2.597690985677701,2.204870924043173,True,False,True
original,39059724f7,3,MERGING,0,103.92727135285172,5,12.353065048040936,-51.60072040879508,-7.6439035612117445,43.57649898479511,True,False,True
original,39059724f7,5,UNCHANGED,0,4.114297651436616,0,0.07687979734450892,-0.4836231504900084,0.13283631373295307,0.4035894570273605,True,False,True
original,39059724f7,6,MERGING,0,103.92727135285172,5,19.647463129973676,-41.55137069718322,-68.52516719697148,67.67155429777581,True,False,True
original,39059724f7,7,UNCHANGED,0,7.2536382684756955,1,2.0082308189578724,0.01721469922219388,-2.1127742094837325,3.013394717300247,True,False,True
original,39059724f7,8,UNCHANGED,0,8.1872448798519,1,-1.8692500023558296,0.1715318143086787,0.41751080599863283,2.363469109260981,True,False,True
original,39059724f7,9,UNCHANGED,0,16.234768872579963,2,0.2843117564840213,-0.18239860866886823,-0.5672415279557455,0.5889813038418905,True,False,True
original,39059724f7,10,MERGING,0,103.92727135285172,5,2.3493682605057074,2.1111519179069838,13.04508757548172,10.829585510766483,True,False,True
original,39059724f7,11,MERGING,0,103.92727135285172,5,30.31842269179897,-4.423711823386164,-45.75882531796581,52.45641165636577,True,False,True
original,3988c7f88e,1,UNCHANGED,0,13.042289108958538,2,-27.172029678692798,8.47980770934382,6.519422209468694,34.98489991391216,True,True,False
original,3988c7f88e,2,UNCHANGED,0,9.807323537117648,1,59.03442628298907,3.347479918360859,21.853508446376615,75.82577183374083,True,True,False
original,3988c7f88e,3,UNCHANGED,0,5.813933904023593,1,45.81304217858813,-9.805008793670403,20.7954072466555,60.06062386671119,True,True,False
original,3988c7f88e,7,UNCHANGED,0,13.084939147997133,2,22.928781572142135,10.397827738873442,27.354910331494704,36.78619797142142,True,True,False
original,3988c7f88e,8,UNCHANGED,0,15.299263915622989,2,35.90265687896308,-1.42799316063125,-60.551624355830086,65.55745778681332,True,True,False
original,3988c7f88e,9,UNCHANGED,0,7.561552708132379,1,0.6520671003482448,-0.47673661353451924,-0.1515241541327001,0.904038235579231,True,True,False
original,3988c7f88e,12,UNCHANGED,0,18.131906436571665,2,36.10237852809432,10.808956605487738,24.85616571575849,49.92403606460264,True,True,False
original,3988c7f88e,15,UNCHANGED,0,8.587272666035911,1,-1.3480428991319968,1.0255387941545617,-1.4739213904934874,2.1984794890313393,True,True,False
original,3988c7f88e,17,UNCHANGED,0,14.540861525547657,2,20.296918117207042,-15.120405488262277,48.18045600444497,47.20425352644538,True,True,False
original,3988c7f88e,18,UNCHANGED,0,5.726493042920507,1,47.296139172809134,21.819215513666343,20.390259641460982,63.59563733628362,True,True,False
original,3988c7f88e,19,UNCHANGED,0,11.06249659891578,2,51.6224304778862,23.51478984852782,-18.219025018824464,68.61324928919173,True,True,False
original,3988c7f88e,20,MERGING,0,65.18439125566861,5,45.43116655172548,11.238822323739402,-32.32850690188799,62.870084099584126,True,True,False
original,3988c7f88e,21,UNCHANGED,0,8.12894695106154,1,-14.062894200890673,-2.9604336051949502,-7.174398844617309,18.611716802610026,True,True,False
original,3988c7f88e,22,UNCHANGED,0,5.898820826184706,1,33.08029501100309,-10.151628201077106,20.521323069965508,45.10955371170165,True,True,False
original,3988c7f88e,28,UNCHANGED,0,15.67552568375827,2,49.353699063182624,1.37787702081004,-31.711979454998822,66.58163561467046,True,True,False
original,3988c7f88e,30,UNCHANGED,0,5.590095783249134,1,8.064328342085286,19.082382885429958,-8.142886249045445,19.10501235509537,True,True,False
original,3988c7f88e,32,UNCHANGED,0,11.766181125283811,2,44.393943166128814,14.594365369903915,21.371262491816665,59.10713300556755,True,True,False
original,3988c7f88e,33,UNCHANGED,0,8.301495767063257,1,29.563744956044957,-39.8140622692816,-30.342459662058847,53.90424081145879,True,True,False
original,3988c7f88e,35,UNCHANGED,0,8.301495767063257,1,-16.465166586302143,15.754007031467756,8.816927172958613,24.967489631690505,True,True,False
original,3988c7f88e,38,UNCHANGED,0,6.7683898961382125,1,4.705074439812506,3.4289626988922395,1.6317188614228941,6.589343871340692,True,True,False
original,3988c7f88e,39,UNCHANGED,0,15.110364799099699,2,-0.5789303071676158,-2.56147624636211,1.1253744601048967,2.3052424493238663,True,True,False
original,3988c7f88e,41,UNCHANGED,0,3.742194311422364,0,-10.450822738368743,-0.6244213545450211,9.958727318884328,15.252307959701236,True,True,False
original,3988c7f88e,44,MERGING,0,65.18439125566861,5,55.00898439412613,-9.20932398523697,-6.908656248032432,69.350928271473,True,True,False
original,3988c7f88e,46,UNCHANGED,0,5.813933904023593,1,-2.2899835197050153,-1.5699076551918698,-1.8040012182207708,3.4238938886020747,True,True,False
original,3988c7f88e,48,UNCHANGED,0,7.21492912685209,1,29.283525804040142,-28.182923363776275,-34.664314321928394,50.71874509286642,True,True,False
original,3988c7f88e,49,UNCHANGED,0,8.626574232658168,1,1.0535275724456141,-1.6236033051503989,1.099171992354205,2.0234322493103756,True,True,False
original,3994f23bfb,15,UNCHANGED,0,13.891810940223788,2,-1.4793042683505064,3.2016035646832446,6.239722505680176,5.823131716620826,True,False,True
original,3994f23bfb,17,UNCHANGED,0,5.791608124969665,1,0.24733350454209813,0.11685135964020825,-0.13739579126939583,0.340094720228842,True,False,True
original,3b8a614226,3,UNCHANGED,0,6.180194672352063,1,3.508582038433815,-11.396286722651434,0.9792291174477238,9.952408456717937,False,False,True
original,3b8a614226,4,UNCHANGED,0,6.401100593018397,1,-1.9099756150625353,0.26230052981594115,1.531364533744118,2.683623830626931,False,False,True
original,3cec07e9ba,1,UNCHANGED,0,16.568849533685047,2,-1.986174688173628,0.03911369110237912,2.590729694933259,3.2160705981893813,False,False,True
original,3cec07e9ba,2,UNCHANGED,0,21.01012629833593,3,-0.9554095658735605,1.0926544108668408,-3.4324788066048404,3.08041832570195,False,False,True
original,3cec07e9ba,3,UNCHANGED,0,4.395396554534389,0,3.2162309090814913,-1.0608605643530786,-1.9434340256653944,4.381827018523475,False,False,True
original,3cec07e9ba,5,UNCHANGED,0,6.687294627724213,1,-0.32886231185684667,0.576308221111415,-0.17550716087306642,0.6250979576207689,False,False,True
original,3def184ad8,1,UNCHANGED,0,10.567984235501498,2,2.9351361102568716,0.2132449865642648,-0.2822542305249771,3.6794437968409053,False,False,True
original,3def184ad8,2,UNCHANGED,0,3.6637155084223685,0,0.7593691840939073,-0.2581514491289811,0.42868692293495464,1.0276447760647816,False,False,True
original,3def184ad8,3,UNCHANGED,0,7.258946346396815,1,0.3399103564201596,-0.38497084707184265,0.07895356379326679,0.5242214524962712,False,False,True
original,3def184ad8,4,UNCHANGED,0,6.895376585991248,1,1.6435520108905166,0.2947683956031425,-0.08456170586496924,2.0683746660013185,False,False,True
original,3fe94a0023,1,UNCHANGED,0,5.374988472152324,1,-5.144997133716629,-0.2693660037046759,1.305212366592899,6.516571334540143,False,False,True
original,3fe94a0023,3,UNCHANGED,0,7.592192423325035,1,-1.575397444992177,-1.3711291584782042,1.4772313639064347,2.52648566720253,False,False,True
original,3fe94a0023,7,UNCHANGED,0,4.471543131066463,0,-3.039645225391587,-1.2207599917007146,-0.535604065912975,3.940077525769388,False,False,True
original,3fe94a0023,9,UNCHANGED,0,10.54239634302731,2,4.232005515813876,2.0124478504579337,5.324761618080804,6.93576772266267,False,False,True
original,3fe94a0023,10,UNCHANGED,0,4.964368445748457,0,0.8491097990342951,0.6545245722400873,-0.11932810556685121,1.1818273379727395,False,False,True
original,3fe94a0023,11,UNCHANGED,0,4.623235207465468,0,0.6909201135196554,-0.5011393125353433,-0.8850732789997436,1.1775959844070247,False,False,True
original,3fe94a0023,12,UNCHANGED,0,4.391677012037953,0,-0.8441367540753617,0.19585633539757358,-0.4514963525321154,1.124136956839729,False,False,True
original,3fe94a0023,13,UNCHANGED,0,4.623235207465468,0,-7.050935024659725,-1.5264073204926292,-1.7993701649299771,9.006523972548154,False,False,True
original,3fe94a0023,15,UNCHANGED,0,6.772061119006995,1,-1.5429896963121337,-4.377398981929585,4.208921183936077,5.141579458920255,False,False,True
original,3fe94a0023,17,UNCHANGED,0,4.222596189027107,0,-1.1550043418128553,3.325652036059367,1.4063547149567865,3.1720368581717886,False,False,True
original,3fe94a0023,19,UNCHANGED,0,5.088528769859745,1,0.06149991113475153,-0.02025263726370341,0.618487122101028,0.494257628380869,False,False,True
original,42a0e188f5,6,UNCHANGED,0,8.423067718718656,1,1.0511267296968072,2.1604175103554026,1.5620239239947213,2.4682362669965694,False,False,True
original,42a0e188f5,10,UNCHANGED,0,8.077109240917629,1,-0.4042355964333183,0.46310375596872466,-0.2772009880659233,0.6587659844692099,False,False,True
original,432aca3a1e,15,UNCHANGED,1,10.18641004506411,2,-7.021450053880642,-0.051733802097176054,-1.3729758282482785,8.84350396641554,False,False,True
original,441954d29a,1,UNCHANGED,0,4.785937303365614,0,-0.8400807274045746,-0.3075578619963022,-0.30406932441289347,1.1036151478322815,False,False,True
original,441954d29a,2,UNCHANGED,0,11.880346320245595,2,-0.17267194572941663,-0.0359362591876307,-0.47295488702003924,0.43200002749401784,False,False,True
original,441954d29a,3,UNCHANGED,0,4.180901333672923,0,-0.5129676917390953,0.37515742588147694,-0.34277264784267225,0.7550758128364583,False,False,True
original,441954d29a,6,UNCHANGED,0,5.916104123214199,1,-2.293276595325165,0.5628185492225666,1.9162505439358544,3.2705492580490247,False,False,True
original,441954d29a,7,UNCHANGED,0,6.447040455516588,1,10.23816040859408,6.353528867307114,13.51111460582482,17.3794412729612,False,False,True
original,441954d29a,9,UNCHANGED,0,8.283650406518378,1,0.7967952522755695,0.4816242563764504,-0.5031399154748212,1.1362583140847218,False,False,True
original,441954d29a,10,UNCHANGED,0,7.620578063209366,1,9.798449347898487,8.786804417896526,11.268614636344683,16.617990317351218,False,False,True
original,441954d29a,11,UNCHANGED,0,7.735363033971082,1,14.894914819947848,3.9087345678365293,9.98144644599288,20.44490917622538,False,False,True
original,45fbc6d3e0,1,UNCHANGED,0,10.117837644222144,2,-2.8692071772169356,-2.5827401454256105,2.167150955877808,4.455952953473243,False,False,True
original,45fbc6d3e0,2,UNCHANGED,0,11.807588716019396,2,1.2309570829262384,0.7260430160695105,-0.1942285681986203,1.6469987287486443,False,False,True
original,45fbc6d3e0,3,UNCHANGED,0,7.853637057383848,1,0.5756712018969665,-0.7000184780772536,-5.095225445348659,4.120457904840553,False,False,True
original,45fbc6d3e0,4,UNCHANGED,0,6.97057504473493,1,-0.45563580984327245,0.48633042412102656,-0.12375200680210978,0.6915064630672224,False,False,True
original,45fbc6d3e0,5,UNCHANGED,0,15.286388248957127,2,-1.8393342697328308,-3.2380459510845063,6.239104621349513,5.99283706867686,False,False,True
original,45fbc6d3e0,6,UNCHANGED,0,12.739593127028192,2,-0.057589095616037866,1.6212193219679534,-1.0009842632191597,1.4940285668777729,False,False,True
original,45fbc6d3e0,7,UNCHANGED,0,6.539159134282689,1,0.10198618361050649,0.9471903254751288,-0.7029972192101261,0.9333505806561394,False,False,True
original,45fbc6d3e0,9,UNCHANGED,0,8.296440269305979,1,1.3658439294146092,2.2141249019418283,-0.740215558751103,2.4992444736939894,False,False,True
original,46ba9f2a69,1,UNCHANGED,0,10.13091716212678,2,0.6233661946769644,3.314315699862539,2.1903143818101345,3.208414960896167,False,False,True
original,46ba9f2a69,2,UNCHANGED,1,8.441525337915348,1,1.699946002411707,-0.05729082633945851,-2.697461418585099,3.007821230141249,False,False,True
original,46ba9f2a69,3,UNCHANGED,2,20.278781339809516,3,-0.9056103166581124,-11.25773108209998,-3.6138661419878475,9.312138477854948,False,False,True
original,4734ba6f3d,2,UNCHANGED,0,2.8583777389500336,0,0.5358855426529316,-0.7436083522722369,-0.665101238264493,1.0302264207985756,False,False,True
original,4734ba6f3d,3,UNCHANGED,0,3.146051781290976,0,-1.4658591212395549,-0.48773961593118964,-0.3588929203071624,1.892801557559826,False,False,True
original,4734ba6f3d,5,UNCHANGED,0,18.909025329779876,2,1.3441818099626743,0.34588563768391667,0.5933802774886032,1.7650289574960945,False,False,True
original,4734ba6f3d,6,UNCHANGED,0,6.544051416746986,1,-0.528891983457811,-0.0253694100879169,-0.2979898800835636,0.7019573998934044,False,False,True
original,4734ba6f3d,7,UNCHANGED,0,2.8583777389500336,0,1.0126747414535202,0.27809781031094166,0.09743738967220349,1.2866402863769322,False,False,True
original,4734ba6f3d,8,UNCHANGED,0,7.373634599906407,1,-1.8235326235713216,-0.3802107814728913,-1.049931861678631,2.4433895988519803,False,False,True
original,4734ba6f3d,9,UNCHANGED,0,6.482888479335511,1,-1.452836278966879,0.40715748107726574,-0.014895358586621228,1.843712684729981,False,False,True
original,4734ba6f3d,10,UNCHANGED,0,7.0753783480256125,1,1.1657640438922499,2.675398777959769,1.5107873306918547,2.81252393562722,False,False,True
original,4734ba6f3d,13,UNCHANGED,0,4.941473098584475,0,0.6923680956143471,-0.5060145325825117,0.2286031643657272,0.9683670492305557,False,False,True
original,4734ba6f3d,14,UNCHANGED,0,12.510035222801314,2,0.6243116321222487,-6.259303156836179,-3.95630313846012,5.852392772503385,False,False,True
original,4734ba6f3d,15,UNCHANGED,0,13.688767346936991,2,-1.1276640435273293,-0.7594832996109862,-0.24170469180143217,1.5411420797538051,False,False,True
original,4734ba6f3d,16,UNCHANGED,0,6.053791919676864,1,0.7187656777718303,2.0692370712598334,-0.2901581927925521,1.8631510866069994,False,False,True
original,4734ba6f3d,17,UNCHANGED,0,5.095993239050147,1,2.0308798407658286,6.600057234697013,1.9754978632253037,5.953511257266437,False,False,True
original,4734ba6f3d,20,UNCHANGED,0,3.9637768633077624,0,-1.1627898012050537,-0.17989819766669743,1.7622872917275016,2.0163585910757367,False,False,True
original,4734ba6f3d,21,UNCHANGED,0,12.451731948791647,2,0.17524936438389888,12.590773302996288,2.7362183112138125,10.069973746333796,False,False,True
original,47d1e99058,1,UNCHANGED,0,10.314755307247989,2,-0.5005891143529582,0.03818512708960774,-0.48676869221594304,0.734804658551161,False,False,True
original,47d1e99058,2,UNCHANGED,0,11.032982608184525,2,14.80021526017622,16.76983767064398,-7.922444250132909,23.51319508085331,False,False,True
original,47d1e99058,3,UNCHANGED,0,5.989624471048259,1,-0.704018923495687,-0.4208990157080586,0.317075077379205,0.9721553474248685,False,False,True
original,48aedb8880,1,UNCHANGED,0,21.621359801851227,3,0.9234042088024126,-0.7935787431470207,-0.5918377273689097,1.390859540886081,True,False,True
original,48aedb8880,2,UNCHANGED,0,41.62413842935039,4,-2.0258806314943056,-4.154347511524722,-1.0304597407606486,4.195342375085429,True,False,True
original,48aedb8880,3,UNCHANGED,0,14.163924073269527,2,2.5476851675066654,-5.548679053538518,3.7053615799969313,6.121121535150566,True,False,True
original,48aedb8880,4,UNCHANGED,0,49.8030559254414,4,-17.166269689024375,18.429420196796297,1.1773442198383268,25.854805759306384,True,False,True
original,48aedb8880,6,UNCHANGED,0,10.738988933421114,2,-1.7287085841821408,12.64929094870332,17.52144491138824,17.128355402247163,True,False,True
original,49182f81e6,1,UNCHANGED,0,7.896932999391832,1,-0.5236258066181676,0.11939868497420024,0.15618420804533978,0.672527753665908,False,False,True
original,49182f81e6,2,UNCHANGED,0,8.511321387273501,1,-0.5084025183058316,-0.7582133265320588,0.6459519436766676,1.007110965818676,False,False,True
original,49182f81e6,3,UNCHANGED,0,12.686645603645955,2,-0.07184579162239402,-1.4877088363070625,-0.8446020298533955,1.3424437843688153,False,False,True
original,49182f81e6,4,UNCHANGED,0,6.544192957656789,1,-0.12511856043564648,-1.2374255465315265,-0.7314066474305226,1.1364274004678867,False,False,True
original,496e05e1ae,1,UNCHANGED,0,4.906880078370939,0,-0.5138459372630677,-0.7340409313240894,-0.4885166182560548,0.9432811450143048,True,False,True
original,496e05e1ae,2,UNCHANGED,0,3.214915934451429,0,3.9873201992189706,-1.4747074438870509,0.652526086136872,5.141336123582234,True,False,True
original,496e05e1ae,3,UNCHANGED,0,5.6557144985249925,1,0.3623382386024332,-0.5701550926139974,-0.6177952915977162,0.8006381678032917,True,False,True
original,496e05e1ae,4,UNCHANGED,0,3.43731774260119,0,-0.8206657367531534,-0.15087116623165328,-0.3756000704929374,1.0742616295539797,True,False,True
original,496e05e1ae,5,UNCHANGED,0,3.3298304318121685,0,0.0852255169108048,0.2546466166717231,-0.4137566082681458,0.3968300582471494,True,False,True
original,496e05e1ae,6,UNCHANGED,0,4.802446509477631,0,-0.30795361158000106,-0.3874462646846685,-0.3192831038659399,0.5506407723852208,True,False,True
original,496e05e1ae,8,UNCHANGED,0,6.926326414718427,1,0.3701844160451401,-1.893344746345367,-0.4732253973567453,1.5937655533992077,True,False,True
original,496e05e1ae,10,UNCHANGED,0,2.808487756106212,0,1.7582033355264683,0.3194300903319578,-0.13906408510122,2.2145879834799156,True,False,True
original,496e05e1ae,11,UNCHANGED,0,5.76885866837977,1,0.15413134275477205,0.60578569650418,-0.018128682989223495,0.5110433579737802,True,False,True
original,496e05e1ae,12,UNCHANGED,0,5.841889948715872,1,-0.47529927308057723,0.024326739149264382,-0.823181143977095,0.8804439587189645,True,False,True
original,496e05e1ae,13,UNCHANGED,0,6.3697364663579465,1,0.4368827573487124,1.0537455887589737,0.23043960054727045,1.00427819447184,True,False,True
original,496e05e1ae,14,UNCHANGED,0,3.974096652335969,0,-0.1583136367154566,-0.28252439563156617,-0.8836768718908738,0.7576051510565698,True,False,True
original,496e05e1ae,15,UNCHANGED,0,3.974096652335969,0,0.9393305072419935,0.04727258656007861,-0.16589179719390507,1.1820126803842985,True,False,True
original,496e05e1ae,17,UNCHANGED,0,4.264111473919974,0,1.255231146456208,3.815430421108845,1.0801517161570284,3.4738607651660693,True,False,True
original,496e05e1ae,18,UNCHANGED,0,5.537852641693275,1,1.8483250241411724,4.764420093905277,-2.798236934918223,4.904929000616966,True,False,True
original,496e05e1ae,19,UNCHANGED,0,2.9565697655303165,0,10.638096435542911,20.32579998641164,16.618614590349683,24.510236462376742,True,False,True
original,496e05e1ae,20,UNCHANGED,0,3.8117043205829,0,1.1671909084092476,-0.7415908142285886,-0.9824859052181811,1.750715936902043,True,False,True
original,496e05e1ae,21,UNCHANGED,0,3.091140750024676,0,-0.2441922675302976,0.25883548015822844,-0.9055021520871516,0.8027843520163043,True,False,True
original,496e05e1ae,22,UNCHANGED,0,6.575352294918613,1,-0.11791897351054104,0.35782470719977544,-0.11942601666585184,0.32970234695732564,True,False,True
original,496e05e1ae,23,UNCHANGED,0,6.149912941003972,1,0.40047665912877617,0.12160388511516369,0.5920996355561817,0.6912746371521306,True,False,True
original,496e05e1ae,24,UNCHANGED,0,5.196169590268531,1,-0.1470781600188502,0.16081553282451463,-0.6995464590600852,0.5951593985678698,True,False,True
original,496e05e1ae,25,UNCHANGED,0,3.538472842290235,0,-0.6009919443072249,0.16376068173954964,-1.4727972962891747,1.3896219787446122,True,False,True
original,496e05e1ae,26,UNCHANGED,0,5.6557144985249925,1,-0.17010760765256236,0.5084615153895847,-0.18210533587936234,0.4728137180178961,True,False,True
original,496e05e1ae,27,UNCHANGED,0,36.40942931364764,4,-3.254121813547954,-0.23925089242763092,2.320261145995577,4.464540416247568,True,False,True
original,496e05e1ae,28,UNCHANGED,0,8.545110562136422,1,-2.0722275221802873,-16.22341144413994,-11.33359714543729,15.723035114155968,True,False,True
original,496e05e1ae,30,UNCHANGED,0,3.43731774260119,0,10.20941550568391,-18.544481597419978,-6.792254369745474,20.033642555098332,True,False,True
original,496e05e1ae,31,UNCHANGED,0,5.103360936337525,1,8.865847311877634,-6.406375222354647,-0.07006056956851171,12.15954083876923,True,False,True
original,496e05e1ae,32,UNCHANGED,0,6.117200019431929,1,-0.19448536550994505,-1.5284254648195854,-0.824087271977531,1.3808648034461766,True,False,True
original,496e05e1ae,33,UNCHANGED,0,5.877730660933077,1,-0.6996228550109208,0.13350170765084796,-0.7229012950494841,1.0492818059135727,True,False,True
original,496e05e1ae,34,UNCHANGED,0,5.616975512212424,1,-0.4444259093975006,0.058270236904663375,-0.7839001910901762,0.832602039406557,True,False,True
original,496e05e1ae,35,UNCHANGED,0,3.725044483074395,0,0.25994664944732904,1.906901203805275,-12.686182334888,10.124801798035834,True,False,True
original,496e05e1ae,36,UNCHANGED,0,5.49742891849958,1,-1.2171565193696778,-0.32835779761317546,-0.3237896496685458,1.563914029292465,True,False,True
original,496e05e1ae,37,UNCHANGED,0,7.197735931412397,1,-0.6419668560928358,-0.16940951205722746,-0.18576489991247636,0.8263944033705317,True,False,True
original,496e05e1ae,38,UNCHANGED,0,3.538472842290235,0,3.9479056565463906,-0.7187236058571469,-0.5813033655978695,4.987835505378688,True,False,True
original,496e05e1ae,39,UNCHANGED,0,5.456401800554086,1,4.680645234824851,17.307127765371366,9.205390641807565,16.42222783031271,True,False,True
original,496e05e1ae,40,UNCHANGED,0,5.150183376872743,1,1.3980474100250375,3.446655980563148,-0.5546123308615801,3.239049423419708,True,False,True
original,496e05e1ae,41,UNCHANGED,0,6.87463548520238,1,0.7488221706086051,-0.4499615971219405,-0.12030557830859481,1.0043176375175609,True,False,True
original,496e05e1ae,42,UNCHANGED,0,3.974096652335969,0,2.7080778679021478,-1.4277418769346042,1.0332404668211077,3.656070523759315,True,False,True
original,496e05e1ae,44,UNCHANGED,0,6.182281500049351,1,5.397510916411602,-2.8344933754720256,-2.0788742937750526,7.2877643084567465,True,False,True
original,496e05e1ae,45,UNCHANGED,0,6.741887203510773,1,-0.4165209458748677,-0.2660101271761078,0.005796214992888755,0.5605892032480665,True,False,True
original,4c56ff4ce4,1,UNCHANGED,0,5.913139531060633,1,-0.28297395717863766,0.3285160302017636,-0.02271583594130555,0.4373396238583419,True,False,True
original,4c56ff4ce4,2,UNCHANGED,0,10.075084743362018,2,1.7353026690738715,0.08268562808982524,-0.8843131430684528,2.279496758522448,True,False,True
original,4c56ff4ce4,3,UNCHANGED,0,7.314602664029566,1,4.33959205943861,1.8382427408709698,1.981860049305678,5.825062472851022,True,False,True
original,4c56ff4ce4,4,UNCHANGED,0,13.998614567105664,2,2.5603276525613636,-2.2124006784364436,0.7362874605531626,3.6831628148733158,True,False,True
original,4c56ff4ce4,5,UNCHANGED,0,6.741887203510773,1,-3.9104138801380715,1.0724557706636049,-2.666470422537349,5.38706150629434,True,False,True
original,4c56ff4ce4,6,UNCHANGED,0,5.805603981804964,1,-6.494905335636349,4.07235745906286,12.882994342832108,13.3921097139742,True,False,True
original,4c56ff4ce4,7,UNCHANGED,0,13.729712948312544,2,2.3258698245881306,1.1985006044089792,-0.9136408057116422,3.138216560778729,True,False,True
original,4c56ff4ce4,8,UNCHANGED,0,5.329462413342345,1,-1.1221289172294746,-0.6929806778201268,1.7315436864725648,2.031463679974563,True,False,True
original,4c56ff4ce4,9,UNCHANGED,0,7.33753260293166,1,-1.3748257249409108,0.41109317312105165,-0.4374287012267538,1.782007376956451,True,False,True
original,4c56ff4ce4,10,UNCHANGED,0,7.686414875612481,1,-0.13606110950640868,0.5679175875775345,0.605994913999205,0.6739920021250103,True,False,True
original,4c56ff4ce4,11,UNCHANGED,0,6.084133427522237,1,0.24520455098504498,-0.03921011932152599,0.23923134967415915,0.36126362757439917,True,False,True
original,4c56ff4ce4,12,UNCHANGED,0,9.428242344260592,1,1.8928478133832414,1.1133562639127068,-1.4808346761228774,2.7783865567910935,True,False,True
original,4c56ff4ce4,13,UNCHANGED,0,9.657959803163687,1,-0.9970559671958199,0.6938485114773847,-0.11051229167003696,1.3618249536808202,True,False,True
original,4c56ff4ce4,14,UNCHANGED,0,8.612002603556254,1,-3.485261051796988,-2.1301624497486236,-3.2475852498155566,5.321007616797434,True,False,True
original,4c56ff4ce4,15,UNCHANGED,0,14.680777571253726,2,-6.124415012746317,2.8988617288991043,-4.977777242562285,8.897061567221657,True,False,True
original,4c56ff4ce4,16,UNCHANGED,0,8.459994241364617,1,4.0685025366497936,7.381383210762167,12.388776243769035,12.435548126801447,True,False,True
original,4c56ff4ce4,17,UNCHANGED,0,26.50618007062084,3,-7.9077119756351975,-3.5095977845943995,4.478953213786594,10.849312102358402,True,False,True
original,4c56ff4ce4,18,UNCHANGED,0,22.482520076427633,3,-3.7078388146719137,-0.03975586717099703,2.106548974151173,4.92389972953545,True,False,True
original,4c56ff4ce4,19,UNCHANGED,0,5.329462413342345,1,-4.148831994398961,1.604317728056827,0.8964494403977327,5.381934719802113,True,False,True
original,4c56ff4ce4,20,UNCHANGED,0,5.948129336702898,1,0.49121800910265845,-0.03833179368502473,-0.19570425126894878,0.633847399955411,True,False,True
original,4c56ff4ce4,21,UNCHANGED,0,15.107910735342838,2,-0.3191813079048643,0.26272801743286567,1.6717585705348612,1.3932310387470654,True,False,True
original,4c56ff4ce4,23,UNCHANGED,0,10.449005181667497,2,-3.0914327067474914,1.4553553106380763,-0.1777436191515992,4.030427352554541,True,False,True
original,4c56ff4ce4,24,UNCHANGED,0,5.007048026594835,1,-1.005040175232739,0.5262406518025833,-0.2352810384338091,1.3347910943332524,True,False,True
original,4c56ff4ce4,25,UNCHANGED,0,7.02745493474198,1,-9.303586361011412,-7.188727711223888,0.3273227129585551,12.916385601343707,True,False,True
original,4c56ff4ce4,26,UNCHANGED,0,13.36081520939562,2,0.45580092289292223,2.325170590156109,0.3177983034056108,1.9196855617523003,True,False,True
original,4c56ff4ce4,27,UNCHANGED,0,6.084133427522237,1,4.161790754052345,2.426042491199728,0.05582754567962912,5.536719391056881,True,False,True
original,4c56ff4ce4,28,UNCHANGED,0,21.33678924291921,3,-7.7852579334766006,0.5595306818547772,0.0037394000084896447,9.741379455466607,True,False,True
original,4c5bde74a8,3,UNCHANGED,0,18.263549487716652,2,2.936044700994853,-1.4112781890482582,-5.569136612634159,5.830251962083894,False,False,True
original,4c5bde74a8,4,UNCHANGED,0,6.071238969522797,1,-0.17311272988027895,-0.25529926845248513,0.017964981541991762,0.29458751644001635,False,False,True
original,4c5bde74a8,5,UNCHANGED,0,33.93756443702523,4,-1.195348247157392,-0.8383745139953862,1.8300525500278142,2.1785762435986475,False,False,True
original,4c5bde74a8,6,UNCHANGED,0,20.29933543038579,3,0.6073650720475257,-2.0038994591304036,-0.5864231354637746,1.7999560171880826,False,False,True
original,4c5bde74a8,8,UNCHANGED,0,6.607175165228696,1,1.2778492137362492,1.8173950984284002,0.7804908834651715,2.2237981302146332,False,False,True
original,4c5bde74a8,11,UNCHANGED,0,5.0566660391156955,1,1.056101764192647,0.3105341913005633,-0.2255774459895436,1.3539691200777861,False,False,True
original,4c5bde74a8,13,UNCHANGED,0,3.907811184318856,0,14.40535884605706,-2.715576705667681,-7.014943089209841,18.95714019678378,False,False,True
original,4c5bde74a8,14,UNCHANGED,0,17.38727348794037,2,1.21879105501896,0.7278074180069894,-1.174836958787762,1.8717228151360878,False,False,True
original,4c5bde74a8,15,UNCHANGED,0,6.68226312933942,1,1.550002044932421,-0.6639165403755289,0.5655925734038038,2.05473094336703,False,False,True
original,4c5bde74a8,16,UNCHANGED,0,10.064474639524951,2,0.039309777786388625,-0.21624035417101786,-0.45655425387263815,0.40086851442886773,False,False,True
original,4c5bde74a8,17,UNCHANGED,0,38.13616842205899,4,0.9210861319183892,-8.218813717991429,4.283593046605879,7.345104607190028,False,False,True
original,4c5bde74a8,18,UNCHANGED,0,6.115882035797086,1,-0.5531908862946239,-0.7578166996928467,-0.1691083173428613,0.919919165046189,False,False,True
original,502e4a1693,1,UNCHANGED,0,7.008435640867947,1,0.1389115866921884,0.35684565068411084,-0.4843691381968479,0.5038592960360377,False,False,True
original,5072d348b2,1,UNCHANGED,0,8.783106215253639,1,-0.5282919057029858,0.7793791900981337,-0.3615612358337369,0.9423224334447696,False,False,True
original,5072d348b2,2,UNCHANGED,0,9.851905920288376,1,0.8773487297290103,0.39791946071787354,1.0989785493128057,1.43218479519484,False,False,True
original,5072d348b2,5,UNCHANGED,0,17.19850908050547,2,-6.295293992808479,-7.395700487456299,9.895972284431615,12.499972809221035,False,False,True
original,53c3bce66e,2,UNCHANGED,0,6.066569743980813,1,0.36919770396097534,-3.279242048692606,2.2519851928844288,3.151067719797557,True,False,True
original,53c3bce66e,3,UNCHANGED,0,5.942727448757724,1,0.6236477487176444,-1.7530048496588135,-1.1996049620260192,1.837928031276508,True,False,True
original,53c3bce66e,5,UNCHANGED,0,10.015685972484972,2,0.47847527644680665,-1.3875638723444161,0.33713922350593545,1.2660380755851486,True,False,True
original,53c3bce66e,6,UNCHANGED,0,8.341951184881957,1,-1.2718417416667762,0.38402614380414896,0.7429427198340157,1.720765739019764,True,False,True
original,53c3bce66e,7,UNCHANGED,0,8.550585852947844,1,4.0804623925293075,-1.0278163152280606,-0.9587561716495948,5.218476039264076,True,False,True
original,53c3bce66e,8,UNCHANGED,0,6.688234025409369,1,-1.3491797105426486,-0.23361101250362004,3.712361850587422,3.384795294771159,True,False,True
original,53c3bce66e,9,UNCHANGED,0,18.3688943124696,2,0.22885880653722096,-2.9822529653071332,-3.5867077985429905,3.676293467811151,True,False,True
original,53c3bce66e,10,UNCHANGED,0,4.394111373070333,0,-1.1905091775812935,-7.785685196312887,-6.0544036893562865,7.874484059837289,True,False,True
original,555d6702c9,3,UNCHANGED,0,37.108911330321014,4,2.4571252156227956,-7.282946659435207,-6.506514944161205,8.254752108984045,False,False,True
original,555d6702c9,5,UNCHANGED,0,32.82201560395418,4,1.1239960390553279,-0.06249784780374415,-7.565597585517302,6.132570153373715,False,False,True
original,555d6702c9,6,UNCHANGED,0,3.4924056562788204,0,-3.587576227748741,0.8103800073295149,-0.06647145867300859,4.529215750497964,False,False,True
original,555d6702c9,7,UNCHANGED,0,12.736162623993083,2,0.970178791435319,-0.15425735218716818,0.004559083746806371,1.2186982499570818,False,False,True
original,555d6702c9,8,UNCHANGED,0,5.465755638517304,1,-2.312439485715322,-0.33974115661528154,0.7516059727877759,2.962659118585065,False,False,True
original,555d6702c9,10,UNCHANGED,1,6.087245293694492,1,0.7687246878431779,-1.0000907081866561,-0.7107691586112699,1.3593766433237318,False,False,True
original,568628e0d9,9,UNCHANGED,0,7.384196593736038,1,-0.9914035355645183,-0.3634759258474561,-0.42321715348113254,1.3144724471057276,False,False,True
original,568628e0d9,22,UNCHANGED,0,4.096453018810232,0,1.9935346526336617,1.547279665943293,1.4684898250489304,3.002064622026869,False,False,True
original,568628e0d9,26,UNCHANGED,0,6.37104360134338,1,0.15899275244935324,-1.1175334987562122,-0.9024291463145474,1.1437807361616736,False,False,True
original,568628e0d9,38,UNCHANGED,0,4.030369640095475,0,0.25977476642217423,0.35139958323223613,0.37312267955566575,0.5171351701178141,False,False,True
original,568628e0d9,42,UNCHANGED,0,8.273391603176856,1,0.025968630625720836,0.37893839738131446,-0.8967565986196995,0.7676293610534328,False,False,True
original,568628e0d9,43,UNCHANGED,0,4.561778697314829,0,-2.5472127682206063,-1.2535254982258826,3.357148162228076,4.255877495237568,False,False,True
original,56d9ba4ec6,1,UNCHANGED,0,9.515619688667922,1,-1.6384337456755476,-2.408026945226617,1.4515498306096695,3.0071652195058385,False,False,True
original,56d9ba4ec6,2,UNCHANGED,0,9.142630892093237,1,1.8225586445667887,8.36133560253221,9.691399719947091,10.310330851581236,False,False,True
original,56d9ba4ec6,4,UNCHANGED,0,12.520977253032264,2,-1.5988186184064148,0.9284623440920157,-0.1663007930179026,2.130052554040798,False,False,True
original,5737c6ec2e,1,UNCHANGED,0,10.276242343806429,2,0.39130386214276314,2.7663134208639324,0.5227836991186213,2.2532432483026144,False,False,True
original,5737c6ec2e,2,UNCHANGED,0,18.436701108293704,2,0.760702082772724,14.050829066528932,-3.2000922260046862,11.30049501329131,False,False,True
original,5737c6ec2e,3,UNCHANGED,0,14.075618196293775,2,-1.2246768918635098,-0.623652973425423,-0.3793755587411072,1.6341134445294998,False,False,True
original,5737c6ec2e,4,UNCHANGED,0,8.006351659312687,1,-1.3808899672051211,0.8803014177373051,-0.9277354548032268,1.9969830168352234,False,False,True
original,5737c6ec2e,5,UNCHANGED,0,22.065658971556413,3,-0.894186635626113,-0.4195590706983626,-7.754899331630312,6.228495449538166,False,False,True
original,5737c6ec2e,6,UNCHANGED,0,7.705826100724582,1,18.314928159428803,6.215133165262146,-4.455542935839488,23.665151157514426,False,False,True
original,5737c6ec2e,7,MERGING,0,35.895705766243935,4,5.569407894748906,0.24491099811557376,1.730401773423264,7.09694972286906,False,False,True
original,5737c6ec2e,8,UNCHANGED,0,13.194559728569661,2,0.9414299998604747,2.7204831598774795,-0.36964357671441184,2.4462679027092746,False,False,True
original,5737c6ec2e,10,UNCHANGED,0,54.87823810616615,5,1.5009767130583782,-0.5315435719700906,-1.120837376433448,2.1153252225280905,False,False,True
original,5737c6ec2e,12,UNCHANGED,0,7.28397818585863,1,-2.2019401304298754,-1.5700914846923264,4.111203925049355,4.427342418337388,False,False,True
original,5737c6ec2e,13,MERGING,0,35.895705766243935,4,-5.357019951474854,19.73657161281323,-13.170405376947384,19.75909446658506,False,False,True
original,5737c6ec2e,14,MERGING,0,48.49945194392895,4,11.540033321000521,21.850476863537953,-16.400589623742086,25.82148196677052,False,False,True
original,5737c6ec2e,15,UNCHANGED,0,6.916078139418796,1,-1.2947760774123935,-0.08479124519425889,0.022805625019501213,1.6199242492951775,False,False,True
original,5737c6ec2e,16,UNCHANGED,0,23.42950297350607,3,3.3742832489598413,4.850188484650299,7.063939905038905,7.950002820666404,False,False,True
original,5737c6ec2e,19,UNCHANGED,0,9.519190832119351,1,-0.3340885287934583,0.26844505627014,0.13195057425385595,0.4787408638024893,False,False,True
original,5737c6ec2e,21,MERGING,0,48.49945194392895,4,-8.533604995469602,8.231437490838832,2.6810946126860977,12.632843354762127,False,False,True
original,5737c6ec2e,22,UNCHANGED,0,10.6617211868781,2,-15.900781039058359,-15.139503966922366,14.140031057149432,25.677372049434446,False,False,True
original,5737c6ec2e,23,UNCHANGED,0,6.850828229204285,1,0.10422736574858504,-0.5320612096033184,-2.0074250886078877,1.6426365145899786,False,False,True
original,5737c6ec2e,24,UNCHANGED,0,12.854372408260192,2,-1.3167206103779279,-1.203997804160633,0.5861726734907468,1.951177219741826,False,False,True
original,5759d9ff2a,1,UNCHANGED,0,45.174107488879145,4,17.893915836983023,60.63027368464469,-29.24213313524526,57.22634452875184,False,False,True
original,5759d9ff2a,2,UNCHANGED,0,23.15406739883844,3,-14.596271415981665,-0.5368458160508703,8.297209278193764,19.388781178060313,False,False,True
original,5759d9ff2a,3,UNCHANGED,0,6.821314177872385,1,-11.259708034199685,-10.748267064025779,8.830456586396085,17.807401348559498,False,False,True
original,577bcc914f,3,UNCHANGED,0,3.8211037704024826,0,1.1776385046714495,3.788481444362337,9.271666427905933,8.027186092922326,False,False,True
original,577bcc914f,4,UNCHANGED,0,3.5259572995715134,0,3.844430724333597,-28.352306618523574,11.028423634326499,24.27194213672187,False,False,True
original,577bcc914f,9,UNCHANGED,0,3.727868671604149,0,0.2644312827748763,-13.862861093189915,-3.183153292300596,11.119288335251243,False,False,True
original,577bcc914f,15,UNCHANGED,0,3.99502481303546,0,-11.117852932812184,-15.344095505411433,4.785592683444842,18.735055357110614,False,False,True
original,577bcc914f,18,UNCHANGED,0,6.20673548057801,1,1.279758894371912,-18.787638968130253,0.8920407190552455,14.776860728120507,False,False,True
original,577bcc914f,19,UNCHANGED,0,8.660481167322024,1,-6.791072175399222,-14.959462706262226,15.169272996830479,18.756524004234514,False,False,True
original,577bcc914f,23,UNCHANGED,0,7.969187782763538,1,-0.8345534088567547,-14.84841682754838,-0.17934644787633117,11.644299814952484,False,False,True
original,577bcc914f,24,UNCHANGED,0,8.834083933409929,1,5.157868258648364,20.84774550287784,22.031582263021402,24.674691791596583,False,False,True
original,577bcc914f,27,UNCHANGED,0,5.422082865618613,1,2.1913179135206975,-6.475012484050686,-5.774148165679477,7.336985980985163,False,False,True
original,577bcc914f,29,UNCHANGED,0,5.597108326534772,1,8.964171273666693,-26.360393037570613,-15.112410854787761,26.297814616560906,False,False,True
original,577ef1154f,1,UNCHANGED,0,10.279748576383835,2,-17.60263712183105,1.5283523660844582,7.464406372563667,22.80910048354611,True,False,True
original,577ef1154f,2,UNCHANGED,0,7.73923847873168,1,-0.833288899130514,0.5488204533491018,0.2090764833333248,1.1383710312882616,True,False,True
original,577ef1154f,3,UNCHANGED,0,13.339999630907077,2,77.2899209179127,93.9157131553994,-7.831533765740935,121.45818794480954,True,False,False
original,577ef1154f,5,UNCHANGED,0,17.93453277546786,2,-16.168785509356653,-2.3090631948884512,6.665829222080416,20.961789325542096,True,False,True
original,577ef1154f,7,UNCHANGED,0,13.224993911306958,2,0.28217863878807065,-0.6681432029286365,0.7174248217181074,0.8468295101457021,True,False,True
original,577ef1154f,8,UNCHANGED,0,9.157307131889805,1,-17.666705021541713,6.401622737304583,-1.1724311077867469,22.6611587607504,True,False,True
original,577ef1154f,9,UNCHANGED,0,15.626883244942398,2,-0.1973034074943712,2.67752209535367,1.14435476138485,2.2910550849964344,True,False,True
original,57aeee35c9,1,UNCHANGED,0,5.150162226960052,1,0.24321249848981097,0.024329185973917783,0.628528481687911,0.5819899047580673,False,False,True
original,57aeee35c9,3,UNCHANGED,0,20.54901799234249,3,-0.6756805220875094,-1.8331506931186283,2.445692448855842,2.5468888472541233,False,False,True
original,58a2fc6ed3,1,UNCHANGED,0,10.526891329966345,2,10.268265452235369,-4.824477784372898,0.20830619153301935,13.377965262171198,False,False,True
original,58a2fc6ed3,2,UNCHANGED,0,12.426026628087355,2,0.7917631157068854,-5.417539997046557,-7.291641853947258,7.209710974276589,False,False,True
original,58a2fc6ed3,3,MERGING,0,15.171298125761718,2,10.206872671025394,-5.051098145551342,-4.387307723935111,13.79588753151446,False,False,True
original,58a2fc6ed3,4,UNCHANGED,0,11.583166157592375,2,0.48439845315101593,-1.443275648098557,6.61844455319721,5.376429523631693,False,False,True
original,58a2fc6ed3,5,MERGING,0,15.171298125761718,2,4.269799222146389,-18.419577130790465,5.712216286398016,15.99208530645982,False,False,True
original,58a2fc6ed3,6,UNCHANGED,0,14.429884863144698,2,6.717466861839171,-10.359025163338888,7.2722932667969875,12.995544056294944,False,False,True
original,58a2fc6ed3,7,UNCHANGED,0,9.42239072980605,1,1.5414961112445553,1.488025840610947,-0.15856260154403493,2.253678861984541,False,False,True
original,58a2fc6ed3,8,UNCHANGED,1,5.209358435561011,1,2.8543163177061217,7.239724692623563,7.303302272514909,8.826341390406967,False,False,True
original,58a2fc6ed3,9,UNCHANGED,0,4.696743754584442,0,1.9084328857213677,0.9273314179958274,-6.384306099015301,5.62040022342008,False,False,True
original,58a2fc6ed3,10,UNCHANGED,0,15.336216460624962,2,3.2320910778090592,-3.961688353650264,-5.5552483691998695,6.7161989771266395,False,False,True
original,58a2fc6ed3,11,UNCHANGED,0,15.85165930738418,2,3.351092032588326,-3.947545764714032,0.8716537359997476,5.246395281927874,False,False,True
original,58a2fc6ed3,12,UNCHANGED,0,16.268214778291952,2,-2.653493006445501,-10.21322331290422,-14.68928714171174,14.45514294630946,False,False,True
original,58a2fc6ed3,13,UNCHANGED,0,18.184384704774477,2,-1.2065928032268403,0.5452601512987673,-1.37893748331156,1.9078369219558744,False,False,True
original,58a2fc6ed3,14,UNCHANGED,0,9.17080862958884,1,-1.621846817190999,0.6175974878231559,-3.0040642935482875,3.1560283835884646,False,False,True
original,58a2fc6ed3,15,UNCHANGED,0,11.705798366715946,2,5.4357220848949055,-9.557001576039248,-6.556747216441192,11.342029423828913,False,False,True
original,58a2fc6ed3,16,UNCHANGED,0,19.058459323279028,2,1.788745549243572,-3.167899544409693,-4.890985968331343,5.100244745360711,False,False,True
original,58a2fc6ed3,17,UNCHANGED,0,5.0216556106743635,1,0.8720983182456621,0.2802068387916548,0.4142208529155088,1.158909414135211,False,False,True
original,58a2fc6ed3,18,MERGING,0,12.858161218402165,2,13.40212299427651,-3.4675688132020914,2.473579878525974,17.081995032529278,False,False,True
original,58a2fc6ed3,19,UNCHANGED,0,5.4848543199815305,1,7.599071759866149,-5.043651402668593,3.929261185653297,10.740370539484896,False,False,True
original,58a2fc6ed3,20,UNCHANGED,0,7.041892797194606,1,0.037472855103487746,-2.0585332207921607,6.936908064901206,5.704654420968406,False,False,True
original,58a2fc6ed3,21,UNCHANGED,0,15.248704047931314,2,1.8682175248337671,-1.0483271257283042,1.5893112200713986,2.774214823121663,False,False,True
original,58a2fc6ed3,22,MERGING,0,17.121620228841227,2,1.5758532650488632,-8.036118284067165,3.313540101448278,7.078556928804623,False,False,True
original,58a2fc6ed3,23,UNCHANGED,0,9.493883529485831,1,4.295303234327093,1.1529840251809516,0.4342488667907131,5.454887893593311,False,False,True
original,58a2fc6ed3,24,UNCHANGED,0,7.041892797194606,1,3.5005928241918127,-6.311311888275893,-1.3809682856875183,6.680619025364417,False,False,True
original,58a2fc6ed3,25,UNCHANGED,0,9.479671107743044,1,3.8277478451192337,-3.1197434085340094,-9.214128256207898,9.037807736034992,False,False,True
original,58a2fc6ed3,26,UNCHANGED,0,12.661762677460684,2,2.4137522774029776,-0.4124227351153979,1.9192417433967897,3.3911998705641837,False,False,True
original,58a2fc6ed3,27,MERGING,0,10.1313046638777,2,3.842673649820199,-21.950182437675853,6.4053558182720245,18.506724980198783,False,False,True
original,58a2fc6ed3,28,UNCHANGED,0,6.8291760610704895,1,0.5233583410343954,-2.0552399151535266,0.24337314535077306,1.7439407069248751,False,False,True
original,58a2fc6ed3,29,UNCHANGED,0,11.389269116540808,2,1.8730955599710342,-6.324215429598379,-1.4607861872583328,5.586253109736178,False,False,True
original,58a2fc6ed3,30,UNCHANGED,0,13.204623677228334,2,5.0840414865133425,2.6395783225848533,-4.848874719000064,7.698893843630757,False,False,True
original,58a2fc6ed3,31,UNCHANGED,0,8.968673793587907,1,2.068855600762163,0.9204474146865006,-0.9536524477554442,2.787594358560102,False,False,True
original,58a2fc6ed3,32,UNCHANGED,0,15.749189350462443,2,-0.13399559833402463,2.7437576687008427,-0.6544287066674883,2.2105605485997697,False,False,True
original,58a2fc6ed3,33,UNCHANGED,0,9.124953820267438,1,1.946859039347828,-1.8724026600793875,-0.05968072269062202,2.839534459139144,False,False,True
original,58a2fc6ed3,34,MERGING,0,17.121620228841227,2,5.699304338909201,1.0082203687199296,-8.754417675140147,9.95405282299634,False,False,True
original,58a2fc6ed3,35,UNCHANGED,0,14.337145251989922,2,-0.9828522133032038,0.853957524326374,-0.2866960763699337,1.4161040110224452,False,False,True
original,58a2fc6ed3,36,UNCHANGED,0,8.75699217007246,1,3.387987598527843,-7.137545125296662,6.467643096520177,8.663116618815758,False,False,True
original,58a2fc6ed3,37,MERGING,0,10.1313046638777,2,-4.564114130853568,-20.391384334170517,3.4628306449746336,17.13593960771465,False,False,True
original,58a2fc6ed3,38,UNCHANGED,0,7.314910258089344,1,2.326478948362592,-0.8911552362798413,-0.04811201290968897,2.9904655410385845,False,False,True
original,58a2fc6ed3,39,UNCHANGED,0,7.432533426719329,1,0.3315925314591368,-16.930016393508982,14.729104451115015,17.608404669618853,False,False,True
original,58a2fc6ed3,40,MERGING,0,18.837575041525227,2,7.274403663887142,-5.515444882057112,10.734198961269831,13.151675968394928,False,False,True
original,58a2fc6ed3,41,UNCHANGED,0,9.37896895819419,1,0.7479440366028598,0.6490804249359561,-0.7088711234081649,1.201619647656658,False,False,True
original,58a2fc6ed3,42,UNCHANGED,0,20.334011789191937,3,3.1034519900094892,0.5538693529089447,3.389270182754591,4.731511054462397,False,False,True
original,58a2fc6ed3,43,MERGING,0,18.837575041525227,2,0.8697791464143165,-8.68966115250197,17.719526175470417,15.578847331557622,False,False,True
original,58a2fc6ed3,45,MERGING,0,12.858161218402165,2,5.612404075831364,-17.193508621189004,-5.73072656028261,15.81064030043887,False,False,True
original,58a2fc6ed3,46,UNCHANGED,0,12.645785672885124,2,10.031799257525677,-12.195295043285968,0.4760268271473997,15.751284253919042,False,False,True
original,5b8add2a5d,1,UNCHANGED,0,10.837020953371438,2,5.383081371252706,-1.7739599330375317,1.4527417625439463,6.96496641199944,False,False,True
original,5b8add2a5d,2,UNCHANGED,0,7.96401854315764,1,-0.06392643123178914,0.22734997682901634,0.1744516178585392,0.2384499448742439,False,False,True
original,5b8add2a5d,3,UNCHANGED,0,14.642951522712849,2,2.61606606334542,-0.5328136171247255,2.6333548059587786,3.8966023414599205,False,False,True
original,5b8add2a5d,4,UNCHANGED,0,9.867325359390739,1,-0.7527123671647132,0.630806218674794,0.3346246331345665,1.094392223427839,False,False,True
original,5b8add2a5d,5,UNCHANGED,0,5.11352197555743,1,-0.24554722642601517,0.7016662985257968,1.1464130058897006,1.1012130549064008,False,False,True
original,5b8add2a5d,6,UNCHANGED,0,4.1081051440265925,0,-6.029304730986633,3.562088765024508,-7.5143554831691866,9.984551299384583,False,False,True
original,5b8add2a5d,7,UNCHANGED,0,9.329968009590406,1,0.3319681761400034,-0.7093731533346073,0.1676094827856794,0.7047120465422009,False,False,True
original,5b8add2a5d,8,UNCHANGED,0,4.1081051440265925,0,-0.4154360566622472,-0.5312477564306589,0.11761201468750772,0.6711364899380555,False,False,True
original,5b8add2a5d,9,UNCHANGED,0,5.829333054003939,1,4.39658342043831,1.4595957187636956,0.24605590603706715,5.616066486733475,False,False,True
original,5b8add2a5d,10,UNCHANGED,0,5.236786534673142,1,-7.8052055534215246,-9.083360703469335,-1.285822995683711,12.105576759756909,False,False,True
original,5b8add2a5d,11,UNCHANGED,0,11.646508991674544,2,-0.8318390713649251,-0.2521592188076201,-0.7463504487269919,1.2110879499263834,False,False,True
original,5b8add2a5d,12,UNCHANGED,0,34.30469762453658,4,-0.9775196154691571,-6.291553542309486,-2.2377589458720393,5.362353322178497,False,False,True
original,5b8add2a5d,13,UNCHANGED,0,7.610190720511263,1,8.674417118659363,-0.22318423809987972,10.627950187081789,13.708293580173141,False,False,True
original,5b8add2a5d,14,UNCHANGED,0,8.407353092315955,1,-0.1354671243529765,0.09393471951765042,1.49635181078339,1.1949574953744022,False,False,True
original,5b8add2a5d,15,UNCHANGED,0,7.6667741417287925,1,-0.21129588377054914,-0.6097953558820838,-0.331139636330988,0.6040158157506834,False,False,True
original,5b8add2a5d,16,UNCHANGED,0,14.57333263500985,2,0.13606287707714274,-1.4019414898561497,-1.3855015335505692,1.5565245833588675,False,False,True
original,5b8add2a5d,17,UNCHANGED,0,6.321045706651343,1,0.607250185626117,-0.022766600418064463,-0.33865410832183634,0.8049144085349681,False,False,True
original,5b8add2a5d,18,UNCHANGED,0,13.25251052909432,2,-14.547737027539018,-1.0020058217788448,-1.8735597466832388,18.261431203493167,False,False,True
original,5b8add2a5d,19,UNCHANGED,0,4.1081051440265925,0,0.5331482914063599,-1.0087880517964554,-0.3804545157505258,1.074696300968485,False,False,True
original,5b8add2a5d,20,UNCHANGED,0,11.0574017115523,2,1.098756102438233,-0.7970777991430081,-0.2197595790781785,1.517874857013087,False,False,True
original,5b8add2a5d,21,UNCHANGED,0,26.78404178420389,3,3.065524775371318,1.1605880196572327,-5.796079703855068,6.034766424272259,False,False,True
original,5b8add2a5d,22,UNCHANGED,0,7.581580710885599,1,-0.9292088290677952,4.546332073343114,0.15421318182882449,3.73781740433963,False,False,True
original,5b8add2a5d,23,UNCHANGED,0,16.29059523894062,2,-0.8433205844440181,-0.6265890639903632,0.7333524682728901,1.298271286528728,False,False,True
original,5b8add2a5d,24,UNCHANGED,0,5.730511707983376,1,-1.7416384585201286,1.324774672466368,0.4651228292212724,2.4381781373913842,False,False,True
original,5b8add2a5d,25,UNCHANGED,0,9.405212936547695,1,0.9620106888571627,0.60689985338385,4.4363749950254,3.7313272356865506,False,False,True
original,5b8add2a5d,26,UNCHANGED,0,15.010866867867565,2,-0.07255630738351329,-0.12356762641764885,2.07230829189142,1.6404059518142506,False,False,True
original,5b8add2a5d,27,UNCHANGED,0,5.780344745871587,1,0.31644597153599535,-0.6636083516048716,-0.24611838246665022,0.6802842551530478,False,False,True
original,5b8add2a5d,28,UNCHANGED,0,6.9229384888041725,1,-0.13182601038353142,-0.332813407676451,0.09980326508725842,0.31767310677855704,False,False,True
original,5b8add2a5d,29,UNCHANGED,0,13.776646435969154,2,-0.4210915439819701,1.970364884469395,-0.7275789910902556,1.7247257254469262,False,False,True
original,5b8add2a5d,30,UNCHANGED,0,7.6667741417287925,1,2.9948754995450373,-1.4006157196931157,4.1872670932893525,5.1113464924273275,False,False,True
original,5b8add2a5d,31,UNCHANGED,0,14.885277943093637,2,-1.079120864192373,1.0717689067897662,0.0915316919625307,1.5891522512049459,False,False,True
original,5b8add2a5d,32,UNCHANGED,0,4.467072903846736,0,2.5864864407493995,-3.7144859262584062,2.9146371573671863,4.915002672160489,False,False,True
original,5b8add2a5d,33,UNCHANGED,0,12.59023647686919,2,2.5601230876295857,1.9297759869952418,4.596488370841116,5.066057768612873,False,False,True
original,5b8add2a5d,34,UNCHANGED,0,5.780344745871587,1,0.09671750857580719,0.2138150603756152,-0.3834472457497329,0.36610373933829055,False,False,True
original,5b8add2a5d,35,UNCHANGED,0,4.467072903846736,0,0.7953523861642907,-0.2309584611799872,-0.07945030413028348,1.0123639222643126,False,False,True
original,5b8add2a5d,36,UNCHANGED,0,7.858522432116126,1,0.21781685615144397,0.41639195100326776,-0.30691328930894574,0.4883920490789614,False,False,True
original,5b8add2a5d,37,UNCHANGED,0,8.61249088732794,1,-1.0425744999788094,-0.9209956124825989,-1.130196714672826,1.7352061337628262,False,False,True
original,5b8add2a5d,38,UNCHANGED,0,13.871660793171843,2,22.061309508621388,-5.958501417580341,-11.439706792575313,29.386973071840906,False,False,True
original,5b8add2a5d,39,UNCHANGED,0,6.362092608132761,1,-0.35798726833629646,0.559045028317775,0.7289893466515005,0.8495277812433012,False,False,True
original,5b8add2a5d,40,UNCHANGED,0,5.924912878750008,1,0.010513977024857013,0.22975058071686025,-0.21606445939778016,0.24785357409038453,False,False,True
original,5b8add2a5d,41,UNCHANGED,0,4.776096564560851,0,-0.3326134807912922,0.0844956839083005,-0.6250810561133519,0.6484228922057873,False,False,True
original,5b8add2a5d,42,UNCHANGED,0,3.5455181133924745,0,-0.4549023479343532,-0.014378066679185984,0.35694943461591006,0.6346503211175217,False,False,True
original,5b8add2a5d,43,UNCHANGED,0,5.575556486884969,1,-3.0426320429906126,-0.4964640877868293,0.28874949153053997,3.829785871132443,False,False,True
original,5b8add2a5d,44,UNCHANGED,0,11.203962639944132,2,3.748414147509197,0.73362486825033,-4.724195136150976,6.014631845385146,False,False,True
original,5b8add2a5d,45,UNCHANGED,0,7.722534458263267,1,-0.3589672818574172,-0.17308461821157956,-0.12012313233905846,0.47811709073323866,False,False,True
original,5b8add2a5d,46,UNCHANGED,0,3.5455181133924745,0,-0.3765384907417456,-0.17521508342552017,0.33645018157666134,0.557429604712017,False,False,True
original,5b8add2a5d,47,UNCHANGED,0,15.888901702361437,2,-2.485938704124351,-1.3376228402835413,-1.8370260031823755,3.5844446001520076,False,False,True
original,5b8add2a5d,48,UNCHANGED,0,3.9023476233533603,0,-2.315954688511738,-0.47899064889695964,-0.7379815141561061,2.9765209559321693,False,False,True
original,5b8add2a5d,49,UNCHANGED,0,16.4079310903752,2,0.053235626932769266,1.621687963890042,-0.47429756435181186,1.3223421004823313,False,False,True
original,5b8add2a5d,50,UNCHANGED,0,4.5483101567844475,0,-0.5423381972736478,-0.06769549820171818,0.08218306268908741,0.6830659179607097,False,False,True
original,5b8add2a5d,51,UNCHANGED,0,5.296300567453813,1,0.9873463225203295,0.2559981273440043,0.43968819311742324,1.2975093719305515,False,False,True
original,5b8add2a5d,52,UNCHANGED,0,7.464922454730365,1,-0.4584713161073978,0.5018107914609736,0.4401869713566975,0.7763056383982625,False,False,True
original,5b8add2a5d,53,UNCHANGED,0,5.780344745871587,1,-0.32911244293409253,-0.780371557550158,0.6241100134258744,0.8849724913002428,False,False,True
original,5c7d5705ab,1,UNCHANGED,0,7.7666042900391075,1,-2.6939287577841924,-1.6709365786783825,-1.397463717574473,3.7760044483527198,True,False,True
original,5c7d5705ab,2,UNCHANGED,0,25.882093573684333,3,0.47400940363212385,2.5843626743037538,-3.9823791494056002,3.7812341580113276,True,False,True
original,5c7d5705ab,3,UNCHANGED,0,23.74056369574863,3,2.0991082668449508,3.0033982689375045,1.9987168311008916,3.856651006169527,True,False,True
original,5c7d5705ab,4,UNCHANGED,0,34.81547134325786,4,0.47265629437509915,-1.5342573602176934,1.4590191635426881,1.76353825706918,True,False,True
original,5c7d5705ab,5,UNCHANGED,0,27.12040382263634,3,-2.7609064508358188,-1.7819960146083114,2.5936870856806937,4.246773802459461,True,False,True
original,5c7d5705ab,6,UNCHANGED,0,13.517230468045746,2,-2.0004098324134247,0.3263357106116664,2.2374748215781346,3.07148862821642,True,False,True
original,5c7d5705ab,8,UNCHANGED,0,17.698381177230143,2,1.9003018000068437,1.4316162553111824,-0.42643518042138623,2.6468379274529177,True,False,True
original,5ef059938b,1,UNCHANGED,0,22.96091957296126,3,0.03540702108841742,8.441267003815893,-5.346143354110801,7.826694737873628,False,False,True
original,5ef059938b,2,UNCHANGED,0,7.893374236526974,1,-0.06948485280954628,-0.10862107766770214,-0.24994049386126996,0.23158080090383248,False,False,True
original,5f93f98352,1,UNCHANGED,0,8.936756535039287,1,-5.685180787356785,5.454885662632275,2.935207289930186,8.603206276526514,True,False,True
original,5f93f98352,2,UNCHANGED,0,3.4605903865863197,0,-4.3129469903987685,0.38937602411578587,0.6731657661811739,5.425812129303563,True,False,True
original,5f93f98352,3,UNCHANGED,0,5.336305366167049,1,-2.626619292879036,0.22148570365047762,0.10043011140404198,3.2887824484793398,True,False,True
original,5f93f98352,4,UNCHANGED,0,10.844993187316526,2,-0.291505568107732,0.3875535881287158,-1.473340982627541,1.2552753826980458,True,False,True
original,621bf66ddb,2,UNCHANGED,0,22.907000102747116,3,-0.04292668897707017,1.503309034757852,1.5233811488502185,1.6810804954482461,False,False,True
original,621bf66ddb,5,UNCHANGED,0,7.4386842881962165,1,1.6995770027201615,-0.618224586342379,-1.7091470021079762,2.562226426073916,False,False,True
original,64b2c11867,1,UNCHANGED,0,5.8830969565472495,1,-0.4939171010704513,1.4422231911657666,1.7192299590134879,1.8681325853811022,True,False,True
original,64b2c11867,2,UNCHANGED,0,5.494889686101466,1,-11.312655578807039,27.238326982752294,13.069852884529789,27.547208071435463,True,False,True
original,64b2c11867,3,UNCHANGED,0,13.753855253546762,2,-17.093123786939998,17.683882506006498,2.1707414674253065,25.499087536688272,True,False,True
original,64b2c11867,4,UNCHANGED,0,30.54525218748396,4,-4.1112227091259115,-1.1407812420582193,-0.053209071808416115,5.215857303544571,True,False,True
original,65b9eea6e1,1,UNCHANGED,0,23.3447123119613,3,2.150580141725709,-6.720054348797741,1.8576923346202379,6.07619913249456,False,False,True
original,65b9eea6e1,2,UNCHANGED,0,29.29255805712917,3,-1.229398693383996,1.2897652062849707,-0.2089860854160054,1.8448444110018007,False,False,True
original,65b9eea6e1,3,UNCHANGED,0,28.157356798647072,3,-2.898850180771274,3.072128914588295,-0.1283360286836614,4.347097555267363,False,False,True
original,65cfedc125,1,UNCHANGED,0,3.9073474042071763,0,-1.203719638031032,-0.5193749504902909,0.24959781814445142,1.57076093897925,False,False,True
original,65cfedc125,2,UNCHANGED,0,25.07320333384082,3,-1.6710791651726595,-0.7087680048070993,-1.381367056347179,2.420244639982725,False,False,True
original,65cfedc125,3,UNCHANGED,0,6.913188640459868,1,0.2687721543336579,-1.534399614923787,0.09470687154718059,1.2468109533020353,False,False,True
original,65cfedc125,4,UNCHANGED,0,5.910693145012475,1,-0.8133018238917998,-1.3075440169200296,-0.8623501378506037,1.593518190549875,False,False,True
original,65cfedc125,5,UNCHANGED,0,3.019613272671317,0,-1.1922542088649606,-1.5176135549917598,-0.36182642250423547,1.9254554486946889,False,False,True
original,65cfedc125,6,UNCHANGED,0,5.4357180723150265,1,0.2113392286904201,4.21316184256056,-1.5440159186912017,3.518682057355742,False,False,True
original,65ded5353c,1,UNCHANGED,0,36.95624055214954,4,-2.767506977681535,-2.1108264648098682,2.5910942318026633,4.343332045887015,False,False,True
original,65ded5353c,2,UNCHANGED,0,46.39945138859978,4,-2.108687068747713,2.818023695823494,-6.048437450841281,5.879257241696769,False,False,True
original,65ded5353c,3,UNCHANGED,0,35.29654095322295,4,-9.472399583990068,-4.581070434146962,-4.205865044377192,12.8066450148319,False,False,True
original,65ded5353c,4,UNCHANGED,0,10.576251671473141,2,-4.523969826843768,-2.7947665907188273,6.293970057763716,7.836033235559734,False,False,True
original,65ded5353c,5,UNCHANGED,0,37.88851721619995,4,0.11328303882066848,2.4219807437716003,0.9641923567421281,2.043725610747168,False,False,True
original,65ded5353c,6,UNCHANGED,0,19.768800451881386,2,11.19846242500438,-5.137599233266776,8.796270763333016,16.13112643174992,False,False,True
original,65ded5353c,7,UNCHANGED,0,14.35418192729401,2,3.391254212944375,0.35099773036081106,-1.6717227567489261,4.447985500717679,False,False,True
original,65ded5353c,8,UNCHANGED,0,12.488350582314922,2,-6.171930857111761,1.779215510618432,4.827330142670261,8.715358168182735,False,False,True
original,65ded5353c,9,UNCHANGED,0,29.442166895183092,3,-3.0389549786261796,3.5782492146930767,1.2914965852424458,4.82475657982749,False,False,True
original,65ded5353c,10,UNCHANGED,0,14.092706347506727,2,8.37645483246115,-15.985875043712387,-9.438677410694902,17.915545918634244,False,False,True
original,65ded5353c,11,UNCHANGED,0,32.29193798730314,4,-2.3439311199602457,-0.4821469984351566,-3.7317399608880955,4.170772732313755,False,False,True
original,65ded5353c,12,UNCHANGED,0,12.30052730349864,2,8.840056593310464,3.2389858493096937,-1.8458256149277261,11.429092533139535,False,False,True
original,65ded5353c,13,UNCHANGED,0,19.682283806685035,2,-5.393283360719806,4.782038941850329,4.174331642806797,8.381241460083912,False,False,True
original,65ded5353c,14,UNCHANGED,0,29.77947728040558,3,-2.786336155329934,-6.0731093413905395,-6.964599347981933,8.051304088563496,False,False,True
original,65ded5353c,15,UNCHANGED,0,14.91545265548808,2,4.953117275574414,6.322967403202384,1.7495289955241913,8.03896922964717,False,False,True
original,65ded5353c,16,UNCHANGED,0,10.76628474346349,2,1.1672294096606493,1.215938800768537,1.5781576609858785,2.140340938576504,False,False,True
original,65ded5353c,17,UNCHANGED,0,16.44033759730795,2,5.029244742790411,5.250001658867601,2.1837498070004746,7.700746806452602,False,False,True
original,671f8ff3e6,3,UNCHANGED,0,7.258946346396815,1,-0.2280441466387174,-0.058736439736763055,0.6705116756578914,0.60269185560601,False,False,True
original,671f8ff3e6,4,UNCHANGED,0,11.90767756053102,2,-1.5075073464627509,0.7013709089943202,-0.6971407744948315,2.0380149526800673,False,False,True
original,671f8ff3e6,6,UNCHANGED,0,5.411365963385673,1,-2.8342394397495694,-5.913588681187535,-18.7781567993028,15.918383305156834,False,False,True
original,671f8ff3e6,7,UNCHANGED,0,11.284772873534681,2,0.6065266716895508,-0.9648470366462696,0.21279522847706703,1.0820461262631282,False,False,True
original,671f8ff3e6,10,UNCHANGED,0,4.34381505382131,0,-5.697034290925148,1.6083093965638582,7.272758790952113,9.231337346366038,False,False,True
original,671f8ff3e6,11,UNCHANGED,0,6.401100593018397,1,1.095177907229072,-1.2451035567196613,0.008928676862079628,1.6792102620668135,False,False,True
original,671f8ff3e6,13,UNCHANGED,0,5.533010202030276,1,-0.4789976101723141,0.14838663088700127,0.12385883408264635,0.6176395139078601,False,False,True
original,671f8ff3e6,14,UNCHANGED,0,5.533010202030276,1,-0.36124150306229696,-0.7629750994506834,-0.6027674721490466,0.8860902927353402,False,False,True
original,671f8ff3e6,15,UNCHANGED,0,3.5226614118338326,0,2.2895136719004996,1.296991473446846,-0.25761969745394964,3.042664973952924,False,False,True
original,671f8ff3e6,16,UNCHANGED,0,15.304137284343605,2,1.4976046235579132,0.7093196835096436,4.857414571719873,4.301087653419388,False,False,True
original,671f8ff3e6,23,UNCHANGED,0,5.761429533225511,1,2.6772186200562826,2.3155684059851356,2.1879534256644324,4.177300206386732,False,False,True
original,671f8ff3e6,25,UNCHANGED,0,7.008435640867947,1,1.3330437428049435,-0.9461283032296826,-0.4525349872624512,1.857435865711021,False,False,True
original,671f8ff3e6,28,UNCHANGED,0,1.7613307059169163,0,-0.4676471960721983,-0.48531230461049557,0.2900667667715529,0.7333145703670906,False,False,True
original,671f8ff3e6,29,UNCHANGED,0,4.141477985370134,0,-0.47768075091412354,-1.421979180890118,0.325037460279392,1.2867224773727826,False,False,True
original,682670d9ab,2,UNCHANGED,0,9.326870924546393,1,-1.6589832211946942,-1.2884225726518839,1.960468655419696,2.775883239366782,False,False,True
original,6974ce5ac6,1,UNCHANGED,0,10.157794280350673,2,-1.3080907164746776,-1.4157510631944665,0.8052642581297679,2.073606971145657,False,False,True
original,6974ce5ac6,2,UNCHANGED,0,8.517396091189052,1,-1.6313911301056692,-0.2691719862826721,-1.1110255569730834,2.2295998032658826,False,False,True
original,6974ce5ac6,3,UNCHANGED,0,62.3774195556371,5,2.412943352744219,-2.558947056371857,1.7162313879101327,3.863300951765544,False,False,True
original,6974ce5ac6,4,UNCHANGED,0,31.181169716172384,4,4.888342938615528,5.739573310239589,11.241201051981564,11.666007017380164,False,False,True
original,6974ce5ac6,5,UNCHANGED,0,12.571170572198376,2,2.9055878735639395,1.184462672312509,2.06495787001179,4.086749452093604,False,False,True
original,6974ce5ac6,6,UNCHANGED,0,6.788666552368364,1,1.0689938363258762,2.2583585989971646,-1.4379855214638189,2.486706040207373,False,False,True
original,6974ce5ac6,7,UNCHANGED,0,14.390397999562799,2,-7.522459298681474,-19.221773433250558,40.993405822821124,36.87689412645143,False,False,True
original,6974ce5ac6,8,UNCHANGED,0,5.955054425381243,1,-0.7594409686892846,0.7617133667426409,1.165398421288062,1.4493293787027874,False,False,True
original,6974ce5ac6,9,UNCHANGED,0,13.063095453325325,2,-3.80015378234138,2.894319571243099,-1.3127496257268083,5.361606053227015,False,False,True
original,6974ce5ac6,10,UNCHANGED,0,22.345414012871036,3,1.8613253394531057,-1.8028914897017352,5.772393914963108,5.304591400013472,False,False,True
original,6974ce5ac6,11,UNCHANGED,0,13.619630365837642,2,-2.6545575506115027,-3.6097806248757913,-0.5639711372582322,4.3768183377223036,False,False,True
original,6974ce5ac6,12,UNCHANGED,0,8.710639692828872,1,-2.7422630305624467,-1.18713256915486,-0.7929079900589014,3.6056898353968694,False,False,True
original,698d51a19d,1,UNCHANGED,0,14.038326547201464,2,2.4588367301213223,1.1862916686902991,1.2316990293849828,3.354026079274814,False,False,True
original,698d51a19d,2,MERGING,0,29.61500135373965,3,6.142486827559912,8.23438487155776,4.127486916896625,10.53172226097051,False,False,True
original,698d51a19d,3,UNCHANGED,0,16.538959631230405,2,-3.0501141165064327,-1.5163847619303734,5.121395341195116,5.6803796192161276,False,False,True
original,698d51a19d,4,UNCHANGED,0,21.555118822491114,3,-2.169932421846158,1.8975575066754544,-2.9114763302539486,3.851028407083915,False,False,True
original,698d51a19d,5,UNCHANGED,0,7.26669477520337,1,-1.8827169563568986,-2.6350143561086994,3.269014339504706,4.0529197824929515,False,False,True
original,698d51a19d,6,UNCHANGED,0,6.572755723752785,1,-0.28457537722225085,1.0548136534875339,-2.0280807752932613,1.8345834846692894,False,False,True
original,698d51a19d,7,UNCHANGED,0,4.86456492071108,0,-0.6137312940577203,0.050922167358115396,13.627322408062907,10.77936500697608,False,False,True
original,698d51a19d,8,UNCHANGED,0,10.763777350928182,2,-1.2864924983174546,1.4246277140191468,-1.5449157642231615,2.304300756916047,False,False,True
original,698d51a19d,9,MERGING,0,29.61500135373965,3,-6.185304046964973,-9.127134422717782,-3.6906340597161207,10.911914195711017,False,False,True
original,698d51a19d,10,UNCHANGED,0,8.148480358033115,1,-2.3569146666243883,1.4586708149915881,0.42058158677159896,3.1761146278822006,False,False,True
original,698d51a19d,11,UNCHANGED,0,8.586804334958961,1,-0.6765516544238495,1.532024324186177,2.2389711502370475,2.295108295356631,False,False,True
original,698d51a19d,12,UNCHANGED,0,5.263380708353873,1,0.5123502263767818,0.9055293197109311,0.6786864542488614,1.0941028820270484,False,False,True
original,698d51a19d,13,UNCHANGED,0,12.772331894048783,2,3.3604099002055934,1.7499520989045334,2.202699587833113,4.746852442787308,False,False,True
original,698d51a19d,14,UNCHANGED,0,11.457739423764792,2,1.1523682145236536,-2.1563981355607806,-0.4284144187969935,2.2417701802628955,False,False,True
original,698d51a19d,15,UNCHANGED,0,5.989624471048259,1,-2.2166809721192067,2.554808460915155,-3.7653916177537945,4.5260436593187725,False,False,True
original,698d51a19d,16,UNCHANGED,0,16.576283221007994,2,1.3200837578895688,-0.15783946679955355,0.7741628645847127,1.7638412642810035,False,False,True
original,698d51a19d,17,UNCHANGED,0,11.658793299108824,2,-0.6690904910255199,2.5466953864105815,0.836090643887353,2.256252006126901,False,False,True
original,698d51a19d,18,UNCHANGED,0,32.761613234184146,4,5.105452889012559,-7.4844176140927505,0.11193011371670895,8.65466698833268,False,False,True
original,698d51a19d,19,UNCHANGED,0,8.888339106307939,1,-3.3110047947736687,1.8092400041371604,0.829131649212866,4.421976310208604,False,False,True
original,698d51a19d,20,UNCHANGED,0,12.693439628651701,2,0.48660705648508157,-0.91278662404866,0.8648568287243882,1.159231359022764,False,False,True
original,698d51a19d,21,UNCHANGED,0,10.2906553238597,2,-0.12986725775131164,-1.1688209787227688,-0.29269873470911334,0.9554993173646197,False,False,True
original,698d51a19d,22,UNCHANGED,0,6.7458018651712575,1,-0.11631752224762977,-1.9194296365390546,1.024627248109237,1.7093639964295009,False,False,True
original,698d51a19d,23,UNCHANGED,0,7.362320146188244,1,0.4552359987051432,0.00955997855960239,0.8108580507995627,0.8562533348349934,False,False,True
original,698d51a19d,24,UNCHANGED,0,6.937079469009391,1,-1.2121213441217946,-0.006948011731104143,-0.9650981786004565,1.695741472655564,False,False,True
original,698d51a19d,25,UNCHANGED,0,17.81706153679231,2,4.502193476259558,2.464598587792802,-0.6650184662204826,5.970916278258502,False,False,True
original,698d51a19d,26,UNCHANGED,0,14.80677145887018,2,0.2535732095874096,2.206978682837404,-0.5732814543963296,1.8099808955023051,False,False,True
original,698d51a19d,27,UNCHANGED,0,37.516321627762764,4,-2.6030434528685022,-4.151494745941621,-6.824435728985714,7.077604625739675,False,False,True
original,698d51a19d,28,UNCHANGED,0,6.094726984486639,1,-1.7450439913369677,0.46408476786073105,0.6593007274552035,2.2715759829494044,False,False,True
original,698d51a19d,29,UNCHANGED,0,18.000508818974552,2,-0.5399330601084558,1.237328004421742,-2.0915013026473264,2.0279281243319285,False,False,True
original,698d51a19d,30,UNCHANGED,0,20.221778249070844,3,0.12531314142241284,-3.2058076879334605,1.3002861950896465,2.7103050155960067,False,False,True
original,69adc1e107,1,UNCHANGED,0,5.412058529588076,1,-0.9837340391732369,3.482631292991856,0.5853221289028542,3.0204976143225424,False,False,True
original,69adc1e107,3,UNCHANGED,0,14.389535083384805,2,2.207388938808708,1.9842999152463998,-1.7202881189556254,3.4434511803360777,False,False,True
original,69adc1e107,4,UNCHANGED,0,21.480371558337932,3,-2.1152972177028686,0.6669538119846117,-1.1838561480922307,2.8522234725325366,False,False,True
original,6a9aeddfc6,1,UNCHANGED,0,21.24863577966861,3,0.0021519604990601236,11.86217233512828,16.74335190164391,16.135232984059478,False,False,True
original,6a9aeddfc6,2,UNCHANGED,0,60.07714971203129,5,27.767442368598516,-6.965638728703068,-42.12000771021796,48.360547133172105,False,False,True
original,6a9aeddfc6,3,UNCHANGED,0,15.776519646551451,2,-3.4272183666104636,0.7870861372495337,0.07605801182059009,4.328316938169573,False,False,True
original,6a9aeddfc6,5,UNCHANGED,0,95.72258694534271,5,11.827175736280912,-29.15740983797339,11.317258356350582,28.580755361472658,False,False,True
original,6a9aeddfc6,6,UNCHANGED,0,16.447755251318824,2,-10.792111750205423,-8.410561541920917,169.46990135046846,134.55097056479758,False,False,False
original,6a9aeddfc6,7,UNCHANGED,0,12.419960209937498,2,0.1919000817885589,-3.3539702970993353,1.5634865367669184,2.905307044363102,False,False,True
original,6a9aeddfc6,8,UNCHANGED,0,39.36181576347208,4,-12.417227427838384,-5.225118094841853,10.365099583003804,18.012546172234632,False,False,True
original,6a9aeddfc6,9,UNCHANGED,0,37.55685749695868,4,10.279909311795189,-6.659895075302224,-6.332891367841926,14.7356860857944,False,False,True
original,6a9aeddfc6,10,UNCHANGED,0,16.00337737190694,2,-2.6555435197543007,2.0393367146806645,-0.6662017562777124,3.7190946576348085,False,False,True
original,6a9aeddfc6,11,UNCHANGED,0,8.074778280510081,1,-15.464966732479775,13.431957279644347,-0.6283557749825418,21.999750764115113,False,False,True
original,6c4b761a28,1,UNCHANGED,0,6.175257637035716,1,-1.3466098298566067,1.0120667261321301,0.007373868787125045,1.8596171798036345,False,False,True
original,6c4b761a28,2,UNCHANGED,0,18.294176471120895,2,6.44697925027715,-4.956607800200242,18.623609995532007,17.200087174029072,False,False,True
original,6c4b761a28,3,UNCHANGED,0,9.78850597422896,1,6.092348986954835,-7.96827710092427,-3.976856289886141,10.323216603189486,False,False,True
original,6c4b761a28,4,UNCHANGED,0,80.58232668843891,5,-1.8567326399140143,4.777995494017852,-0.959562740322421,4.459236439789004,False,False,True
original,6c4b761a28,5,UNCHANGED,0,8.438520738641033,1,-2.2070076901281253,-0.803649905845487,-2.3622769628446356,3.388006262332183,False,False,True
original,6c4b761a28,6,UNCHANGED,0,12.628147398298154,2,7.118724415749819,-9.436108757960826,15.200349799981781,16.653123147371144,False,False,True
original,6c4b761a28,7,UNCHANGED,0,8.802692088599771,1,3.7888076492180742,-3.857714920041267,6.461626303223308,7.5828150298629255,False,False,True
original,6c4b761a28,8,UNCHANGED,0,20.072841791349163,3,4.34756706077859,-0.2666678033423133,6.020442105920912,7.2208338803038306,False,False,True
original,6c4b761a28,9,UNCHANGED,0,12.252136246047034,2,3.4020698180692532,-13.042123675731458,-9.932776077177945,13.537170152800964,False,False,True
original,6c9882bbac,1,UNCHANGED,0,49.78660874513287,4,41.432689191791724,38.40133797658317,10.406380611424723,60.40856413016931,False,True,False
original,6cdd60ea00,1,UNCHANGED,0,33.21916915923047,4,-13.469872062468244,3.426561763694782,-4.555254338450435,17.423412273943406,False,False,True
original,6cdd60ea00,2,UNCHANGED,1,3.60133028185406,0,0.25021931008240017,-0.7381699218228768,0.8807298848736445,0.9555482936832406,False,False,True
original,6d4a60c0cd,1,UNCHANGED,0,18.927151323748266,2,1.2685497150105676,-1.4914461617531756,0.5377009121848133,2.0127575014550336,False,False,True
original,6d4a60c0cd,2,UNCHANGED,0,16.374657970944227,2,1.32196715729101,1.4595370212588648,0.3555342270993216,2.0269875365324928,False,False,True
original,6d4a60c0cd,3,UNCHANGED,0,33.99342714287073,4,1.05274487355573,5.850498494724713,0.29412893047046845,4.7606174044679985,False,False,True
original,6d4a60c0cd,4,UNCHANGED,0,12.801635552685328,2,0.4690095512075686,1.8073664983699314,0.8304560530802655,1.6629827785439855,False,False,True
original,6d4a60c0cd,5,UNCHANGED,0,6.292103562581952,1,-1.7642464657033543,-11.047149230343676,2.5717669483097017,9.133458689422676,False,False,True
original,6d4a60c0cd,6,UNCHANGED,0,7.627299871284374,1,2.991363448688753,-3.1241564176445293,-4.135040642336289,5.529855071704259,False,False,True
original,6d4a60c0cd,7,UNCHANGED,0,9.948922424452782,1,-0.509274487651669,-11.5717238590869,-3.7943231247566915,9.541714592913895,False,False,True
original,6d4a60c0cd,8,UNCHANGED,0,7.559798102256003,1,-1.9212856622423715,-0.2894309363395431,0.7601357305424726,2.4856608227126626,False,False,True
original,6d4a60c0cd,9,UNCHANGED,0,9.335078324163453,1,-0.9039092519822816,3.402371433760334,-3.5355126866069857,4.014853847086856,False,False,True
original,6d4a60c0cd,10,UNCHANGED,0,21.64681511788561,3,0.24660395529415383,-1.8010620387220313,-2.531469720150207,2.462306458235541,False,False,True
original,6d4a60c0cd,11,UNCHANGED,0,9.567461211172612,1,0.8356286074432091,-12.119604940407179,-3.391792521806059,9.891749607518602,False,False,True
original,6d4a60c0cd,12,UNCHANGED,0,20.037768877766425,3,0.2242128082938848,1.5036122003880794,0.15642015013252106,1.213594056789499,False,False,True
original,6d4a60c0cd,13,UNCHANGED,0,5.42413499569217,1,-4.389700625648265,-1.3284489014405125,-1.103353706656406,5.651800124284878,False,False,True
original,6d4a60c0cd,14,UNCHANGED,0,12.44335821933351,2,1.6280079201241051,3.2059986116406343,5.313598207295666,5.290289761788901,False,False,True
original,6d4a60c0cd,15,UNCHANGED,0,5.045534546217663,1,-1.1788894110232377,0.8445941078760223,0.9827750169158097,1.791061305774523,False,False,True
original,6d4a60c0cd,16,UNCHANGED,0,10.03984450926276,2,3.8591101802219328,-0.11561560120828743,-0.18680563205639847,4.826983511661945,False,False,True
original,6d4a60c0cd,17,UNCHANGED,0,8.815360827455754,1,-0.9724655602726443,-2.3379215504486943,-1.9188311977971206,2.665272903843724,False,False,True
original,6d4a60c0cd,18,UNCHANGED,0,7.737218435226305,1,-12.459586022352505,-8.087971223351573,8.3631322999954,18.055625915547466,False,False,True
original,6d4a60c0cd,19,UNCHANGED,0,10.07831172220606,2,3.0616838161940905,1.3491782052253234,-0.1391292928728773,3.9710303400465694,False,False,True
original,6d4a60c0cd,20,UNCHANGED,0,3.9637768633077624,0,0.1422686417955447,0.2165969924733375,-0.9427395419794354,0.7832699800046061,False,False,True
original,6d4a60c0cd,21,UNCHANGED,0,18.14562775567786,2,-0.5813791143988738,-1.4242150136815186,-0.11099323370110052,1.331553447235962,False,False,True
original,6d4a60c0cd,22,UNCHANGED,0,6.833981858544003,1,2.2632960174737917,0.9039195474051449,3.8762594138588593,4.225626608486927,False,False,True
original,6d4a60c0cd,23,UNCHANGED,0,9.9357971817406,1,-0.803737489548098,1.4336555713553985,3.015438158803942,2.8148820384007873,False,False,True
original,6d4a60c0cd,24,UNCHANGED,0,19.841979424868466,2,-1.2964023550442902,4.4383439605128325,-3.334831940402271,4.643781820813537,False,False,True
original,6d4a60c0cd,25,UNCHANGED,0,9.379531748510082,1,-1.4654806302875159,0.8524966753962295,-1.3658501845539033,2.2271750793952747,False,False,True
original,6d4a60c0cd,26,UNCHANGED,0,8.627742712158527,1,-0.042915514884225556,1.4397581416646161,0.22784071955814184,1.139992960185796,False,False,True
original,6da9003b74,2,UNCHANGED,0,5.482921436978639,1,-2.772259566570574,-3.1787280466752486,-6.173297009279876,6.4726913752236985,False,False,True
original,6da9003b74,3,UNCHANGED,0,5.0313836781980745,1,-9.918248592481223,-4.5819309079445505,2.8247649245819004,13.09498253829665,False,False,True
original,6da9003b74,5,UNCHANGED,0,3.830230267980962,0,-1.7150301951929792,-11.898523046411372,16.376370406093322,16.059329805926136,False,False,True
original,6da9003b74,6,UNCHANGED,0,6.244517922887641,1,10.387473993490994,-35.72558153195246,-22.54855341002342,35.54728854490909,False,False,True
original,6f3ef77ac0,3,UNCHANGED,0,7.467876548665564,1,-0.49598663285622707,-3.4075719587923308,-1.870150186112014,3.1055133644170305,False,False,True
original,6f3ef77ac0,5,UNCHANGED,0,7.906855058722916,1,2.1866712243761923,-0.5487663440990801,-0.2946357686271926,2.776485161338219,False,False,True
original,6f3ef77ac0,10,UNCHANGED,0,41.54612394856027,4,6.050871770423245,0.33635733186803224,3.6230745599797927,8.090026287285013,False,False,True
original,6f3ef77ac0,12,UNCHANGED,0,5.467879908979955,1,7.432861815450643,-0.02356845876045222,-4.475857084073328,9.939597753256972,False,False,True
original,705f217283,5,UNCHANGED,0,18.333497135990616,2,2.4716003601646435,3.4703234018348317,-3.980669476700448,5.172539112044876,False,False,True
original,73278a4a86,2,UNCHANGED,0,79.41330299528923,5,-5.508969416945911,-8.649167713261111,3.065693028772266,9.944882333010597,False,False,True
original,738cccd4fd,1,UNCHANGED,0,9.106470079487064,1,0.15181436691619865,0.5479852934779487,-0.6641903803559466,0.702709189609469,False,False,True
original,738cccd4fd,2,UNCHANGED,0,3.318383587623823,0,-4.166376118494964,1.181868208038483,5.329366998521206,6.756914283243223,False,False,True
original,738cccd4fd,3,UNCHANGED,0,6.543279128391977,1,-25.360461248639204,-7.351624088542437,-7.64484641912559,32.776136935232536,False,False,True
original,73f7634ab3,1,MERGING,0,72.37903593521413,5,11.450738001193235,-17.613261651561718,-41.81020935095035,38.50097928624509,False,True,False
original,73f7634ab3,4,MERGING,0,72.37903593521413,5,33.394625907059414,-13.705963888825286,8.816655821588345,43.65175353064784,False,True,False
original,73f7634ab3,9,MERGING,0,72.37903593521413,5,5.5552940257603725,-8.693144279766438,-30.10577795577897,25.662088543189842,False,True,False
original,73f7634ab3,10,UNCHANGED,0,21.819005176769434,3,1.3160889826742732,-7.448575313653479,3.577281050315462,6.671893895656703,False,True,False
original,74db120f0a,1,UNCHANGED,0,9.939547164888323,1,7.783122688744697,1.1992724663287726,-0.923000327275781,9.80097871628624,False,False,True
original,74db120f0a,4,UNCHANGED,0,6.096668289067001,1,-3.233859742850541,-0.01931614132569142,-2.470946076349372,4.487924324497653,False,False,True
original,74db120f0a,16,UNCHANGED,0,9.305257363491,1,3.542199997580724,-0.22145978891190488,1.2461743812807742,4.5389018036935225,False,False,True
original,74db120f0a,20,UNCHANGED,0,2.930972406737895,0,10.646661899603714,7.240514340213661,-14.265603680322567,18.32420455077817,False,False,True
original,757b505cfd,1,UNCHANGED,0,6.978847288204561,1,-2.4380470314311538,-8.934180907655765,-1.9001016627153742,7.760282977911351,False,False,True
original,758874998f,1,MERGING,0,22.420719699328775,3,-5.963661124719351,-14.007570031216302,-5.430171024929317,13.914327647810545,False,False,True
original,758874998f,2,UNCHANGED,0,20.987694172175257,3,2.4168449426394885,-9.182855030757164,-1.0354176064578986,7.824898353403156,False,False,True
original,758874998f,3,UNCHANGED,0,11.757963130077389,2,-1.5190842307048087,1.1441480900983079,-0.5173423681992084,2.137931121074521,False,False,True
original,758874998f,4,UNCHANGED,0,18.009784386114166,2,-13.545211029325532,-4.431482237360039,-8.753734870002063,18.610670469477217,False,False,True
original,758874998f,5,UNCHANGED,0,57.13010809156925,5,2.0145625716078386,-2.938181641681078,1.0186321844839745,3.5004316363688823,False,False,True
original,758874998f,6,MERGING,0,22.420719699328775,3,2.00437645755228,6.066998707073559,1.506367349517717,5.4901461630651465,False,False,True
original,758874998f,7,UNCHANGED,0,8.94899831869167,1,0.0954469357565415,-0.8532146892737185,-0.7310708426251479,0.8893742334822773,False,False,True
original,758874998f,8,UNCHANGED,0,25.70678468993853,3,-1.2117454062822248,0.07480500944713381,-0.08458321547465508,1.5172764268734997,False,False,True
original,758874998f,9,UNCHANGED,0,7.394869951402361,1,-0.887203336157745,-0.6752163376081756,-0.6783997034148561,1.3395829011929221,False,False,True
original,758874998f,10,UNCHANGED,0,12.785378334137803,2,-12.946384034188029,-1.0083378972309587,-4.4948373715007,16.585721578894912,False,False,True
original,758874998f,11,UNCHANGED,0,15.772436032166528,2,1.2857229735044142,0.05228985876169321,-1.0176393463133493,1.7970217764973457,False,False,True
original,758874998f,12,UNCHANGED,0,14.278027687087064,2,1.9272849715487836,-4.543638897101934,-1.8754448563904116,4.53715944419276,False,False,True
original,758874998f,13,UNCHANGED,0,10.723592978246318,2,-0.3372051092670517,-0.6289691097897415,0.8417988406702278,0.9274177238476272,False,False,True
original,758874998f,14,UNCHANGED,0,9.854230496616267,1,0.34659352044810704,0.5125402118751428,-0.28132659013983286,0.6302404001828568,False,False,True
original,758874998f,15,UNCHANGED,0,19.986272333318745,2,0.4016422221435505,0.5699905236277947,2.8676924683210623,2.360005897397956,False,False,True
original,758874998f,16,MERGING,0,42.73931224262741,4,-19.195661043183144,0.960684363208224,-5.939057771784817,24.459363197732117,False,False,True
original,758874998f,17,MERGING,0,42.73931224262741,4,-3.998545603964044,-12.29503118250477,-0.28860030948387644,10.82774818031045,False,False,True
original,758874998f,18,UNCHANGED,0,14.09903632623814,2,1.7242604166790272,0.3865962524087259,-0.4264559441375053,2.2022273755724386,False,False,True
original,758874998f,19,UNCHANGED,0,17.852050586256823,2,-0.9684944408044146,-1.545167877277977,-2.660676922046707,2.7071860596397324,False,False,True
original,758874998f,20,UNCHANGED,0,8.085025485659372,1,1.6729981148826198,0.33209619282930997,1.5124838582300684,2.421708420272398,False,False,True
original,758874998f,21,UNCHANGED,0,22.426028263443175,3,1.024501577675494,-1.647720421428327,-0.5806088419777942,1.8724035062738849,False,False,True
original,758874998f,22,UNCHANGED,0,39.88548741656311,4,0.08122320660004334,3.4152771512577442,3.3541543837291043,3.758795735078545,False,False,True
original,7658d0d211,1,UNCHANGED,0,13.984100707346396,2,-3.758268324864298,3.9149133128393423,16.571254709198328,14.225559924156402,False,False,True
original,7658d0d211,2,UNCHANGED,0,14.494215790247187,2,-10.945846484897515,26.639448793122614,8.158460998144143,25.719757388039508,False,False,True
original,7658d0d211,3,MERGING,0,88.65368381251098,5,-0.6384211471234209,20.93583557446623,24.17460199347325,25.13556700398991,False,False,True
original,7658d0d211,4,UNCHANGED,0,7.640775696779145,1,2.3319471203147146,-0.3899600616695981,0.3279297955091897,2.9421999157011895,False,False,True
original,7658d0d211,5,MERGING,0,88.65368381251098,5,31.34484508914589,-25.46006409192897,35.64711111205355,52.168847882239824,False,False,True
original,7658d0d211,6,MERGING,0,88.65368381251098,5,-15.76002041881947,11.029374838981548,22.023895302395392,27.645000125686533,False,False,True
original,7658d0d211,7,UNCHANGED,0,11.684410533079411,2,-14.041049580520257,9.140216840059576,3.5686465128923874,19.155542824214923,False,False,True
original,7658d0d211,8,MERGING,0,88.65368381251098,5,-10.1679181859798,-29.234457116464984,-11.63639360925791,27.697286112026024,False,False,True
original,7658d0d211,9,UNCHANGED,0,7.984932966624733,1,-4.976808292529563,3.6818321894034254,-10.256906668022804,10.604777983718433,False,False,True
original,7658d0d211,10,MERGING,0,88.65368381251098,5,7.543260382109298,1.2660064838868326,-12.51521682269219,13.689081898255015,False,False,True
original,7658d0d211,11,UNCHANGED,0,32.7688008709308,4,4.848001091019592,5.92598367758297,3.539753815229507,8.120584243955255,False,False,True
original,7658d0d211,12,MERGING,0,88.65368381251098,5,-31.881314883094312,-9.951898559465805,-28.573367562652727,46.4415072396351,False,False,True
original,7658d0d211,13,UNCHANGED,0,44.107054731323366,4,-1.6344507917868214,-13.840523188290398,-7.209962979063001,12.384633594323669,False,False,True
original,7658d0d211,14,UNCHANGED,0,20.818861018107413,3,-0.3287998129152129,5.464903461081799,-3.24846423642964,4.995465434339763,False,False,True
original,7658d0d211,15,UNCHANGED,0,20.76277545269043,3,3.2562093040025557,-0.3488870640847874,-3.5343993587428457,4.941436498919236,False,False,True
original,7658d0d211,16,UNCHANGED,0,14.71397333803533,2,-8.139586041078132,-0.6282542226244773,-0.5905491886863289,10.196957978578334,False,False,True
original,7658d0d211,17,UNCHANGED,0,8.20684930021578,1,-11.071730399974172,25.38621324904193,4.0585422424253945,24.390277772691203,False,False,True
original,7658d0d211,18,UNCHANGED,0,8.83020846037729,1,-0.9344194790395818,-0.7180747678158412,-0.8851896039564809,1.4719303165647066,False,False,True
original,76dc611d6e,1,UNCHANGED,0,9.445764989061898,1,-7.399395300184307,5.461110175919017,-13.933113844247544,14.986355848000008,False,False,True
original,76dc611d6e,2,UNCHANGED,0,7.8412420003238505,1,-17.940681718292147,-2.1398418174226213,0.8438923255056553,22.49789190107273,False,False,True
original,76dc611d6e,3,UNCHANGED,0,9.002959605584483,1,-7.644147350421579,0.38982842383274097,4.19828168440072,10.117634369018147,False,False,True
original,7a614fd06c,1,UNCHANGED,0,7.773290772825335,1,-0.21524751036448606,2.3217255158142414,-1.5981893472145041,2.22494523603323,False,False,True
original,7a614fd06c,2,UNCHANGED,0,7.773290772825335,1,6.806147260005116,3.5070448205298406,-0.3059204625121707,8.940977596464284,False,False,True
original,7a614fd06c,3,UNCHANGED,0,5.129540922275196,1,-0.8240850419980461,0.7524973502455784,-0.14006833596379611,1.1911020595950454,False,False,True
original,7a614fd06c,4,UNCHANGED,0,2.7847432488936557,0,1.2482508503202099,0.6397332654519896,-0.24714233771640118,1.6499192099338271,False,False,True
original,7a614fd06c,5,UNCHANGED,0,8.88681787864243,1,6.542918361191392,1.0253114106402879,-1.0301950897481347,8.25785654862421,False,False,True
original,7a614fd06c,6,UNCHANGED,0,12.327499329217321,2,5.324465426995983,3.7015723174194055,4.643773992095933,8.128878937855156,False,False,True
original,7a614fd06c,7,UNCHANGED,0,4.681119158514957,0,0.49365618299568725,-0.22243628228965387,-0.35822723413280966,0.7006007093195439,False,False,True
original,7a614fd06c,9,UNCHANGED,0,7.890641157204303,1,-7.442178898346856,-0.6992996705674164,-6.404854728119632,10.600759810559522,False,False,True
original,7a614fd06c,10,UNCHANGED,0,9.543487770591682,1,-0.04269718859034129,-0.49118262952931663,-1.6358330539412234,1.3475321401158418,False,False,True
original,7a614fd06c,11,UNCHANGED,0,2.7847432488936557,0,1.5876721064439607,0.4884035064643461,0.0671059935239074,2.021608322518427,False,False,True
original,7ba15e3f07,2,UNCHANGED,0,8.43248653364427,1,0.7165080101345211,-0.30353694121360864,-0.008512734027877158,0.9265018867902859,False,False,True
original,7ba15e3f07,3,UNCHANGED,0,7.253107393774856,1,0.4403981051975506,-0.39507354441298204,-0.020758457727327415,0.6312848027153627,False,False,True
original,7ba15e3f07,4,UNCHANGED,0,32.50278692930909,4,4.398085932620847,12.208603732911852,-4.936120092839422,11.67502791911222,False,False,True
original,7ba15e3f07,5,UNCHANGED,0,8.105470275512918,1,1.1243283416594068,-0.4290092087375048,-0.16960906580199883,1.4509821943662824,False,False,True
original,7ba15e3f07,6,UNCHANGED,0,37.504383532968305,4,9.572200302400484,17.13273595445473,-4.696601712898607,18.3286952734891,False,False,True
original,7ba15e3f07,7,UNCHANGED,0,10.710247755006307,2,-0.7973018487343552,0.6769714342054578,-1.5231433616955985,1.6483423758772728,False,False,True
original,7d06a9cf10,2,UNCHANGED,0,10.811678033078445,2,-7.023371044904323,-3.066622509035566,5.384211928298958,10.042783226758603,False,False,True
original,7d06a9cf10,3,UNCHANGED,0,19.438431525134973,2,-4.313744975469035,0.17378684221363458,3.459731073163809,6.045283634063872,False,False,True
original,7e7757b1e1,1,UNCHANGED,0,52.68288347093858,5,12.222623921079991,6.660240965262269,-36.784087160822864,33.20838584026576,False,True,False
original,7e7757b1e1,2,UNCHANGED,0,18.358649872654343,2,18.126211308659048,17.676437188767366,-2.867888829893457,26.628567655457715,False,True,False
original,7e7757b1e1,3,UNCHANGED,0,36.83038762096433,4,29.924132948871353,15.67039549202465,-23.468673118538938,43.494833330117835,False,True,False
original,7eabe3a164,1,UNCHANGED,0,7.890554800117404,1,-0.21270001826885618,4.472386410730558,9.74092066974024,8.446272219622639,False,False,True
original,7eabe3a164,2,UNCHANGED,0,7.095886184932082,1,4.670561974791871,-29.41352196265195,17.172970431933056,27.301718280245225,False,False,True
original,7eabe3a164,3,UNCHANGED,0,6.210545589532158,1,3.9957799355140424,-4.8690795374559634,11.68215412801085,11.151920479238298,False,False,True
original,7eabe3a164,10,UNCHANGED,0,4.9570066534915975,0,-4.229996062318696,0.4977626548362054,-6.576584143030979,7.418468461275409,False,False,True
original,7eabe3a164,13,UNCHANGED,0,7.712678554650698,1,-3.5513308684922094,2.194344066024938,-7.279110488748077,7.458403284136699,False,False,True
original,7eabe3a164,15,UNCHANGED,0,3.9343787881829626,0,-4.9779733817119,-9.373486399923369,-3.839676869951889,10.074201568347435,False,False,True
original,7eabe3a164,17,UNCHANGED,0,5.168192989385793,1,6.4779649716405405,-37.383263840947784,8.05106144304388,30.957163693139314,False,False,True
original,7ef605fc8d,1,UNCHANGED,0,33.09740333491638,4,9.92822620779819,9.458232241961671,-33.16795217936378,29.89020880269038,True,True,False
original,7f100b7b36,2,UNCHANGED,0,7.075688611231365,1,-0.22908315230029075,-0.1523094202884181,-1.0190940226510339,0.8617826707790627,False,False,True
original,7f100b7b36,5,UNCHANGED,0,9.480505029781895,1,-3.403872197667238,3.0664471959863473,2.016084018039127,5.135122630895078,False,False,True
original,7f100b7b36,6,UNCHANGED,0,64.21151810761229,5,0.3122027589653271,1.7734537309608278,0.09495353258672341,1.4409448684680857,False,False,True
original,7f100b7b36,7,UNCHANGED,0,10.852469134189837,2,0.919769977324745,0.31953575105858295,0.8796103168258302,1.365932311569129,False,False,True
original,7f100b7b36,8,UNCHANGED,0,12.886272568702655,2,-13.617685157007077,8.802308993621828,1.8792594150388582,18.417675852902022,False,False,True
original,7f100b7b36,10,UNCHANGED,0,9.033687141493651,1,-5.637947300653968,3.058580027386353,3.1568183186251324,7.847049975033582,False,False,True
original,7f1de29e6d,4,UNCHANGED,0,4.693669085213641,0,-1.720643086083419,2.9831708532887093,0.4251666029637654,3.1885293283702363,False,False,True
original,7f1de29e6d,7,UNCHANGED,0,3.3648105258143364,0,4.881862913978057,-7.411297080844818,-0.5283461396222675,8.421147018469956,False,False,True
original,7f1de29e6d,8,UNCHANGED,0,19.521691203032518,2,-0.9777252009834229,4.207733794818737,-5.628479035354417,5.658123934583124,False,False,True
original,7f5144f962,1,UNCHANGED,0,10.551271362949537,2,4.136884346374006,0.8634506958767215,0.7559033097583326,5.248884473325136,False,False,True
original,7f5144f962,2,UNCHANGED,0,3.4972754397332477,0,-0.7579697331938859,3.5029960413043955,4.201205192767041,4.401145086262857,False,False,True
original,7f5144f962,3,UNCHANGED,0,9.38224193558775,1,1.1610922306299698,0.8565853673737512,0.14512275060044055,1.6022246215261207,False,False,True
original,7f5144f962,4,UNCHANGED,0,4.9562053851211765,0,0.9279856126366439,0.47481875676509583,0.7231137049400379,1.3448374864637858,False,False,True
original,7f5144f962,5,UNCHANGED,0,7.849726020444352,1,-0.8664461326264246,0.7959058450903167,-0.2521546811446018,1.264509648718755,False,False,True
original,7f5144f962,6,UNCHANGED,0,11.741865143045773,2,-0.4708647343154098,-0.4141759976127914,-0.44468467635009085,0.7577343587253706,False,False,True
original,7f5144f962,7,UNCHANGED,0,9.191492874805693,1,-1.7807795236646826,-0.8047554723711612,-2.5026345464747375,3.0412091018970036,False,False,True
original,7f5144f962,8,UNCHANGED,0,3.824415130099601,0,0.028272199806588107,0.465261643398196,-0.4388799540325258,0.5031833440399628,False,False,True
original,7f5144f962,9,UNCHANGED,0,3.7479062141268042,0,-0.8683929060542596,0.7204335190574566,3.1565910836678657,2.774475949685533,False,False,True
original,7f5144f962,10,UNCHANGED,0,5.000459560515593,1,1.9794528653455132,-1.9135409816510043,5.191715721023521,5.013489148675911,False,False,True
original,7f6ffaa6bb,4,UNCHANGED,0,5.973044844837667,1,-7.180548731685372,-6.500997287616175,11.29582338348049,13.629844280735748,True,False,True
original,7f6ffaa6bb,5,UNCHANGED,0,14.863887069370103,2,-1.282770660901838,1.0056354811988226,-3.6818465001946046,3.4098153294391715,True,False,True
original,7f6ffaa6bb,6,UNCHANGED,0,19.2672968491238,2,1.2444488795438247,0.09249546056286735,-1.7654172205439205,2.089305801697456,True,False,True
original,8216124282,1,UNCHANGED,0,12.086311552948214,2,0.6588538995452382,-2.112092669616406,-2.706240283134471,2.821070650710943,False,False,True
original,8216124282,2,UNCHANGED,0,17.57749553410186,2,-8.501461998644084,7.2105338495508,24.70931209011009,22.906826346990258,False,False,True
original,82aa4b0af3,1,UNCHANGED,0,6.091888191484869,1,-1.7910219056558276,0.9477837086087386,0.3767958229015227,2.376642784246815,False,False,True
original,82aa4b0af3,2,UNCHANGED,0,6.130691073270534,1,-2.225463171855563,0.51888545017143,1.0725024350847217,2.9357897572896583,False,False,True
original,82aa4b0af3,3,UNCHANGED,0,2.965750138953996,0,-2.8269143202119267,-0.7076682948588234,0.3221560966786246,3.585624809058514,False,False,True
original,82aa4b0af3,4,UNCHANGED,0,15.669864203908846,2,-8.154978205741623,-2.8147954894406695,0.04156003002314027,10.428126620633117,False,False,True
original,82aa4b0af3,5,UNCHANGED,0,3.6297917092870495,0,-0.8533411503143725,-0.09709359788441789,0.09388633634744159,1.0719310277749774,False,False,True
original,839ab46820,1,UNCHANGED,0,3.8761402111526544,0,1.3620559054884325,-0.3445470644116857,1.4153601940424774,2.0538296091968573,False,False,True
original,839ab46820,2,UNCHANGED,0,7.355468621598541,1,1.7811472040950775,1.3435331011688632,-3.1199552628762524,3.481053310448475,False,False,True
original,839ab46820,4,UNCHANGED,1,17.789280895091967,2,-1.1927439124873445,6.077166303237091,0.7720588130805792,5.0120844315585735,False,False,True
original,839ab46820,5,UNCHANGED,2,12.341129095788418,2,1.4780321723909196,-7.806191301677386,-2.119312350449173,6.58622894851771,False,False,True
original,839ab46820,6,UNCHANGED,1,11.954184400999665,2,1.3985450266840473,-0.06006077224479815,-4.6899559598282305,4.092812616946565,False,False,True
original,839ab46820,7,UNCHANGED,0,17.05942049676777,2,-0.9487446000534305,-2.6766753400246346,1.6170302190721462,2.7210866227987904,False,False,True
original,839ab46820,8,UNCHANGED,1,10.622776579884691,2,2.7542442612573836,-1.0660302133235826,-3.306096164781773,4.398909457204735,False,False,True
original,839ab46820,10,UNCHANGED,1,11.359033420217784,2,3.9919145290373876,14.346885587922944,-2.39712430380278,12.410735127769396,False,False,True
original,839ab46820,13,UNCHANGED,1,8.327629279204121,1,-0.7354985534026639,-1.3156680185946534,2.5848685931194337,2.4618044718266385,False,False,True
original,839ab46820,14,UNCHANGED,0,5.430548661392307,1,-1.4255211493031368,0.6191411325783072,0.07523914991109058,1.8472998213668241,False,False,True
original,839ab46820,15,UNCHANGED,0,5.790184380193532,1,1.2574248102253307,1.307622646936731,-0.6244633868568952,1.938094091516072,False,False,True
original,839ab46820,18,UNCHANGED,1,6.910487735921185,1,1.0417292986959978,0.7593457031010982,0.13257092750520674,1.4346681989289074,False,False,True
original,839ab46820,20,UNCHANGED,0,5.641652139680036,1,-2.5193401296932905,-0.7620142923757935,-3.0046671941241505,3.986429831431191,False,False,True
original,839ab46820,22,UNCHANGED,1,14.062329515343798,2,2.245692256077092,2.2723531156259305,2.5882307468527856,3.8986810548561563,False,False,True
original,839ab46820,23,UNCHANGED,2,12.44226449654467,2,11.277220294245216,-19.659799880884325,3.887838700770005,21.068370963835477,False,False,True
original,839ab46820,24,UNCHANGED,2,25.63296873970431,3,2.1274246563962604,-1.6998520944057265,-0.27801893958106827,2.9803309409517666,False,False,True
original,839ab46820,25,UNCHANGED,1,13.237776016258632,2,-1.7256908200358794,0.17058258398874687,0.604996038240808,2.2133103995795347,False,False,True
original,839ab46820,26,UNCHANGED,1,22.76810679691116,3,-7.513908490603171,-5.7829659066683865,-28.400203166448886,24.712817900508433,False,False,True
original,839ab46820,27,UNCHANGED,1,9.248435338006773,1,0.03438973057367889,0.16051065947833157,0.7946952748986895,0.6408666043637856,False,False,True
original,839ab46820,28,UNCHANGED,1,8.136670374277404,1,4.3478615935772496,11.376401816302526,-8.162317311952625,12.245591597761516,False,False,True
original,839ab46820,29,UNCHANGED,1,9.114102932952497,1,-3.9909139511261458,-3.4608480467475444,1.7477474463444496,5.8389989107667235,False,False,True
original,839ab46820,30,UNCHANGED,0,14.536961257543007,2,0.4534235825138069,-0.19848984367144137,1.920421388446785,1.6251582074313409,False,False,True
original,839ab46820,31,UNCHANGED,1,18.13030813590159,2,7.460575748763006,7.305812891097604,-1.7740323198474066,11.022016537089772,False,False,True
original,839ab46820,32,UNCHANGED,1,16.248869522540367,2,3.6945531225043453,-0.3140750681171826,-1.9764538999119297,4.880538666957698,False,False,True
original,839ab46820,34,UNCHANGED,1,10.189617793800085,2,-3.9016164671916442,-9.156500348070036,1.426856924536638,8.728847432424311,False,False,True
original,839ab46820,35,UNCHANGED,2,15.174575885274972,2,1.2879800326084592,0.14032641783131902,-0.9206496391927526,1.769654440850037,False,False,True
original,839ab46820,36,UNCHANGED,0,4.266244327913707,0,0.8551046162862406,-1.6396417837079866,-1.0575700860804285,1.8651010743283014,False,False,True
original,839ab46820,37,UNCHANGED,0,16.352368297208482,2,-0.7631486138551793,-0.9707631132548016,-0.12041571673412828,1.2222256906661941,False,False,True
original,839ab46820,38,UNCHANGED,1,9.884546643950745,1,5.9402485043854085,-5.817559135675676,-0.1908868303377186,8.706402118503084,False,False,True
original,84150c44ef,2,UNCHANGED,0,62.75325975501954,5,2.8417801573342416,-6.920415074867046,0.045090955498244656,6.467759279184371,True,False,True
original,84150c44ef,7,UNCHANGED,0,13.863450463388734,2,-3.210862309801768,-30.582591579537613,-1.1693466270335158,24.237438853149136,True,False,True
original,842f3298f9,2,UNCHANGED,0,10.828743289379078,2,-1.4765194965860247,5.309912901786953,-1.2649799100554036,4.647636042021371,False,False,True
original,84d9ee44e4,2,UNCHANGED,0,23.695109318593932,3,12.394325939207349,3.3133699343976817,7.571361468698014,16.805145798019236,False,False,True
original,84d9ee44e4,3,UNCHANGED,0,10.199784557811128,2,20.780548925741357,-9.620604373114121,6.8645696177070255,27.57764439432275,False,False,True
original,84eb13cfed,2,UNCHANGED,0,21.035641991061976,3,16.67741102116181,-10.459957637460626,3.1288240453878204,22.525941101540372,False,False,True
original,854d6fae5e,1,UNCHANGED,0,4.645394826777925,0,-0.07667972711828952,0.36404772381021816,-0.13527717321442856,0.31846165153827405,False,False,True
original,854d6fae5e,2,UNCHANGED,0,10.358030663997942,2,-0.48338051480482136,-2.3629772519986054,-1.404086495532608,2.2356607377326547,False,False,True
original,854d6fae5e,4,UNCHANGED,0,6.502649737100162,1,-2.0865161842550832,-10.278333268730103,-5.821509577683633,9.609289463629192,False,False,True
original,85d8ce590a,2,UNCHANGED,0,6.910787759893248,1,-1.1197684357078856,0.5534811624851986,0.29979698358908585,1.4839127333591717,True,False,True
original,85d8ce590a,3,UNCHANGED,2,8.8221881956024,1,5.627404970801945,1.7898862762752474,3.812793021679513,7.777192240210277,True,False,True
original,85d8ce590a,4,UNCHANGED,0,5.188008366341995,1,-0.019638019042440648,0.4301279662335994,0.04138319518406201,0.3384045163357933,True,False,True
original,85d8ce590a,5,UNCHANGED,0,22.01339212243138,3,-14.426680515707336,5.09412252715882,-4.914595904751008,18.86971600231959,True,False,True
original,85d8ce590a,13,UNCHANGED,0,10.243316535605407,2,-0.6715208871578625,-1.9326957229930635,-0.6497036942116003,1.8016005967732582,True,False,True
original,85d8ce590a,15,UNCHANGED,0,7.773268707824347,1,0.7344047174515709,-0.46063450733649874,-0.46741349995123904,1.0526938750181989,True,False,True
original,871c14878f,1,UNCHANGED,0,11.72505562413743,2,-2.0607760272317592,0.7572530039009844,-3.5031454843868635,3.8242630872570875,False,False,True
original,871c14878f,2,UNCHANGED,0,7.0818277386739945,1,-3.658110101458658,0.07783579592757914,0.8606402593128674,4.623182085567688,False,False,True
original,871c14878f,3,UNCHANGED,0,6.488797800120428,1,-0.390453809092196,-9.443653506038196,8.236754267835215,9.842281358431947,False,False,True
original,871c14878f,6,UNCHANGED,0,7.804540235469123,1,-1.9295490137712363,0.1961939551606558,-0.07277446425359585,2.4174805407662983,False,False,True
original,871c14878f,7,UNCHANGED,0,23.532624634857626,3,1.159621726124385,-0.03549180680521876,-1.2975347715405814,1.7748159047527146,False,False,True
original,871c14878f,9,UNCHANGED,0,6.856854125302076,1,1.3002572803379053,0.5426392793613621,3.7455327202201114,3.3992108638868817,False,False,True
original,871c14878f,10,UNCHANGED,0,4.141477985370134,0,0.8633422817037626,-10.950830689065517,-6.319913370561781,9.958708333045372,False,False,True
original,871c14878f,11,UNCHANGED,0,6.657412896632759,1,-0.7998579238129878,-0.5172032111304092,0.6455514649085621,1.1925754653575953,False,False,True
original,871c14878f,12,UNCHANGED,0,8.922543839684774,1,-0.07683571635327553,1.490079445428036,-0.5248752681409047,1.2389690190768368,False,False,True
original,871c14878f,13,UNCHANGED,0,6.264865394868636,1,1.7968445416974645,-1.3530506035040448,1.215849065725504,2.661149308515801,False,False,True
original,871c14878f,14,UNCHANGED,0,7.683049015013026,1,0.6642690581660418,10.651650273626544,-3.432636940783103,8.788023947870656,False,False,True
original,871c14878f,15,UNCHANGED,0,6.445247509400564,1,-1.953231547201915,-1.6699552156467883,-0.5794791778984647,2.805563034230396,False,False,True
original,871c14878f,17,UNCHANGED,0,9.660558196813872,1,3.206122812866113,5.867948082603878,-0.016539568183158847,6.08803179093638,False,False,True
original,871c14878f,18,UNCHANGED,0,4.141477985370134,0,2.9717879817236734,4.313025477719264,-1.1160120103204867,5.091287147503048,False,False,True
original,871c14878f,19,UNCHANGED,0,6.264865394868636,1,-1.0508842375537142,-2.2007002445204495,-2.0031306084654585,2.679092258689986,False,False,True
original,871c14878f,20,UNCHANGED,0,25.111560402164173,3,0.7798180470889179,-0.5044609384517027,-1.9336712056019545,1.8528527856377948,False,False,True
original,871c14878f,21,UNCHANGED,0,6.310932235990622,1,-3.066623493213308,1.924769143371944,0.09008460284904936,4.118109667965614,False,False,True
original,871c14878f,22,UNCHANGED,0,18.36729739267158,2,1.157586795190457,2.992105432215807,-0.28311508666793084,2.7576173809083127,False,False,True
original,871c14878f,23,UNCHANGED,0,18.098843265790997,2,2.310589673325751,1.4812650488650623,0.40303213485459577,3.127519178490385,False,False,True
original,871c14878f,24,UNCHANGED,0,7.589343946891502,1,-1.5079836268810254,-4.985742648114077,-1.3510739207107745,4.455522734493076,False,False,True
original,871c14878f,25,UNCHANGED,0,7.327431016844737,1,-2.864397034837225,0.07453909588825289,-4.836512436106891,5.233092979892331,False,False,True
original,871c14878f,26,UNCHANGED,0,6.574186510679691,1,-1.6912186783158745,-2.5091362166097855,0.17668275301058786,2.885948486864497,False,False,True
original,871c14878f,27,UNCHANGED,0,4.438275264421838,0,-0.9692605351288875,-2.506286704574294,-0.6420838538229147,2.357120480039957,False,False,True
original,871c14878f,28,UNCHANGED,0,6.401100593018397,1,6.193191749593803,5.018083533475595,1.184782035684461,8.727200441325765,False,False,True
original,871c14878f,29,UNCHANGED,0,7.5255649319770335,1,8.372865199838634,3.5547546082413866,-10.839736488710521,13.798284219018623,False,False,True
original,8c19f571e2,1,UNCHANGED,0,6.401100593018397,1,11.660513868254565,10.848216004633862,-4.026305870842444,17.15586332581465,False,False,True
original,8c19f571e2,2,UNCHANGED,0,27.069264023557754,3,0.053268846803348424,-5.285208098202157,1.6100931292016205,4.319323639118151,False,False,True
original,8c19f571e2,3,UNCHANGED,0,12.999188977167792,2,-0.5888741097966431,0.42113877117230364,0.18028117055503817,0.8186858329719171,False,False,True
original,8c19f571e2,4,UNCHANGED,0,3.794671973445751,0,-0.15945333442655282,-2.466496515957898,6.381995261619662,5.394968427159758,False,False,True
original,8c19f571e2,5,UNCHANGED,0,5.348437397413284,1,1.3390541223575838,-0.12743827981015454,0.35103243846794957,1.6994943372920066,False,False,True
original,8c19f571e2,6,UNCHANGED,0,5.761429533225511,1,-0.4860813222428078,0.1843415039158703,-0.3081752350786491,0.6700965484988279,False,False,True
original,8c19f571e2,7,UNCHANGED,0,3.6637155084223685,0,0.09033124893321656,0.0811477899918436,-0.2919201886057416,0.2642267496344091,False,False,True
original,8c19f571e2,8,UNCHANGED,0,4.34381505382131,0,-0.8454333619671616,0.13241777110306407,-0.2703251735482803,1.0830490295296142,False,False,True
original,8c19f571e2,9,UNCHANGED,0,6.698256942281336,1,-0.19078642607457824,-0.17709931145731778,-0.12565545613735515,0.2929748143466688,False,False,True
original,8c9611718f,1,UNCHANGED,0,5.941879040397255,1,-7.609633747605744,6.074510702534743,-3.715775590788243,11.026397985154869,False,False,True
original,8c9611718f,2,UNCHANGED,0,26.281829941384334,3,-19.37266584248598,16.43443399949108,21.06963350366058,32.05474517450204,False,False,True
original,8c9611718f,3,UNCHANGED,0,13.996888121325789,2,-9.98300532359671,0.6351320691950572,3.7851228527882905,12.84073114541651,False,False,True
original,8c9611718f,4,UNCHANGED,0,17.15633146356537,2,-11.106614330268707,11.325254266109638,17.741626651394334,21.608507341605055,False,False,True
original,8c9611718f,6,UNCHANGED,0,8.21514126885967,1,-6.33775565550842,-0.39380111565627585,-1.3631110351203723,8.000777948460545,False,False,True
original,8c9611718f,7,UNCHANGED,0,8.140454032425156,1,-16.01531694906014,7.575141146835901,15.580076693298071,24.225553779390484,False,False,True
original,8c9611718f,8,UNCHANGED,0,12.30211909770029,2,-4.0069991817399595,3.494386113851943,-1.315217982294522,5.797626567954819,False,False,True
original,8c9611718f,9,UNCHANGED,0,14.405514082610594,2,-3.252497059749453,0.9018061662331386,-4.576864361397522,5.483220358187238,False,False,True
original,8c9611718f,10,UNCHANGED,0,11.980235615440877,2,-17.288184116769557,4.113016652693515,7.858345066928799,22.71042942581325,False,False,True
original,8c9611718f,11,UNCHANGED,0,11.452736139961694,2,-6.704561289941466,-1.24258469522407,-1.2210561639104924,8.491531941546539,False,False,True
original,8c9611718f,13,UNCHANGED,0,24.839201128240493,3,-4.4756104088924875,2.246204852154704,-0.12734747645406808,5.863973978802948,False,False,True
original,8c9611718f,16,UNCHANGED,0,13.690668498927856,2,-12.071191953681796,0.8238486155554778,-0.714966180167919,15.113233683930952,False,False,True
original,8c9611718f,17,UNCHANGED,0,6.490857642274925,1,-17.692573171860428,9.438312129695582,-9.07926489332335,24.387652711597514,False,False,True
original,8c9611718f,18,UNCHANGED,0,9.501808900479952,1,-2.4537408468660034,-0.06064784870637658,-1.5003927903349654,3.2880417296898896,False,False,True
original,8d3bba7425,1,UNCHANGED,0,3.637615882810448,0,4.952310918323747,1.6987622457938616,-1.101503482686648,6.390339881780619,False,False,True
original,8d3bba7425,2,UNCHANGED,0,3.3943604667014053,0,-0.5611644040952797,0.17871461953822332,-0.8683171409957768,0.9903970799658793,False,False,True
original,8d3bba7425,3,UNCHANGED,0,8.908394969110521,1,1.123714851912314,0.7367344300154275,-0.11650574960174677,1.520705944327885,False,False,True
original,8d3bba7425,4,UNCHANGED,0,13.658551567696078,2,-0.14050023647383797,1.4445357487865662,3.1296688938696167,2.720500975096176,False,False,True
original,8d3bba7425,5,UNCHANGED,0,3.637615882810448,0,0.3748935105538749,-0.15132385545460306,0.062385423234264104,0.48579012391665044,False,False,True
original,8d3bba7425,10,UNCHANGED,0,3.4792544265881094,0,-0.4046842269214267,0.23511207705842058,0.11287722216506696,0.5454709055250365,False,False,True
original,8d3bba7425,11,UNCHANGED,0,4.276626202928086,0,0.5444222053505655,-0.28420715258375706,-1.4175442234360167,1.3278931518483996,False,False,True
original,8d3bba7425,12,UNCHANGED,0,4.221079315656367,0,0.125158489287287,0.11726408213791972,0.4188319294621328,0.37691677070589746,False,False,True
original,8d3bba7425,13,UNCHANGED,0,3.783272976155342,0,6.93200684155313,3.611019885296741,0.6351968616462141,9.126177171900613,False,False,True
original,8d3bba7425,15,UNCHANGED,0,3.0027857511159257,0,-1.7331075832484657,-3.2731389067719667,9.591719552733979,8.276509412253485,False,False,True
original,8d3bba7425,21,UNCHANGED,0,16.458600780016766,2,1.2641158193445334,-0.7950275290914687,0.5358224060512573,1.7496068428291731,False,False,True
original,8d3bba7425,23,UNCHANGED,0,3.110117831427493,0,-1.320925714174382,0.09843197433847764,-3.8575532393459437,3.463493692332351,False,False,True
original,8d3bba7425,25,UNCHANGED,0,4.0449926502545805,0,1.291997294235489,-0.8689554413326567,-2.0331893804161965,2.3753314867673656,False,False,True
original,8d3bba7425,26,UNCHANGED,0,2.76148606841549,0,-0.608104150936606,-0.6230910451856219,-0.3835978092031895,0.9519521671512751,False,False,True
original,8d3bba7425,27,UNCHANGED,0,3.110117831427493,0,0.8467566555448229,0.17578394756137697,-0.8155770140885326,1.2462885160657695,False,False,True
original,8d3bba7425,30,UNCHANGED,0,3.304993364734064,0,-0.3315721721682621,14.83184115281321,-3.380320570798054,11.893965797104945,False,False,True
original,8d3bba7425,31,UNCHANGED,1,10.40444798170053,2,-0.8459370241799832,-0.8184923507877772,-1.6576589433952742,1.799265023648993,False,False,True
original,8d3bba7425,33,UNCHANGED,0,3.110117831427493,0,0.2951849767568774,-0.4012092841846183,0.5954777569300503,0.6745916896881872,False,False,True
original,8d3bba7425,35,UNCHANGED,0,9.008357253347777,1,-0.22596643587163498,2.3975550322524364,9.420537725632137,7.670240048074228,False,False,True
original,8d5e957f29,2,UNCHANGED,1,11.874827090806264,2,0.5381631878182815,1.6841245811872139,0.12424242932853237,1.480593631754094,False,False,True
original,8d5e957f29,3,UNCHANGED,0,6.998890026448464,1,8.228940068325892,-3.2283316950481695,-1.157708234546349,10.629997443457754,False,False,True
original,8f03ad02c6,1,UNCHANGED,0,18.811004691830437,2,-1.290644001183341,19.643992464570985,2.1253125061000846,15.51742021336848,True,False,True
original,8f03ad02c6,2,UNCHANGED,0,91.73557820923087,5,-8.556883578518898,13.555030014084975,17.797394525310466,20.583051102200827,True,False,True
original,8f03ad02c6,3,UNCHANGED,0,12.937207653416989,2,-3.5791231786359843,-3.669133986289911,0.28238826107994364,5.317620282021896,True,False,True
original,8f03ad02c6,4,UNCHANGED,0,6.292738742381375,1,-4.09354284367023,0.36597425098590924,1.7837971438288276,5.314647111386647,True,False,True
original,8f03ad02c6,5,UNCHANGED,0,14.52086603954549,2,-0.9611452646913221,4.949027541066839,-0.2661030346914304,4.05305030124561,True,False,True
original,8f03ad02c6,6,UNCHANGED,0,4.508685508371588,0,4.85312021517916,-3.4846236179668075,8.249720953872293,9.304579254141897,True,False,True
original,8f03ad02c6,7,UNCHANGED,0,5.528626966268991,1,0.055074518772789814,-1.5129547963604792,-0.7937490570877722,1.339093489597661,True,False,True
original,8f03ad02c6,8,UNCHANGED,0,4.038709002962817,0,1.0599735309898732,2.6009422153437076,3.008177583090746,3.3933961856781294,True,False,True
original,8f03ad02c6,9,UNCHANGED,0,6.194781337235483,1,2.7530250738150017,-4.78409212526003,5.736550142716531,6.803590836965983,True,False,True
original,8f03ad02c6,11,UNCHANGED,0,3.721837884197117,0,-8.192268989167598,21.545062693546537,4.907686954160309,20.07475473878947,True,False,True
original,8f03ad02c6,12,UNCHANGED,0,5.852830727330255,1,6.877698696222888,-0.8717230163577917,7.059529230898114,10.266381544778579,True,False,True
original,8f03ad02c6,13,UNCHANGED,0,5.767995126161867,1,5.026720409401287,-0.9814430650266686,5.358420656040519,7.612023138735349,True,False,True
original,8f03ad02c6,14,UNCHANGED,0,6.4571751742350925,1,-2.9032627287088415,-11.427809930508563,8.420520004952218,11.703329378126728,True,False,True
original,8f03ad02c6,16,UNCHANGED,0,5.497213635033635,1,-2.4428492516813094,-14.391084121417931,5.04429340984045,12.30809317650038,True,False,True
original,8f03ad02c6,17,UNCHANGED,0,4.600724802046426,0,-1.5017202337064532,-5.611504271030146,-1.8608040400433103,4.988614947410478,True,False,True
original,8f03ad02c6,18,UNCHANGED,0,9.029097130105763,1,0.49694925514234,0.5724205971223202,0.5434683844359836,0.8772698089689969,True,False,True
original,8f03ad02c6,19,UNCHANGED,0,3.578546059491418,0,-2.6542260905716377,-5.104045382172884,-5.608548523416668,6.8176133791273745,True,False,True
original,8f03ad02c6,20,UNCHANGED,0,4.363141353573161,0,-8.234749646572833,-9.189286885738827,-1.1259587131331579,12.57978540222868,True,False,True
original,8f03ad02c6,21,UNCHANGED,0,12.270243710168895,2,-5.67507246252012,-0.8302107358832342,3.2380169950031905,7.567692466521844,True,False,True
original,8f121ce07d,1,UNCHANGED,0,3.721837884197117,0,-2.980121392999172,0.682326678351033,0.9458630289237384,3.8363625404429933,True,False,True
original,8f121ce07d,4,UNCHANGED,0,5.824826324119786,1,-0.5363073771379959,14.332173622295832,0.8678306377968279,11.234370283612098,True,False,True
original,8f121ce07d,5,UNCHANGED,0,3.158378531003292,0,-0.5547140133608537,0.6363860508582369,0.12430350441820585,0.8587423245896666,True,False,True
original,8f121ce07d,7,UNCHANGED,0,3.979307594747095,0,11.329903331573679,6.047385301081692,-7.955053920819146,16.194897682516476,True,False,True
original,8f121ce07d,8,UNCHANGED,0,6.316757062006584,1,-0.4583860797207535,0.5067269059069994,0.028384224876470576,0.6967292186778262,True,False,True
original,8f121ce07d,9,UNCHANGED,0,8.221174386174601,1,4.245122482263582,5.215812669295409,-0.39341912258895056,6.696870458480343,True,False,True
original,8f121ce07d,10,UNCHANGED,0,8.825453500465459,1,-18.60592134380993,18.390153598200452,-0.8941138675031447,27.34395432703063,True,False,True
original,8f121ce07d,11,UNCHANGED,0,7.043468241394674,1,2.921192544718724,-4.621894762907655,1.2586516024826815,5.229676574960542,True,False,True
original,8f121ce07d,13,UNCHANGED,0,19.637540818848734,2,-16.410940991875965,4.424603103492698,4.0613446379106835,21.048049157054162,True,False,True
original,8f121ce07d,14,UNCHANGED,0,4.936468619912132,0,-1.8363226957523693,0.6950811798926728,1.136758118036236,2.523490707242491,True,False,True
original,8f121ce07d,16,UNCHANGED,0,18.303697917040136,2,11.994880686834723,1.0449170281672633,13.571939661062787,18.442909050141125,True,False,True
original,8f121ce07d,20,UNCHANGED,0,4.363141353573161,0,-9.544536886131345,17.263977602749183,4.236985017437623,18.31153230389031,True,False,True
original,8f121ce07d,21,UNCHANGED,0,3.979307594747095,0,-3.0473698471049375,0.23883081452105853,-0.7676346058720835,3.8615695265406336,True,False,True
original,8f121ce07d,23,UNCHANGED,0,5.300714315929007,1,2.2205880214459284,-2.205129128894096,-0.29126573936577876,3.274677075945586,True,False,True
original,8f121ce07d,24,UNCHANGED,0,7.26721847514237,1,-3.7662006254187874,4.001823415159968,4.42423918165978,6.642014165870144,True,False,True
original,8f121ce07d,26,UNCHANGED,0,11.535990252323733,2,1.5122531832535515,-22.87886530820439,4.9289001112286694,18.38413320809123,True,False,True
original,8f121ce07d,30,UNCHANGED,0,4.816018570097363,0,-5.532227235989785,-7.177722792021733,-0.3241108975693296,8.905703700110333,True,False,True
original,8f121ce07d,31,UNCHANGED,0,5.125063332161864,1,5.234471896095556,-1.4970275843863377,5.543242478313629,7.956603589693917,True,False,True
original,8f121ce07d,32,UNCHANGED,0,2.428417116419947,0,-2.710436065233671,-1.1859713317186844,-1.4210801849623784,3.68699586302124,True,False,True
original,8f121ce07d,33,UNCHANGED,0,13.24906691699491,2,-2.305954101035627,-22.38711049242471,11.514339803117709,19.913418429948052,True,False,True
original,8f121ce07d,34,UNCHANGED,0,6.144618962899393,1,-4.500829605887679,24.276767983065692,9.099838898094246,21.04017440352707,True,False,True
original,8f121ce07d,36,UNCHANGED,0,3.502383542683825,0,-1.9551367238105513,27.14737042935261,-3.7227402365944875,21.54365400691658,True,False,True
original,8f53295a73,2,UNCHANGED,0,8.718755318736275,1,-2.4196011125918857,-7.602310852142515,2.646540082848174,6.9828811953919026,False,False,True
original,8f53295a73,7,UNCHANGED,0,6.657034799859479,1,-2.1245728530667294,-8.447975162332678,2.232373776369115,7.327143151078756,False,False,True
original,8f85517967,2,UNCHANGED,0,17.47560132499943,2,2.434012113878441,4.660870537345284,0.9149570496402104,4.798818398679651,False,False,True
original,8f85517967,3,UNCHANGED,0,12.585196349638506,2,-3.210991903608999,2.3588109654439164,-1.0977282611020167,4.500451820679469,False,False,True
original,8f85517967,4,UNCHANGED,0,3.4651392003503094,0,5.407477934461758,3.9961980917043745,-1.8614320010795355,7.5885836184093804,False,False,True
original,8f85517967,5,UNCHANGED,0,12.811934836198906,2,0.06863519532461168,-2.0641212609390034,-2.081292345949475,2.3027768076737285,False,False,True
original,8f85517967,7,UNCHANGED,1,10.766993160983441,2,2.4505686856830806,1.3982009968601006,-1.3094780172000609,3.412209092274558,False,False,True
original,8fc4c7ab44,1,UNCHANGED,0,22.946047392516533,3,2.459463268386594,5.087335595831022,-4.490768285580637,6.147541846962014,False,True,False
original,8fc4c7ab44,2,UNCHANGED,0,19.57012127347145,2,-46.591166171567366,-5.644464034877091,-2.1626688180822864,58.43048136934915,False,True,False
original,903ce9225f,1,UNCHANGED,0,14.326147680468008,2,-0.8513040361606101,-0.6019463327906092,0.20806942087376104,1.1748771755611391,False,False,True
original,903ce9225f,2,UNCHANGED,0,12.344680707601562,2,-0.007394378315802896,-0.11533508754864526,0.5148005685534381,0.4161484437697019,False,False,True
original,903ce9225f,3,UNCHANGED,0,20.643730396953277,3,-3.753105620312067,3.0317763966867006,3.918812830670632,6.09719098447047,False,False,True
original,914b62192c,1,UNCHANGED,0,16.36631613697119,2,0.46450159370555755,0.3485165987365879,1.774227623830725,1.5397530910790913,False,False,True
original,914b62192c,2,UNCHANGED,0,12.664300854889177,2,1.8609655985928157,0.5765190746056281,1.1139830930476577,2.5271519436072323,False,False,True
original,914b62192c,3,UNCHANGED,0,22.96962789342048,3,0.8667771998535401,2.0352646667681467,-0.9196393687858841,2.0559771634131936,False,False,True
original,914b62192c,4,UNCHANGED,0,5.238227096597147,1,-1.0720847195184546,0.9219581636634658,-0.7016845375878744,1.6189070491407118,False,False,True
original,914b62192c,5,UNCHANGED,0,19.17513483891975,2,0.4688952400398477,-1.047409957671307,-0.814267622096007,1.1939242846839122,False,False,True
original,918317b579,1,UNCHANGED,0,15.907632469736061,2,-3.2970008225881657,-1.1982221700790792,0.02839656235180253,4.226222333007827,False,False,True
original,918317b579,2,UNCHANGED,0,27.926658578450777,3,3.3530504309321714,8.78417613683388,-7.490247340242265,9.977903605152743,False,False,True
original,918317b579,3,UNCHANGED,0,27.27394856194205,3,0.6103200848695678,3.7377385897348927,-1.6308597908323448,3.280139303781794,False,False,True
original,918317b579,4,UNCHANGED,0,7.619706306868213,1,0.1305263883140242,1.3138764951525412,-1.399511082393777,1.5162017944312147,False,False,True
original,918317b579,5,UNCHANGED,0,17.548281271247223,2,-4.60041153298962,4.180215585310923,-3.918716830263553,7.299770072489577,False,False,True
original,918317b579,6,UNCHANGED,0,7.358996699364407,1,-1.909874720876087,-4.3353278817633,1.846885085750884,4.3917054073927435,False,False,True
original,918317b579,7,UNCHANGED,0,11.331936516171998,2,-1.4986627278041396,0.6213457856794562,-1.9458191828539684,2.4701910844263844,False,False,True
original,918317b579,8,UNCHANGED,0,38.06323408567164,4,-1.123383608326776,-0.3285795418682506,-14.935916043481228,11.87058077522091,False,False,True
original,918317b579,9,UNCHANGED,0,16.05082317982057,2,1.141411293816006,-1.8951332093101352,1.5671545428518483,2.3990089613980516,False,False,True
original,918317b579,10,UNCHANGED,0,9.142364609396864,1,-1.2614745941144292,-1.630607289841614,-0.5698888430636103,2.0761565433517255,False,False,True
original,9188905e74,1,UNCHANGED,0,4.231538192319178,0,3.4745654305498306,3.613816021028362,-4.027630642110069,6.076820614878589,False,False,True
original,9188905e74,3,UNCHANGED,0,4.120129781568043,0,5.755513767267132,-4.831594804027917,-10.908651565124973,11.835437193210916,False,False,True
original,9188905e74,4,UNCHANGED,0,3.7433863356141375,0,-2.6869917234084824,-1.2300189872171992,0.9704907562057445,3.576351967182941,False,False,True
original,9188905e74,5,UNCHANGED,0,3.7433863356141375,0,-6.523563964068529,-1.056094733844717,-0.9307084486011636,8.22889337393691,False,False,True
original,9188905e74,6,UNCHANGED,0,2.85673843583802,0,0.9297283222153112,-3.856090715380567,0.10835702566471608,3.229195222429317,False,False,True
original,9188905e74,8,UNCHANGED,0,3.0773281932584267,0,-1.0783351883114847,-2.0322447463522333,-18.469850071352617,14.72073240052382,False,False,True
original,9188905e74,9,UNCHANGED,0,4.337370214899531,0,-23.20607503397821,-37.87236082653217,-1.3526944594809858,41.442203405642374,False,False,True
original,9188905e74,10,UNCHANGED,1,23.455409511276724,3,-23.31060476691144,10.408237750386848,35.11590809760096,41.02149864973985,False,False,True
original,9188905e74,12,UNCHANGED,0,7.045322823667665,1,-3.382257976881135,-1.4835708467167912,-1.65057001278113,4.573071278776115,False,False,True
original,9188905e74,13,UNCHANGED,0,2.5955191200481713,0,-1.069146492549578,-16.053886360248374,-2.803852167147019,12.801704500886519,False,False,True
original,9188905e74,14,UNCHANGED,0,4.438275264421838,0,1.5717130909864636,-5.274746459357064,-5.497842822183125,6.296603973165045,False,False,True
original,9188905e74,15,UNCHANGED,0,19.534726225453575,2,-8.620230613087358,4.17472663788848,3.325439739898109,11.559482069458692,False,False,True
original,9188905e74,19,UNCHANGED,0,14.274163362366577,2,-3.056165136073446,-1.1865389107746882,0.5508741720946532,3.9549509947267816,False,False,True
original,9188905e74,22,UNCHANGED,0,6.540298349506618,1,-3.8085836411247556,-20.08203905350983,22.510114738938395,24.167940431354253,False,False,True
original,9188905e74,26,UNCHANGED,0,3.0773281932584267,0,-3.934774831541688,-0.27194233958974523,-0.38230559865653024,4.932284172093964,False,False,True
original,9188905e74,29,UNCHANGED,0,5.191038240096343,1,-12.52200321836358,2.9230903406607474,-0.9853724060139855,15.83720650997973,False,False,True
original,9188905e74,31,UNCHANGED,0,3.5992648893560757,0,-0.2646238867383488,-3.1138642487723622,-0.5389531666634731,2.490885987422036,False,False,True
original,9188905e74,32,UNCHANGED,0,3.8771905681212497,0,-6.858140917263512,3.2223400256494,-2.419569723933181,9.13612209488819,False,False,True
original,9188905e74,34,UNCHANGED,0,16.509081608245985,2,2.595772377243577,0.7603271411340906,0.6931738596939819,3.3436373085657607,False,False,True
original,9188905e74,36,UNCHANGED,0,4.965049460222098,0,-25.360340994653882,8.714927646229066,13.99504801010677,34.251589088618715,False,False,True
original,9188905e74,38,UNCHANGED,0,4.5347895982472615,0,-18.22226604093612,1.6684291555736859,8.879781687954624,23.866580893654206,False,False,True
original,9188905e74,42,UNCHANGED,0,6.050320020285059,1,-1.0377140066940171,-0.235767954815618,1.4109921124745557,1.719261637148664,False,False,True
original,9188905e74,43,UNCHANGED,0,4.120129781568043,0,-1.6179271222304124,-8.56991361953828,3.4677372824759445,7.508242139558988,False,False,True
original,9188905e74,44,UNCHANGED,0,4.965049460222098,0,-21.333697973385256,-12.960613408376906,9.722459326211169,29.5370902187573,False,False,True
original,9188905e74,45,UNCHANGED,0,3.4425730209535255,0,-10.988819986837939,-24.30399640616025,12.269736078285327,25.35135189537779,False,False,True
original,9188905e74,48,UNCHANGED,0,4.438275264421838,0,-4.02826932798655,-7.774450152673963,17.40554116946123,15.837185462505902,False,False,True
original,92c8c96e4c,3,UNCHANGED,1,4.608792426973245,0,-6.2834172602449145,-19.343514214306843,4.798899900774919,17.442933818145402,False,False,True
original,92c8c96e4c,4,UNCHANGED,0,3.93726700264375,0,-10.47428771904049,6.730316276012549,2.780304586719565,14.278116775881914,False,False,True
original,92c8c96e4c,5,UNCHANGED,0,15.423947036698769,2,0.3204965779075565,6.806123788661461,-2.1949911256622405,5.604927623849146,False,False,True
original,92c8c96e4c,7,UNCHANGED,0,10.318558613881263,2,1.3224386140718707,0.4307107055959465,0.16469944370340975,1.6919249188107934,False,False,True
original,92c8c96e4c,9,UNCHANGED,1,9.601446049938644,1,-1.5438733281365102,-3.3717628703414997,-1.6566949610276982,3.516731312547003,False,False,True
original,92c8c96e4c,10,UNCHANGED,0,6.528485755073782,1,-10.301102126643332,2.0490149494646306,-3.1018533485005717,13.204225915512696,False,False,True
original,92c8c96e4c,11,UNCHANGED,0,10.968090059437097,2,-3.7375576005399354,-0.10569226135186285,-2.234127792564055,4.994107371070832,False,False,True
original,93dd4de5cd,1,UNCHANGED,0,10.404433579205175,2,-9.657237847853821,3.512696835756742,-7.95040915730956,13.877950876742876,False,False,True
original,93dd4de5cd,2,UNCHANGED,0,15.779063363364113,2,1.0255466114792853,-2.986374478776727,5.809808351453324,5.300541834677197,False,False,True
original,94f6d7e04a,1,UNCHANGED,0,37.570580310188376,4,5.353106183628529,6.853504114215336,3.8611151466276503,9.094254299399699,True,False,True
original,94f6d7e04a,2,UNCHANGED,0,7.3506013684870695,1,8.840932484577559,-6.733193166655721,8.898547509285606,14.109400449215292,True,False,True
original,94f6d7e04a,3,UNCHANGED,0,21.751940895327294,3,12.353220504104433,-11.11502250336322,7.567198537773669,18.693439299129896,True,False,True
original,94f6d7e04a,4,UNCHANGED,0,6.763011059568397,1,3.1106836247644196,-2.101992950428081,8.374846366422476,7.84071087732468,True,False,True
original,94f6d7e04a,5,UNCHANGED,0,29.00841590446487,3,4.341743153990876,-7.885931661443906,-0.42433216003614016,8.215751078178101,True,False,True
original,94f6d7e04a,6,UNCHANGED,0,8.759567170948028,1,4.476412397205422,0.015426077432653321,-2.3337952649758003,5.890718284712761,True,False,True
original,94f6d7e04a,7,UNCHANGED,0,9.713643757202295,1,5.967849824153495,5.35467845463711,8.788471467071197,11.00998427609306,True,False,True
original,94f6d7e04a,8,UNCHANGED,0,22.905723061683,3,2.0497182632868545,1.5859861941952669,-5.84688891017179,5.420372642621366,True,False,True
original,94f6d7e04a,9,UNCHANGED,0,22.8082610890738,3,0.6171225616345964,3.12778590604272,1.1226738933318834,2.7105279944003784,True,False,True
original,94f6d7e04a,10,UNCHANGED,0,11.046804286748605,2,6.901160218952327,3.9899227363225243,-10.88923202831861,12.567480609320723,True,False,True
original,94f6d7e04a,11,UNCHANGED,0,9.363924670852539,1,0.8176238352845531,1.4710650763061297,-11.494077428279475,9.198268592918248,True,False,True
original,94f6d7e04a,12,UNCHANGED,0,25.243014233517478,3,-0.1836143270933576,-1.911725579135803,-2.024344310724424,2.198402149544833,True,False,True
original,94f6d7e04a,13,UNCHANGED,0,7.420611309368648,1,3.072416635129207,0.2798056859010542,3.408045154789587,4.693377664527731,True,False,True
original,950a4152c2,5,UNCHANGED,0,6.470317822984756,1,-2.076353065456565,24.81597334100125,9.421626465794937,20.919595910686905,False,False,True
original,950a4152c2,12,UNCHANGED,0,12.437430525200282,2,7.2768092558146735,6.946249873376599,-3.795631853712547,11.006217773977344,False,False,True
original,950a4152c2,17,UNCHANGED,0,9.358324075063345,1,-2.4219027027972,0.33347987348471364,-0.5195885249882152,3.0660913683722053,False,False,True
original,950a4152c2,19,UNCHANGED,0,6.632142386730187,1,13.562962443707335,-31.179649342031205,8.555722853240479,30.42996779472305,False,False,True
original,95b3019dea,1,UNCHANGED,0,6.325108562717647,1,-1.7648659643225755,0.23543708258888332,7.383839745141967,6.232265510991217,False,False,True
original,95b3019dea,2,UNCHANGED,0,10.005499437861323,2,4.343679555381709,2.2119105194824744,-0.33701132076754003,5.703991367633815,False,False,True
original,95b3019dea,3,UNCHANGED,0,14.161011391958949,2,-2.509450810485146,6.0310484319511195,-3.2723027423325965,6.220287472485005,False,False,True
original,95b3019dea,4,UNCHANGED,0,7.009695894364786,1,3.7571470029422245,3.9381851656599074,-0.29940740237077323,5.61892920130033,False,False,True
original,962e611a0f,1,UNCHANGED,0,19.547454093729883,2,0.33214145569847914,-0.9218214451871956,0.6988133013371798,0.9973419618477181,False,False,True
original,962e611a0f,2,UNCHANGED,0,4.452248409071191,0,-0.06922852341203907,0.19308302840972305,-0.539105504798736,0.4595156600748231,False,False,True
original,962e611a0f,5,UNCHANGED,0,5.066571752986249,1,-0.9088940579128121,-0.14641958599056848,0.3004748578433512,1.1662093731380705,False,False,True
original,96da2f590c,1,UNCHANGED,0,6.368718177445835,1,-0.007480064452602164,0.5002898299540617,-0.2135426930488283,0.42560752779420696,False,False,True
original,96da2f590c,2,UNCHANGED,0,27.80741672092591,3,2.541798571969264,-1.978637637206943,1.2710709069904838,3.672691914572687,False,False,True
original,96da2f590c,3,UNCHANGED,0,3.687014802386038,0,0.6198548783639808,0.23727203699093435,-0.5741651560678122,0.916464528211955,False,False,True
original,96da2f590c,4,UNCHANGED,0,5.493509951923275,1,-0.509897428253862,-0.006293959914120529,-0.04515305022629918,0.6383855811397725,False,False,True
original,96da2f590c,5,UNCHANGED,0,9.55131665476394,1,-1.7437556560399117,1.8884284952352044,-1.502338565936598,2.886404570201716,False,False,True
original,96da2f590c,6,UNCHANGED,0,13.188621936301718,2,-0.5176971999138005,0.8825892468958529,-0.5697637946863088,1.0468969576520737,False,False,True
original,9766527f2b,2,UNCHANGED,0,12.751392437528006,2,-2.6463711287177603,-3.085926289263843,3.6930589952163992,5.024103457708009,True,False,True
original,9766527f2b,3,UNCHANGED,0,16.891758217017223,2,1.5000226920643627,-1.1078920561309638,0.18006356615417618,2.0699267044422385,True,False,True
original,9766527f2b,4,UNCHANGED,0,11.726708292806467,2,0.6148152196586807,0.40393689494881063,5.690666689802753,4.566144022578028,True,False,True
original,9766527f2b,5,UNCHANGED,0,12.843330669452934,2,-2.3717007220043342,-0.8161275144981435,-1.6333862077228625,3.2948649583701934,True,False,True
original,979d472a84,1,UNCHANGED,0,14.725085445328032,2,3.173525550902036,0.7107309636512482,0.7560238591686155,4.049726048273747,False,False,True
original,9872ed9fc2,1,UNCHANGED,0,4.425265567830138,0,-0.7323117737568736,-0.2103106027207887,-0.36756447787390034,0.9741776537459198,True,False,True
original,9872ed9fc2,3,UNCHANGED,0,3.9056822326912184,0,-0.030026930657732008,-0.906049081351207,-0.3984538314815824,0.7752262909643786,True,False,True
original,9872ed9fc2,4,UNCHANGED,0,3.6529762405033717,0,2.1972052719678685,-0.2163504002920121,0.3363114955206884,2.76446372665701,True,False,True
original,9872ed9fc2,5,UNCHANGED,0,4.331082243769242,0,-1.5823442654796736,-0.408086599044716,0.1202391698963146,2.005688940018134,True,False,True
original,9ac05befca,1,UNCHANGED,0,12.130143877477067,2,-1.4880588699274653,0.23272521509071922,-1.0392449503938195,2.0408947207749684,False,False,True
original,9ac05befca,2,UNCHANGED,0,20.71190154919451,3,1.0178619733496022,-0.8135030182743807,0.8117047814440643,1.5596918359096934,False,False,True
original,9ac05befca,3,UNCHANGED,0,36.605786363636504,4,0.4452556231131837,-2.5259290836247272,-1.4595436873273209,2.351095713162364,False,False,True
original,9ac05befca,4,UNCHANGED,0,44.307512727194265,4,-2.26323380657652,2.4426671126121584,0.4063258230411899,3.4271950393200967,False,False,True
original,9ac05befca,5,UNCHANGED,0,31.45747610637786,4,0.8015952072877752,-1.6281033559655276,3.382190752864375,3.1212143890552526,False,False,True
original,9ac05befca,6,UNCHANGED,0,32.199191347069394,4,0.9574206089092627,-4.358573912706205,0.14730281840335893,3.6101676506141374,False,False,True
original,9ac05befca,7,UNCHANGED,0,51.997921279784734,5,1.5902225999239135,1.5576312285953038,-1.172353268205968,2.507341096369088,False,False,True
original,9ac05befca,8,UNCHANGED,0,41.22814827657689,4,0.10603968759751296,-0.776282035509961,-4.543027669458216,3.6377759328645687,False,False,True
original,9b04d15284,1,UNCHANGED,0,4.243336214268926,0,2.3832892847389076,2.8876339689281747,-7.1003462786197815,6.733911771180013,False,False,True
original,9b04d15284,2,UNCHANGED,0,11.803582064611907,2,1.7160589577561722,-16.057944182865864,-15.341989713892776,17.56164314037398,False,False,True
original,9b04d15284,3,UNCHANGED,0,5.884330010047401,1,-1.4497454047325617,-0.8314884600113588,-6.589142665809238,5.543787851111708,False,False,True
original,9b8619251a,1,UNCHANGED,0,11.253506597971548,2,2.568585322592503,0.7604097535418006,-0.46310979884778913,3.2855750988395065,False,False,True
original,9b8619251a,2,UNCHANGED,0,6.635147135344904,1,-2.499325841149539,-0.9405719746625184,-0.522379991152128,3.235714842922946,False,False,True
original,9b8619251a,3,UNCHANGED,0,8.545594548092787,1,-4.562755655591445,1.8285820346773312,0.2995602458349617,5.884273683830925,False,False,True
original,9b8619251a,4,UNCHANGED,0,5.519890275185323,1,-0.4522869774655419,-0.040099245799800926,2.609928707977668,2.135662639658184,False,False,True
original,9b8619251a,5,UNCHANGED,0,8.098346001051171,1,0.46069974070362607,1.582930694595819,-12.818600398809178,10.205413971955226,False,False,True
original,9b8619251a,6,UNCHANGED,0,30.850419109858695,4,1.5180200303120273,3.719963282384681,2.4970571606272824,3.9903534541122623,False,False,True
original,9b8619251a,7,UNCHANGED,0,5.6614872236789,1,3.5897021644869485,-0.1511917359881748,-2.5011240450792993,4.903316617744216,False,False,True
original,9b8619251a,8,UNCHANGED,0,13.403006017337814,2,3.277133067025443,4.264925151403782,-1.4061465034176084,5.395038792717045,False,False,True
original,9b8619251a,9,UNCHANGED,0,11.850368651898902,2,-2.0836836347210466,0.4821657184530647,1.389532583346998,2.8509182575797145,False,False,True
original,9b8619251a,10,UNCHANGED,0,5.925184325949451,1,-0.37379209791756696,-0.8390114072751774,-0.8449167545004636,1.0450346150669028,False,False,True
original,9b8619251a,11,UNCHANGED,0,7.357835643194945,1,-7.86708060677654,-1.3444193781051128,-2.26481238264901,10.049887894718402,False,False,True
original,9b8619251a,12,UNCHANGED,0,18.48030301183763,2,0.6684158849081541,5.30927241451326,1.4807808044678141,4.3882697158241655,False,False,True
original,9b8619251a,13,UNCHANGED,0,5.370630337920264,1,2.0341208812993727,1.217673628549519,1.819958375022402,3.071062644830442,False,False,True
original,9b8619251a,14,UNCHANGED,0,14.877394909276616,2,-0.7125205761523148,0.2690029490714565,0.5166003852938718,1.001764917218546,False,False,True
original,9b8619251a,15,UNCHANGED,0,12.468875334852875,2,-2.271752960100957,-0.6992559684056551,0.5525695195239665,2.9244090390850572,False,False,True
original,9c3ce93643,2,UNCHANGED,0,8.522432780357121,1,28.276107490222046,34.279948147265905,-55.56910134919569,62.35664297745707,False,True,False
original,9c838d2e45,1,UNCHANGED,0,11.220402130508313,2,-3.359530429669519,-2.128301970139095,1.4816911366847731,4.665263061149346,False,False,True
original,9c838d2e45,2,UNCHANGED,0,63.30591451833726,5,3.1970806621821453,-1.6066820791976737,-44.10823851676207,35.05257258865932,False,False,True
original,9c838d2e45,3,UNCHANGED,0,16.85822636314221,2,-3.854996260485791,-2.762489029553593,0.0633775096445402,5.279927103241356,False,False,True
original,9c838d2e45,4,UNCHANGED,0,19.469637258678347,2,-0.21683371092240122,6.453195751223877,-5.546959188565498,6.680472680468676,False,False,True
original,9c838d2e45,5,UNCHANGED,0,9.227173747961048,1,-5.7751523907907085,5.519044807075949,3.536760676581221,8.858856545368754,False,False,True
original,9c838d2e45,6,UNCHANGED,1,55.75039907769803,5,-0.22073184609635632,0.21798593063614255,5.835324166269147,4.615471877864729,False,False,True
original,9c838d2e45,7,UNCHANGED,0,12.238484070112257,2,-1.7295176806270547,-4.570692243288239,2.121237476575768,4.496416215565339,False,False,True
original,9c838d2e45,8,UNCHANGED,1,11.656719035619245,2,-1.0328386582161784,-4.135656445017999,2.6661971587626603,4.065049216019066,False,False,True
original,9c838d2e45,9,UNCHANGED,0,13.23108253519089,2,-0.4607516374566103,-0.2436340856657622,-2.3472839377712966,1.9488053239447989,False,False,True
original,9c838d2e45,10,UNCHANGED,0,10.022968827714285,2,1.5307942309762268,3.002320149869842,4.28953254155227,4.5402687376997966,False,False,True
original,9cfdf10e8f,1,UNCHANGED,0,20.133437973800195,3,-0.8542094098207599,0.49187042040387763,-0.9036814110238317,1.3401726097576103,False,False,True
original,9cfdf10e8f,2,UNCHANGED,0,6.597937588840718,1,-0.06425935141705849,0.8000595045996318,-0.37269547203864073,0.6952369734628835,False,False,True
original,9cfdf10e8f,3,UNCHANGED,0,4.467072903846736,0,0.20635688329850838,0.4700283997056499,0.9050603996670572,0.8433393040651179,False,False,True
original,9cfdf10e8f,4,UNCHANGED,0,7.34449942158753,1,-0.7616694253965306,-0.24974400777287029,-0.26186778095927393,0.9935808886207335,False,False,True
original,9cfdf10e8f,5,UNCHANGED,0,7.40520051662673,1,0.5218449984012977,-0.7945930666665184,-0.5125963858317714,0.9870106500216601,False,False,True
original,9cfdf10e8f,6,UNCHANGED,0,6.362092608132761,1,-1.3044701011674307,-0.04074953493014895,-1.1140902963315087,1.8527007793255186,False,False,True
original,9cfdf10e8f,7,UNCHANGED,0,9.534067481910526,1,-0.9410326721976162,8.18285299636762,-18.36977999274303,15.883798804461764,False,False,True
original,9cfdf10e8f,8,UNCHANGED,0,10.737723293508036,2,-7.133141692149001,2.206072525575489,-2.904827487377589,9.36611179724407,False,False,True
original,9cfdf10e8f,9,UNCHANGED,0,6.67292057150522,1,-1.3387048884226034,-0.5293075175830255,-0.23872635256679112,1.7339471124325747,False,False,True
original,9cfdf10e8f,10,UNCHANGED,0,10.473573069346282,2,-4.58602741508912,8.729722296172312,-22.832722751492966,20.096934366852814,False,False,True
original,9cfdf10e8f,11,UNCHANGED,0,10.211237057372811,2,-3.0020128711248617,11.114605081401814,-10.012368762853752,12.322287239557443,False,False,True
original,9cfdf10e8f,12,UNCHANGED,0,8.312880454073046,1,-6.511755768801163,-4.7615935458584495,-1.7420850372039272,9.053916367688362,False,False,True
original,9cfdf10e8f,13,UNCHANGED,0,34.490252691278386,4,-0.5380069214614422,4.799043389613086,-0.3828111311211528,3.8198684892982517,False,False,True
original,9cfdf10e8f,14,UNCHANGED,0,12.236750731007518,2,-0.27934983491745696,-0.5675822893323643,-1.145806355642559,1.065702120461792,False,False,True
original,9cfdf10e8f,15,UNCHANGED,0,9.901117833294162,1,-0.1491179981065443,0.9413348038043986,-0.047380860084965275,0.7593647572776383,False,False,True
original,9cfdf10e8f,16,UNCHANGED,0,6.782332158192796,1,-1.2495055342774095,-0.7581991805089203,0.6778333467587181,1.7538937385517441,False,False,True
original,9cfdf10e8f,17,UNCHANGED,0,4.00786719918352,0,-0.5647031215900824,-2.0697089516753175,-0.395111082422299,1.791182702713924,False,False,True
original,9cfdf10e8f,18,UNCHANGED,0,5.877511545064364,1,0.37807953106116654,-0.5514589686369538,0.5088843206219388,0.7550189895820211,False,False,True
original,9cfdf10e8f,19,UNCHANGED,0,11.124499237804907,2,-0.4330811865465421,-0.11202175463228083,-0.12809404194120766,0.5576110906169557,False,False,True
original,9cfdf10e8f,20,UNCHANGED,0,21.96870351408233,3,0.7843834878241978,-1.922536123515496,-1.0101043367343907,1.9623987989242349,False,False,True
original,9cfdf10e8f,21,UNCHANGED,0,8.288923893419543,1,-11.65418065096876,-3.3466805743962498,-8.772031771031221,16.338679467376462,False,False,True
original,9cfdf10e8f,22,UNCHANGED,0,6.482160326701193,1,-0.5463076148338359,-0.5626197474231672,-1.2685849421380724,1.2888897515669058,False,False,True
original,9cfdf10e8f,23,UNCHANGED,0,9.405212936547695,1,0.42146179033729825,-0.17912296097184865,0.10984623747903852,0.551932078312362,False,False,True
original,9cfdf10e8f,24,UNCHANGED,0,5.877511545064364,1,14.341770069590552,-6.870721932824986,3.6810053419901543,18.937114496370178,False,False,True
original,9cfdf10e8f,25,UNCHANGED,0,6.194590722456727,1,2.112977637135805,6.546840211262626,-3.9617554705013096,6.549079773386909,False,False,True
original,9cfdf10e8f,26,UNCHANGED,0,32.75289341324885,4,0.5861636106653123,2.513150119074425,-3.5045464690264208,3.4691540691516045,False,False,True
original,9cfdf10e8f,27,UNCHANGED,0,6.55979836924719,1,1.53618515079429,-0.2991459097243538,-0.02263322058932371,1.9344746133102395,False,False,True
original,9cfdf10e8f,28,UNCHANGED,0,24.981036074276318,3,0.002569716761922791,-4.0015079670597276,-1.5772891431800993,3.363848897688797,False,False,True
original,9cfdf10e8f,29,UNCHANGED,0,15.191825311206168,2,-3.3742421587703575,0.6439490801235662,-2.722423938775176,4.7599016915327494,False,False,True
original,9dcb88e013,1,UNCHANGED,0,7.663821082012781,1,0.06663406745240082,0.4742447058012472,-0.5497051284101354,0.5763970200144273,False,False,True
original,9dcb88e013,3,UNCHANGED,0,16.909027684004215,2,3.6394477425617198,0.3534280503255593,5.1618884403279,6.112245013725917,False,False,True
original,9dcb88e013,4,UNCHANGED,0,25.486569934419094,3,2.1448761103051766,-2.1238017044913033,-2.790661413239511,3.845462818732414,False,False,True
original,9dcb88e013,5,UNCHANGED,0,5.063778055545071,1,0.05255724400783492,0.07964650077523584,-0.32294477652708076,0.2703888901386919,False,False,True
original,9dcb88e013,6,UNCHANGED,0,7.051192703553429,1,-1.6194060378639505,-2.608272636187492,1.0587560357185806,2.9908292645510453,False,False,True
original,9dfcd5e558,1,UNCHANGED,0,66.37416821981553,5,2.9344359570597134,-6.913370421479758,-3.659692271524943,7.137583000206024,False,False,True
original,9dfcd5e558,2,UNCHANGED,0,35.2931839608062,4,-1.5013324694806556,-7.67842591795668,-6.403305253967366,8.062809402394317,False,False,True
original,9dfcd5e558,3,UNCHANGED,0,34.18836302628358,4,-6.328959664220918,9.635447027173734,15.779128142854761,16.559372255268272,False,False,True
original,9dfcd5e558,4,UNCHANGED,0,11.294490289887827,2,0.7789299637995782,2.547261905744728,0.005299210650826677,2.2149027893001194,False,False,True
original,9dfcd5e558,5,UNCHANGED,0,32.42445894282011,4,3.008637987234567,8.481534069384224,16.412674245115614,15.023786078274481,False,False,True
original,9dfcd5e558,6,UNCHANGED,0,14.287500148493189,2,-1.3264336763853635,-3.3116566824803324,-1.0165793620842203,3.1752043527618765,False,False,True
original,9dfcd5e558,7,UNCHANGED,0,23.124462656366806,3,-4.949594363459971,6.229251843018077,5.3056648593781475,8.91468266846806,False,False,True
original,9dfcd5e558,8,UNCHANGED,0,23.271756198632776,3,-1.5354586748980523,0.53573130724522,4.135288233248463,3.808458202201454,False,False,True
original,9dfcd5e558,9,UNCHANGED,0,22.99071620986922,3,4.736195656115751,1.9870311774349623,-4.54276467250415,7.0925585188501215,False,False,True
original,9e94b15ed3,1,UNCHANGED,0,12.60489672771643,2,-1.3351101955797275,1.7571408525523429,1.144161860872195,2.3416690452261406,False,False,True
original,9e94b15ed3,3,UNCHANGED,0,6.027568695871881,1,-2.092491129721816,8.408087489705276,9.344355953259415,10.213709330532014,False,False,True
original,9e94b15ed3,5,UNCHANGED,0,4.884831477226431,0,-0.06918541854981868,-0.48943868311795075,-1.634820893438867,1.3480984810677024,False,False,True
original,9e94b15ed3,7,UNCHANGED,0,2.9132490860625366,0,1.3988391832974003,-13.487503134700667,4.916346672122132,11.360621577285169,False,False,True
original,9f9cee5b98,2,UNCHANGED,0,4.416789099728348,0,-0.5702420955113894,0.9539976322971914,0.45340921407315643,1.0914201293088506,True,False,True
original,9f9cee5b98,3,UNCHANGED,0,18.858519915731314,2,-3.6942991228882534,-0.22852614109933067,-3.21265473001964,5.270839306054016,True,False,True
original,9fc3d7152b,1,UNCHANGED,0,6.235697585276794,1,3.202727544474828,-1.1244297651802533,0.5156742678084959,4.118740986535881,False,False,True
original,9fc3d7152b,2,UNCHANGED,0,3.704551180364903,0,4.189162377404682,-3.3699449809471065,-0.04562088241390506,5.860782818736741,False,False,True
original,9fc3d7152b,3,UNCHANGED,0,5.60392076823116,1,2.9725692216454944,-22.457493452337406,19.1209311547754,23.431464919636582,False,False,True
original,9fd81843ad,1,UNCHANGED,0,3.4855036508265567,0,1.5215699462021803,-0.33042011068057436,0.30510812065917153,1.9344265720640577,False,False,True
original,9fd81843ad,2,UNCHANGED,0,3.4855036508265567,0,0.3424119948796033,0.14265106660534968,0.18643018477647696,0.466096131115493,False,False,True
original,9fd81843ad,3,UNCHANGED,0,3.790068259938723,0,-1.3009228973912286,1.308964552944461,0.2511775736081113,1.9309972914973434,False,False,True
original,9fd81843ad,4,UNCHANGED,0,3.92554109902186,0,-0.2847221377844562,-1.129239179150286,-2.890329718555716,2.4708341832585017,False,False,True
original,9fd81843ad,5,UNCHANGED,0,4.33854511740118,0,-0.40653447221990857,-0.4649143158253564,-1.8582002872370122,1.5936069015406127,False,False,True
original,9fd81843ad,6,UNCHANGED,0,4.22866096043929,0,-0.5762917574007588,0.07976280315578736,1.071312794475119,1.1123309741434877,False,False,True
original,9fd81843ad,7,UNCHANGED,0,4.22866096043929,0,-1.234446796776774,0.12023968084402528,0.06535848779973885,1.5467731977545802,False,False,True
original,9fd81843ad,8,UNCHANGED,0,3.216279321045646,0,4.513487465271055,4.19042729097645,-3.423642764169754,7.059608428316569,False,False,True
original,9fd81843ad,9,UNCHANGED,0,6.333580460308539,1,-12.896956233926954,0.3789772937232119,-5.24561261318484,16.646624630448585,False,False,True
original,9fd81843ad,10,UNCHANGED,0,3.92554109902186,0,-14.302876311623232,-3.737987346706003,-3.200084981625995,18.29048487417158,False,False,True
original,9fd81843ad,11,UNCHANGED,0,4.862027328663496,0,-0.7038511298779667,0.31883892305218586,-0.04938392804081193,0.9152039557332198,False,False,True
original,9fd81843ad,12,UNCHANGED,0,3.3109295918995656,0,0.4817770180045045,-0.2636965489465648,-0.08054439570560737,0.6396273699196796,False,False,True
original,9fd81843ad,15,UNCHANGED,0,6.179040820600753,1,2.083453013882661,0.2603603693678422,-0.5169645569169361,2.643895074918621,False,False,True
original,9fd81843ad,16,UNCHANGED,0,10.25917100177801,2,1.8296505849415496,1.4331611267329831,-1.3108956691447922,2.7483190762629492,False,False,True
original,9fd81843ad,17,UNCHANGED,0,5.66160996328835,1,-0.37415397797017247,-0.2548976816583574,-0.7471062319946745,0.7783561321167641,False,False,True
original,9fd81843ad,18,UNCHANGED,0,4.904307949388041,0,-0.07901073533977296,0.10159018577226878,0.27432357532645973,0.25079113297722044,False,False,True
original,9fd81843ad,19,UNCHANGED,0,3.64414954622158,0,-0.6509755069425409,0.05385441317088241,0.14261865006679414,0.8225390145555648,False,False,True
original,9fd81843ad,20,UNCHANGED,0,3.64414954622158,0,0.6684554093141741,-0.06609076274868866,-0.47321251871848596,0.9166468655509147,False,False,True
original,9fd81843ad,21,UNCHANGED,0,4.112748399991149,0,-4.395688156943834,-0.8501991566411075,0.911889475362455,5.581155541891779,False,False,True
original,9fd81843ad,22,UNCHANGED,0,3.64414954622158,0,-0.28895488564812694,0.9068428324935207,0.04634398962494834,0.7958691925009532,False,False,True
original,9fd81843ad,23,UNCHANGED,0,3.858993648109284,0,-0.3251444854935926,0.0041332937753800975,-0.18165951224936444,0.4309751302518127,False,False,True
original,9fd81843ad,24,UNCHANGED,0,8.042647090451597,1,-0.13848110093105107,-0.4849343298670169,0.6335183574858558,0.6505761435290797,False,False,True
original,9fd81843ad,25,UNCHANGED,0,3.566590784520766,0,0.5746995144174434,0.4384268266056684,-0.2735823254049541,0.8245612841350788,False,False,True
original,9fd81843ad,26,UNCHANGED,0,4.391459419161809,0,-10.235735721427455,-0.16756619538289258,-2.8608247007525827,12.992906066444878,False,False,True
original,9fd81843ad,27,UNCHANGED,0,3.92554109902186,0,0.031422823027241975,-0.26215126331495836,-0.5215148777418043,0.4612734528548343,False,False,True
original,9fd81843ad,29,UNCHANGED,0,4.493622805778783,0,-8.595940776820953,0.5195002442475382,-0.2892297495681026,10.755004741139258,False,False,True
original,9fd81843ad,30,UNCHANGED,0,3.9899056715727945,0,0.4696814760712641,-0.6193971278475374,-0.2899760207283605,0.7943847818966006,False,False,True
original,9fd81843ad,31,UNCHANGED,0,3.92554109902186,0,-1.4645359034677767,-0.08105549224088124,0.39859418052722273,1.8585650688329607,False,False,True
original,9fd81843ad,32,UNCHANGED,0,8.135099407034708,1,15.058035846413299,-17.51205236358962,12.93137033765025,25.405596075462793,False,False,True
original,9fd81843ad,33,UNCHANGED,0,3.9899056715727945,0,0.4792116531838019,0.05573179554254964,0.3508331982685086,0.6613133470075009,False,False,True
original,9fd81843ad,34,UNCHANGED,0,2.766446080980538,0,-2.351646055220408,-11.338362603678792,-9.683301303117583,12.05935965829384,False,False,True
original,a0a080f42e,1,UNCHANGED,0,9.670269723635732,1,-3.617774562556542,2.082183849946729,-1.4998940494033421,4.949283930795615,False,False,True
original,a0a080f42e,2,MERGING,0,12.497781367022279,2,-9.385832053771878,7.173446167533414,-1.6928138256798715,13.06974033343107,False,False,True
original,a13ee062ef,2,UNCHANGED,0,3.886449143240958,0,0.4549784896031269,0.051382284452264504,-1.9765861924570773,1.6604756193607024,True,False,True
original,a13ee062ef,3,UNCHANGED,0,27.133192422834636,3,-1.968773598125182,-2.985921085281798,-2.3580171815048234,3.8672952084536303,True,False,True
original,a13ee062ef,4,UNCHANGED,0,8.292585283105423,1,-7.432610962143054,-11.895695917466826,-1.9189459484787519,13.225911629439109,True,False,True
original,a2557a7b2e,3,UNCHANGED,0,4.806769682833585,0,0.5814675293843721,0.48360986495894887,-0.06238082423882952,0.8205897175454457,False,False,True
original,a2557a7b2e,4,UNCHANGED,0,10.355871351690231,2,1.106531722292948,-0.2304284375631773,-0.2846892520620299,1.4127936088394926,False,False,True
original,a2557a7b2e,5,MERGING,0,106.86803884183834,5,-25.30288252085527,-82.6528923913029,-36.991429755094956,77.5832068197298,False,False,True
original,a2557a7b2e,9,UNCHANGED,0,8.870978475814029,1,-4.401926262226084,-5.168142115690409,-4.456723768218774,7.6767907207971735,False,False,True
original,a2557a7b2e,10,UNCHANGED,0,11.250334943899063,2,-0.2748273391019893,0.06712166719314748,0.29880205478290234,0.4199334861030269,False,False,True
original,a2557a7b2e,12,UNCHANGED,0,6.64575830690583,1,-1.6161308505548277,-23.884038268042918,4.269773547948749,19.062550088868353,False,False,True
original,a2557a7b2e,14,MERGING,0,33.49016566727125,4,7.4414953081139625,-17.007782941624576,32.45849684405873,30.312117110078255,False,False,True
original,a2557a7b2e,17,UNCHANGED,0,7.396064560498597,1,4.534208504561502,-43.185871660040014,26.78052225845732,40.201772094074514,False,False,True
original,a2557a7b2e,20,UNCHANGED,0,11.333289717903343,2,7.446167186607579,-47.873547513033,12.847843246834524,39.84151705211317,False,False,True
original,a2557a7b2e,22,UNCHANGED,0,12.613941383170742,2,-2.130693573999179,-62.16310628737045,29.662094456015627,53.96160845740622,False,False,True
original,a2557a7b2e,23,UNCHANGED,0,28.253326482103017,3,0.8634079740243805,-0.7865086743069324,3.9704591665820947,3.3698490150887483,False,False,True
original,a2557a7b2e,25,UNCHANGED,0,15.094092323734595,2,-0.029410645878533613,1.0393728286211696,-2.9417638193064235,2.4591808945308,False,False,True
original,a2557a7b2e,26,UNCHANGED,0,15.277555384181536,2,14.551423793976074,0.204678094551986,-15.113190940308764,21.750047441279428,False,False,True
original,a2557a7b2e,27,UNCHANGED,0,42.11237368802577,4,-0.4853959701379608,-5.174524918630988,14.789778911948686,12.364020459052645,False,False,True
original,a2557a7b2e,29,UNCHANGED,0,5.752823484887349,1,-3.4079061297521775,6.353684838619745,5.672468849952546,7.9247147179734245,False,False,True
original,a2557a7b2e,31,MERGING,0,106.86803884183834,5,-12.007805721269937,-82.00165894118769,-64.94693824331145,83.3828239838069,False,False,False
original,a2557a7b2e,32,UNCHANGED,0,13.691007124125264,2,12.258365187807907,-8.59005395726546,4.264108855495635,17.06225335664662,False,False,True
original,a2557a7b2e,34,MERGING,0,106.86803884183834,5,-33.50594281154069,-57.21212710158003,-4.480216407417603,61.34471764009962,False,False,True
original,a2557a7b2e,39,UNCHANGED,0,12.961584168425198,2,-1.3475782659919786,0.767327985846626,-0.23875430898001676,1.7977972566887024,False,False,True
original,a2557a7b2e,42,UNCHANGED,0,20.15117519838667,3,-0.7525768270618982,-45.24411197588346,-8.303815072062772,35.950217312427945,False,False,True
original,a2557a7b2e,43,UNCHANGED,0,6.397082447474526,1,-0.38600570378100657,0.32004130044358736,0.8589653073082689,0.8686763353317469,False,False,True
original,a2557a7b2e,44,UNCHANGED,0,21.88875800301108,3,0.7281128926938095,-34.51179492577715,-21.305031767123918,31.778860053718944,False,False,True
original,a2557a7b2e,46,UNCHANGED,0,8.219460538860206,1,-8.314851582261758,-14.794918773264271,2.733329192826729,15.690481969922764,False,False,True
original,a2557a7b2e,49,UNCHANGED,0,8.429327973924986,1,0.16720437688381934,0.33539540391241457,-0.394037949259399,0.4571150112591407,False,False,True
original,a2557a7b2e,51,UNCHANGED,0,9.241695640957516,1,7.702029764233851,-38.91944671529788,11.551090990102008,33.16132051755677,False,False,True
original,a2557a7b2e,52,UNCHANGED,0,13.11710691331537,2,10.10149840203585,-2.037790673390504,-20.928780064945954,20.848109047563288,False,False,True
original,a2557a7b2e,53,UNCHANGED,0,7.998291099423731,1,0.08164748978581429,1.6234793118286017,-0.2534414825320247,1.2876596410197332,False,False,True
original,a27ef1c79c,2,UNCHANGED,0,7.765411393139816,1,7.218764851586456e-05,0.5330051646131311,-0.02959788468100708,0.4169315613622298,False,False,True
original,a3458cbbcc,1,UNCHANGED,0,18.76992859160331,2,-1.1493270046990802,2.9603118063689746,-1.074171552713916,2.850901806137299,False,False,True
original,a3458cbbcc,2,UNCHANGED,0,8.154976131253916,1,0.28370601860715394,0.7117344109900636,-0.7576377636477252,0.8899921528880702,False,False,True
original,a3458cbbcc,3,UNCHANGED,1,33.116272325567934,4,-0.7484521681832348,-2.858474082680437,-1.5127532410630091,2.6988493417184807,False,False,True
original,a3458cbbcc,4,UNCHANGED,0,58.517150442806084,5,-5.734987539161466,-10.573882953616485,-0.2766429921737595,10.937838249620231,False,False,True
original,a3458cbbcc,5,UNCHANGED,0,10.529906792076286,2,0.4009413808901627,0.8643784364271743,-0.9247480223339125,1.1132227531609187,False,False,True
original,a4a042cf4f,1,UNCHANGED,0,13.42687378977262,2,0.387770846687431,-2.664740564687815,3.8229838556191003,3.696546560027848,False,False,True
original,a4a042cf4f,2,UNCHANGED,0,25.224841546228127,3,0.45410992896029256,0.8957123651717858,-1.1973438543960888,1.30539287132467,False,False,True
original,a4a042cf4f,3,UNCHANGED,0,7.266328213919827,1,3.767926061522118,-1.508917676672465,-3.041317668857507,5.415725886786973,False,False,True
original,a4a042cf4f,4,UNCHANGED,0,16.515776885766023,2,-5.368829905088944,0.0011429196525416289,0.5478844018407723,6.724945368911187,False,False,True
original,a4a042cf4f,5,UNCHANGED,0,9.546964907614832,1,5.418670159596047,-1.898288154121327,-1.2839006726700442,7.007300548975159,False,False,True
original,a4f23670e1,5,UNCHANGED,0,7.024671217612213,1,0.43494575792337853,0.4863775481015824,0.23659926334242853,0.6890085944694421,False,False,True
original,a4f23670e1,6,UNCHANGED,0,11.099918886988785,2,-1.5528075836763264,-2.4718234545658206,-1.532101224699972,2.9925892050009666,False,False,True
original,a4f23670e1,8,UNCHANGED,0,16.67467069679496,2,-1.4532496335142695,-2.6701877439711272,6.186579535596146,5.6102658998202575,False,False,True
original,a597e50502,1,UNCHANGED,0,51.73198021035172,5,1.2868914505148723,-31.70820662608217,-23.172926420056527,30.824225745588567,True,True,False
original,a5e0013237,1,UNCHANGED,0,6.512593531468598,1,-1.9166065624264206,-5.388226249310636,2.1427500510759003,5.129022641628456,False,False,True
original,a5e0013237,2,UNCHANGED,0,5.95739226324618,1,7.313402736708895,0.45420110384854007,0.16190715716995174,9.149525039863741,False,False,True
original,a666587afd,1,UNCHANGED,0,7.267066449900805,1,0.2809561015831264,0.34059073967363196,-1.077746791280219,0.9576933920006,False,False,True
original,a666587afd,2,UNCHANGED,0,4.771236321296243,0,-0.14458155359998273,0.7243201934204242,-0.18234339478605938,0.6110403268686732,False,False,True
original,a666587afd,3,UNCHANGED,0,4.874991196250704,0,4.887690726487835,4.230331928334705,-5.508376462265678,8.193395130841285,False,False,True
original,a666587afd,4,UNCHANGED,0,28.386840016464546,3,-1.0535141277971944,-4.087894927183341,-6.397801962871458,6.11621966418051,False,False,True
original,a666587afd,5,UNCHANGED,0,7.423635800147994,1,-0.14383198434157407,0.6475728323983138,-0.2008500673498168,0.5596649853544275,False,False,True
original,a666587afd,7,UNCHANGED,0,4.1680588429246805,0,-1.7666303505210634,0.1338413317775303,-0.4733588175579794,2.242085980911232,False,False,True
original,a666587afd,10,UNCHANGED,0,7.312486794376056,1,0.00903285925779187,2.778537374598929,-0.6003788798500339,2.221166752999617,False,False,True
original,a666587afd,11,UNCHANGED,0,2.9373555798914963,0,-0.3227069421003762,-0.3328633091427874,-0.38436605440859545,0.5676886372033184,False,False,True
original,a666587afd,12,UNCHANGED,0,14.049690787510102,2,-3.3869451697128,-0.9113396812390191,4.894463001304774,5.774393858764509,False,False,True
original,a666587afd,13,UNCHANGED,0,4.3668317067368925,0,1.591985389842557,-2.8360377776693992,1.516162814552821,3.20889869764879,False,False,True
original,a666587afd,14,UNCHANGED,0,8.42206310216772,1,-1.5851286716871074,-6.472537654586808,-6.373785802881686,7.4006448967491885,False,False,True
original,a666587afd,15,UNCHANGED,0,3.786932777807269,0,-1.2001343633067336,4.755311294022264,12.326741446930956,10.51830354007321,False,False,True
original,a666587afd,16,UNCHANGED,0,4.606578019656338,0,-2.4355207766089277,5.7591018836533525,9.30260273792684,9.130777147730278,False,False,True
original,a666587afd,17,UNCHANGED,0,56.77255675809285,5,39.29916852919835,3.367925222061062,-55.72208812754651,65.97711358570575,False,False,True
original,a666587afd,18,UNCHANGED,0,4.1680588429246805,0,-0.319493965548827,0.9590687515931237,0.37549060146717717,0.8990637166387538,False,False,True
original,a666587afd,19,UNCHANGED,0,3.9482697526244044,0,-0.36480507459828004,0.20837321683521678,0.02992163322118299,0.4847507295739324,False,False,True
original,a666587afd,20,UNCHANGED,0,3.308190495961997,0,1.2187541292398236,-0.3474811574412729,0.6142379531018327,1.6215412499380941,False,False,True
original,a666587afd,21,UNCHANGED,0,13.156510745887802,2,-3.460123152448273,5.7644185824117,-11.14950135730299,10.787098951043319,False,False,True
original,a666587afd,22,UNCHANGED,0,4.302604263603222,0,-7.916834268350902,7.758065441554462,12.260172787027638,15.106820143662597,False,False,True
original,a666587afd,25,UNCHANGED,0,3.9482697526244044,0,-11.988647391352696,0.27333944421348055,12.31726058197094,17.862412150944294,False,False,True
original,a666587afd,29,UNCHANGED,0,29.906537781376844,3,1.4094353604643572,2.2366307722237817,-11.89277799452019,9.705848198545281,False,False,True
original,a666587afd,30,UNCHANGED,0,28.073373530172283,3,-10.829455081001473,-2.117799521803321,-9.332029545968505,15.498210602146969,False,False,True
original,a666587afd,35,UNCHANGED,0,4.024216567255403,0,-4.862414901913235,10.800297487978627,25.981419098629203,22.985104042346546,False,False,True
original,a71d83915f,1,UNCHANGED,0,17.59273947689692,2,-0.9788788246318063,1.4915842844449771,0.07496236296723878,1.690487269042787,False,False,True
original,a71d83915f,2,UNCHANGED,0,9.805994277486384,1,-3.6388864707969333,1.7615416461071571,-2.1195877221230335,5.037790436507719,False,False,True
original,a71d83915f,4,UNCHANGED,0,10.493296312703837,2,11.000427843271495,3.8112586150703263,-1.0063222083382666,14.091406262493129,False,False,True
original,a71d83915f,5,UNCHANGED,0,8.987654801859023,1,-2.989247922630966,-5.70543967965984,-12.207219819970318,11.250914611618212,False,False,True
original,a71d83915f,6,UNCHANGED,0,22.54051894897939,3,-1.5945100040188436,3.906058495753415,-5.97524476105515,5.958620680477355,False,False,True
original,a71d83915f,7,MERGING,0,17.564086756029255,2,-5.793204305894051,-8.729059703297835,4.573083431884599,10.579939619246264,False,False,True
original,a71d83915f,10,UNCHANGED,0,8.165826310862347,1,-0.06918428713129288,-1.2778369325404615,0.05158720965844188,1.0025571587331796,False,False,True
original,a71d83915f,12,UNCHANGED,0,10.203962366909481,2,-2.207763931816771,1.8472155748095713,-1.3627334372729405,3.294439455702986,False,False,True
original,a71d83915f,13,MERGING,0,17.564086756029255,2,-1.7670392290940526,2.0259693674931225,0.5787374478371176,2.755161535768286,False,False,True
original,a71d83915f,15,UNCHANGED,0,14.65508363424189,2,-0.9522516679910495,9.989050017601215,7.4967184844966726,9.862332962915136,False,False,True
original,a71d83915f,16,UNCHANGED,0,18.758192231491307,2,1.729286061596099,-2.095572377235779,-1.8877108881477176,3.093455735904784,False,False,True
original,a71d83915f,17,UNCHANGED,0,9.650069629016494,1,0.6763173719123188,0.2902151732041095,0.1811273420323921,0.8868441772571479,False,False,True
original,a71d83915f,18,UNCHANGED,0,15.752591182879835,2,-5.225140900261977,1.593346850806433,2.0570665909750305,6.844142033713974,False,False,True
original,a71d83915f,20,MERGING,0,65.0348583064823,5,12.597352609891118,1.352975926481241,-13.642558828818355,19.103352387217697,False,False,True
original,a71d83915f,21,UNCHANGED,0,7.191037105035906,1,-1.6232182764251775,-1.8417509383473767,-0.9857358424905099,2.6059236330305784,False,False,True
original,a71d83915f,25,UNCHANGED,0,6.53349080369038,1,-0.29321542231855346,-1.3372275807904674,-0.7566889814920744,1.2575758198491376,False,False,True
original,a71d83915f,29,UNCHANGED,0,9.095950217621295,1,1.325309974329457,1.3159453420607745,0.06108282835644632,1.950140319630116,False,False,True
original,a71d83915f,31,UNCHANGED,0,8.801134836746867,1,-3.178186134198995,-2.2988994379358525,0.7956211367246492,4.404574347202676,False,False,True
original,a71d83915f,32,UNCHANGED,0,8.121325011508928,1,0.7326546013950974,0.44200997445273976,0.27113511557737263,1.0018268484902446,False,False,True
original,a71d83915f,33,UNCHANGED,0,7.81939260955158,1,0.133614421339189,0.5242181084971023,0.2751922127633545,0.4926044152884047,False,False,True
original,a71d83915f,34,UNCHANGED,0,7.49214722202898,1,0.42106168297141267,-0.9687536471791911,-0.06759029315183951,0.923202354597323,False,False,True
original,a71d83915f,35,UNCHANGED,0,5.044650699368474,1,-1.636490317753669,1.2883809204798826,0.3693891093248513,2.2982523405228856,False,False,True
original,a71d83915f,38,UNCHANGED,0,10.868370465813044,2,-1.054347695288243,1.4513180292981736,-0.4581501926118141,1.7754986117817104,False,False,True
original,a71d83915f,40,UNCHANGED,0,10.955122816899797,2,0.9515060352180171,1.2274707957602646,0.5877325751803752,1.5964607170442255,False,False,True
original,a71d83915f,41,UNCHANGED,0,13.075618081545713,2,0.29358520955406675,-2.26559158731252,-0.2689814579557185,1.8195019856464174,False,False,True
original,a71d83915f,42,UNCHANGED,0,10.690584772767698,2,2.217653883990465,2.016054039659675,2.879984740661227,3.9149599546263674,False,False,True
original,a71d83915f,43,UNCHANGED,0,9.131481633901764,1,-4.063163658987378,-1.7102024350052565,-0.32449540680252315,5.25788347163349,False,False,True
original,a71d83915f,44,UNCHANGED,0,12.89179986664492,2,8.119982248129872,14.023406753033719,21.415089382657477,22.549199551146646,False,False,True
original,a71d83915f,45,UNCHANGED,0,17.237577058086572,2,4.294483370527473,-0.204020684899306,-2.014147006228786,5.6006578142337045,False,False,True
original,a71d83915f,46,UNCHANGED,0,6.701953422356346,1,-4.128487663419264,1.9171243162996559,-0.6567096851636969,5.398351051717175,False,False,True
original,a71d83915f,47,UNCHANGED,0,10.546630374071913,2,0.07572440299509253,1.747734387578235,-2.4610254950701558,2.3753991690930216,False,False,True
original,a71d83915f,48,UNCHANGED,0,12.027146963393173,2,-0.5322740570355791,6.721785768458599,-4.401274012807381,6.329389533030942,False,False,True
original,a71d83915f,50,UNCHANGED,0,19.014675557854805,2,-0.9590295279449492,-0.022182224921280472,0.11430977107883655,1.2022996703606044,False,False,True
original,a71d83915f,51,UNCHANGED,0,13.818063609580845,2,-1.9193598721539047,-5.960045921799369,8.888544757427011,8.752503665741502,False,False,True
original,a71d83915f,52,MERGING,0,65.0348583064823,5,-12.523651963308964,7.580005619062481,16.67327687902546,21.28782076206486,False,False,True
original,a71d83915f,53,UNCHANGED,0,8.187896219032528,1,-1.9846308015194154,0.4640220320482183,-0.06781215544212602,2.5076899492611586,False,False,True
original,a71d83915f,54,UNCHANGED,0,6.955093377110543,1,-0.9887791201560958,-1.066917157696813,0.9990649616087879,1.6862131908607911,False,False,True
original,a71d83915f,55,UNCHANGED,0,9.060139019209828,1,1.0928124767738154,1.0908452916456073,-1.4191141673081944,1.9609955180373537,False,False,True
original,a71d83915f,59,MERGING,0,65.0348583064823,5,1.7120308072772445,-24.67294211955713,-28.298487026698666,29.570484335107,False,False,True
original,a71d83915f,60,UNCHANGED,0,10.04562422243386,2,-2.242670754327264,0.26255939507903453,0.45992341941086035,2.8341554581437127,False,False,True
original,a71d83915f,61,UNCHANGED,0,9.078079935408274,1,1.3799047516649807,0.8361308744067166,0.8443534917181179,1.960985133428362,False,False,True
original,a71d83915f,62,UNCHANGED,0,8.525917243747273,1,-0.6293019231782182,-0.10709628206752897,-0.2814810836527539,0.821645924244976,False,False,True
original,a71d83915f,64,UNCHANGED,0,4.381434274902998,0,-0.5786552632534949,-1.7450340309371077,-0.1275778998239828,1.5462023333082926,False,False,True
original,a7228a7d88,1,UNCHANGED,0,8.622262009729155,1,-1.0702958235683582,2.6278346903757823,0.1337385224818932,2.45216738522053,False,False,True
original,a7228a7d88,2,UNCHANGED,0,7.770255719216728,1,3.2386954195661017,-4.52596120520673,-3.9167534778396305,6.1995162258913705,False,False,True
original,a7228a7d88,3,UNCHANGED,0,1.6685075918775707,0,16.190668076950168,-14.856908554739112,-24.295383432441284,30.194010697549015,False,False,True
original,a7228a7d88,6,UNCHANGED,0,16.589986260727063,2,-2.1173769233232407,-1.830734436067952,0.5532389327935784,3.0397381884154187,False,False,True
original,a7228a7d88,7,UNCHANGED,0,13.171944374370685,2,-5.917357314615219,7.486985127190285,-4.881392628152232,10.185081196348449,False,False,True
original,a7228a7d88,11,UNCHANGED,0,12.455446403834623,2,0.9438008020714506,-1.472472536201928,-1.5831876633538178,2.0675234603183297,False,False,True
original,a7228a7d88,13,UNCHANGED,0,12.33451210274655,2,-2.5374274861997264,0.5382766755168654,2.5204318265248222,3.7671686357662475,False,False,True
original,a7228a7d88,15,UNCHANGED,0,8.601384780308281,1,1.8902167945472457,-2.028752237463183,-1.5446164228684494,3.094902490577745,False,False,True
original,a7228a7d88,18,UNCHANGED,0,8.704776707722422,1,3.1611657832422453,2.0294406431403593,1.788770868733672,4.485320356211,False,False,True
original,a861405761,1,UNCHANGED,0,21.203843313375497,3,-1.0487106509924615,2.877226271767025,5.642450000812348,5.156287421022443,False,True,False
original,a861405761,2,UNCHANGED,0,8.066366388503619,1,-21.719306621722808,14.403730276930077,-13.625138596749865,31.292012193279913,False,True,False
original,a861405761,3,UNCHANGED,0,28.836794936714604,3,-5.296337350689328,4.036232275638024,9.25583248870475,10.348845693069913,False,True,False
original,a861405761,4,UNCHANGED,0,13.044914436778795,2,-30.293094661146597,18.918285112511672,0.38460449780878936,40.64799992424257,False,True,False
original,a861405761,5,UNCHANGED,0,4.818173673429778,0,-25.718757114108826,4.459376947506038,29.442493929698838,39.8157148552646,False,True,False
original,a861405761,6,UNCHANGED,0,23.409593947637404,3,-18.424447390822138,11.636194196004764,0.6945692589726438,24.76482017243807,False,True,False
original,a861405761,7,UNCHANGED,0,33.71965016514224,4,-29.099494921547375,9.88636004171484,-3.207082130504875,37.27083599087922,False,True,False
original,a8baa56554,1,UNCHANGED,0,63.500956929572524,5,-6.815460040169228,-0.16480382904902274,4.752737786502854,9.308989842935828,False,False,True
original,a8baa56554,2,UNCHANGED,0,12.086898441255554,2,-1.2198524023940536,-1.1634268321545138,-11.37958036376284,9.152264495671782,False,False,True
original,a8baa56554,3,UNCHANGED,0,6.293646024822922,1,-0.5047215112171444,-1.7182215697885708,1.0325444068140655,1.6918970462342888,False,False,True
original,a8baa56554,4,UNCHANGED,0,4.435320365079983,0,0.07187155009669369,0.538182677322274,-1.7617779941303908,1.4549775533433302,False,False,True
original,a8baa56554,5,UNCHANGED,0,13.107453484675057,2,-16.85629211445946,14.8705101087621,10.013303507661089,25.32311337081653,False,False,True
original,a8baa56554,6,UNCHANGED,0,56.27962015987044,5,-3.1080403985894463,7.3536097445382005,6.24153686578917,8.504647266042108,False,False,True
original,a8baa56554,7,UNCHANGED,0,76.77922074868509,5,-6.496949980271438,2.5769415547226644,3.480034729887517,8.80586956317777,False,False,True
original,a8baa56554,8,UNCHANGED,0,6.36281250839628,1,-16.580299079955967,-3.1870142048341403,3.1288180732690316,21.019769321358897,False,False,True
original,a8baa56554,9,UNCHANGED,0,6.076448427431951,1,-15.49232260121271,8.94160814006932,6.32347351914736,21.18204391584923,False,False,True
original,a8baa56554,10,UNCHANGED,0,5.675482494787802,1,-0.040666670039695416,1.0603521547600097,0.9438670516251958,1.1148929495207829,False,False,True
original,a8baa56554,11,UNCHANGED,0,5.543446347826234,1,-2.728161359970932,-1.4920342031382081,-2.1361856878250336,3.978453660215021,False,False,True
original,a8baa56554,12,UNCHANGED,0,13.107453484675057,2,-20.472166576782776,7.161229462732094,4.430258173699379,26.426461164022836,False,False,True
original,a8baa56554,13,UNCHANGED,0,6.656889467759974,1,-1.1112261616284969,27.082726225422313,1.9160388797339003,21.251009035771713,False,False,True
original,a8baa56554,14,UNCHANGED,0,7.0125815883782066,1,3.9237208712122085,9.264348533205482,3.5382834768567615,9.17611297344468,False,False,True
original,a8baa56554,15,UNCHANGED,0,15.61290513394009,2,0.44987607776258753,2.7888461245535514,-0.5560328582310932,2.2918920849049376,False,False,True
original,a8baa56554,16,UNCHANGED,0,6.000484858715769,1,1.32302905604206,3.9840259159568534,0.7780304000182627,3.5767895855151437,False,False,True
original,a8f15eda80,1,UNCHANGED,0,16.29606069648277,2,4.272123084256714,10.173624199833025,18.925089132763986,17.73728582744223,True,False,True
original,a8f15eda80,2,UNCHANGED,0,10.452568004294903,2,3.2969167947129563,3.361943120495902,-0.4270254616468728,4.898116393658992,True,False,True
original,a8f15eda80,3,UNCHANGED,0,6.356336187262065,1,-7.949749981615287,2.0609700378537,4.20402669186437,10.599099045957985,True,False,True
original,a8f15eda80,4,UNCHANGED,0,10.976048777519082,2,7.130566112396013,-19.207445109571935,-31.101595461639793,30.110563361466756,True,False,True
original,a8f15eda80,5,UNCHANGED,0,17.74732017122925,2,-1.9649512012842791,0.4414609070039277,-1.3418852026408805,2.696791507969248,True,False,True
original,a8f15eda80,6,UNCHANGED,0,19.609533786542126,2,0.07672492740049677,0.14919419136213635,-0.6531779758308917,0.5369993759433691,True,False,True
original,a8f15eda80,8,MERGING,0,24.50187151969614,3,-17.810323233203643,6.04015786172456,-4.68964118688536,23.05604805297291,True,False,True
original,a8f15eda80,9,UNCHANGED,0,16.275458827872093,2,-1.3495798950506015,3.685823656964868,1.9812568005986757,3.6845644946564344,True,False,True
original,a8f15eda80,11,UNCHANGED,0,13.169410454068792,2,-10.481693760067241,44.9902603920787,-14.957108231214578,39.313728227518006,True,False,True
original,a8f15eda80,12,UNCHANGED,0,9.481617670148543,1,-3.6464203820848295,1.9445422565657164,-7.024211312181346,7.33463772808752,True,False,True
original,a8f15eda80,13,UNCHANGED,0,16.14375215289739,2,-2.651291863877691,-19.587511371714275,-17.864268214450743,21.06356764324944,True,False,True
original,a8f15eda80,14,MERGING,0,24.50187151969614,3,-33.7971574854271,6.242964758752991,-7.288568731110536,42.91393238023808,True,False,True
original,a8f15eda80,15,UNCHANGED,0,21.361866160009555,3,1.3979753146716576,-3.4217786360192273,3.5535371966157,4.249280130433023,True,False,True
original,a8f15eda80,16,UNCHANGED,0,8.85337405123601,1,-1.9476230690808507,-13.84521437363883,0.8109222319804148,11.102238405026691,True,False,True
original,a8f15eda80,17,UNCHANGED,0,23.28331960566556,3,-10.312513989627973,14.08873525098922,-0.4495911163600852,16.951907126856465,True,False,True
original,a8f15eda80,18,UNCHANGED,0,8.361846013713121,1,-1.516318027156467,-0.6564693661670766,1.7815488550567653,2.414793015013132,True,False,True
original,a8f15eda80,19,UNCHANGED,0,15.241670722667502,2,-31.78463646288485,38.68799364384984,-1.3230199209484115,49.92586016127121,True,False,True
original,a8f15eda80,20,UNCHANGED,0,35.61710120740983,4,-1.910496268339807,-6.652379833853307,7.5785565574795015,8.27348919027978,True,False,True
original,a8f15eda80,21,UNCHANGED,0,10.178724099590836,2,-3.3458858511515475,-2.5202709974701833,-1.8056150767739647,4.83694259435464,True,False,True
original,a8f15eda80,22,UNCHANGED,0,15.131105487854386,2,-15.567007697333702,2.9242779665737535,9.96051288253903,21.10973204374829,True,False,True
original,a91f7d0f27,1,UNCHANGED,0,6.453152923758409,1,0.27741154597219975,-0.40308657080823435,-0.60702006469411,0.6698758816430642,False,False,True
original,a91f7d0f27,2,UNCHANGED,0,7.590573600834197,1,1.5424898089097838,0.503727808328157,-0.4398746491833309,1.9982094088177107,False,False,True
original,a91f7d0f27,3,UNCHANGED,0,7.067625013851279,1,-0.35237046132313027,0.32817099242079384,-0.2416020457659288,0.5440916454617765,False,False,True
original,a97da629b0,2,UNCHANGED,0,4.536856354893772,0,14.869555217391234,-3.449359093081079,0.5318373653979438,18.78584393612619,False,False,True
original,a97da629b0,4,UNCHANGED,0,5.837735900672579,1,4.99393160148818,1.4237760289838597,-2.8370054604691988,6.724182965589845,False,False,True
original,a97da629b0,5,UNCHANGED,0,17.33039355994961,2,-3.135711866815723,3.1077059130343567,-3.5532650874122265,5.395761174334594,False,False,True
original,a97da629b0,6,UNCHANGED,0,8.060753744598097,1,3.5769476479083098,9.21985559658197,-21.22512613833485,18.769419510719025,False,False,True
original,a97da629b0,7,UNCHANGED,0,5.837735900672579,1,-4.057937121547963,-0.7798180462381615,1.2113887789485638,5.197490974369993,False,False,True
original,a97da629b0,9,UNCHANGED,0,9.12276075836098,1,-1.8700063363561186,0.8161999361049622,-3.4508066514961864,3.6446275551964464,False,False,True
original,a97da629b0,13,UNCHANGED,0,12.142980010238368,2,1.9283827294725824,1.8608231329834155,0.4057667443571122,2.832841575960927,False,False,True
original,a97da629b0,14,UNCHANGED,0,5.916104123214199,1,0.39711656506287907,-1.418442275776946,3.2497344978777822,2.836889298334278,False,False,True
original,a97da629b0,15,UNCHANGED,0,2.727945890352645,0,-0.993035392320985,-1.1724031648332394,-0.3511687034149639,1.5671597038736165,False,False,True
original,a97da629b0,17,UNCHANGED,0,5.363401170798982,1,0.8997729823420968,-15.265047595901038,-9.259171707554172,14.027446491128583,False,False,True
original,a97da629b0,18,UNCHANGED,0,8.872007478639286,1,-0.4774332311808166,0.19955745017430765,0.6929866807099405,0.8242598625244603,False,False,True
original,a97da629b0,19,UNCHANGED,0,8.283650406518378,1,0.8918375603730055,-0.9003758342008024,-0.43843346986242376,1.3626873433086808,False,False,True
original,a97da629b0,22,UNCHANGED,0,21.614125990792008,3,-2.8400104710514484,-0.32893273675998086,-1.107882019972187,3.6650610637627836,False,False,True
original,ac1dd209cb,11,UNCHANGED,0,7.823879588918336,1,-1.0237443140725873,-0.04469668341606914,-0.5338294269433999,1.347665646139602,False,False,True
original,ac1dd209cb,12,UNCHANGED,0,15.866943935796977,2,-2.095216253226488,0.15603986278288032,-4.136647086372356,4.186478763921093,False,False,True
original,ac1dd209cb,13,UNCHANGED,0,9.62814339899954,1,3.4503997113596823,1.5165249670669476,6.863849759640006,7.023764139546561,False,False,True
original,ac1dd209cb,18,UNCHANGED,0,17.601533548843054,2,0.24375497104763327,1.5312073367257881,-1.0139989547688164,1.4707217977720184,False,False,True
original,af032fbcb0,2,UNCHANGED,0,3.461334251661983,0,-2.3719929629949776,-2.0047093237666402,-0.5534191402641208,3.381298803202196,True,False,True
original,af032fbcb0,3,UNCHANGED,0,6.015845042817577,1,5.853269256294254,2.091721845990762,-9.734456689494902,10.732710366498946,True,False,True
original,af032fbcb0,4,UNCHANGED,0,12.751664410445597,2,0.684388078923962,0.6014644541072874,4.522187098577447,3.699077999168099,True,False,True
original,af032fbcb0,5,UNCHANGED,0,8.26714795733988,1,4.1593074636296254,-4.1369937601832305,9.254242306135062,9.52804435714185,True,False,True
original,af032fbcb0,8,UNCHANGED,0,10.664786445185173,2,-122.9605153336435,22.3391157076855,3.7500402647179456,154.71598159137443,True,False,False
original,af032fbcb0,10,UNCHANGED,0,3.144830873685107,0,0.17961592587560063,-0.13957842848659605,-0.4388669940755393,0.42684038718849193,True,False,True
original,af032fbcb0,12,UNCHANGED,0,9.029069426529736,1,-2.3143916202495576,5.431784615131611,-0.9072776771921143,5.184426769142487,True,False,True
original,af032fbcb0,14,UNCHANGED,0,10.494985236257495,2,-106.18574732527688,-12.648240073449582,10.431587845781602,133.35349468054292,True,False,False
original,af032fbcb0,15,UNCHANGED,0,13.001760540115363,2,-3.0520896298839943,-0.7504192000453719,0.7008232751564301,3.8992717001016426,True,False,True
original,af032fbcb0,18,UNCHANGED,0,5.127094555996197,1,-1.4304817938094174,-0.3963834169597936,0.005412313247471848,1.8147079166568927,True,False,True
original,af032fbcb0,19,UNCHANGED,0,3.144830873685107,0,3.499143276305335,-0.12407096178518118,1.9169209942204273,4.629055221274756,True,False,True
original,af032fbcb0,20,UNCHANGED,0,2.7472628161508963,0,0.46734667596351753,-0.08836970653188926,-0.525867361795434,0.7198494693126019,True,False,True
original,b1a59b315f,3,UNCHANGED,0,12.977341811186067,2,1.6865544101910928,1.6480356842428294,4.442130252059833,4.287779595009019,False,False,True
original,b1a59b315f,4,UNCHANGED,0,14.808779207147085,2,0.5856813851122524,1.0556779762607922,0.13882314695886713,1.108036450812906,False,False,True
original,b1d10e7baf,1,UNCHANGED,0,34.55422484482397,4,-2.4915776720191616,1.2269723581858125,0.5104721345653714,3.2833560028884454,False,False,True
original,b1d10e7baf,2,UNCHANGED,0,36.15569831702325,4,-0.003148825736730032,11.252097606665515,14.43189685109229,14.383513096793086,False,False,True
original,b1d10e7baf,3,MERGING,0,53.17969706683518,5,0.883281573017257,17.068849673616768,-5.271050396932434,14.008019798836125,False,False,True
original,b1d10e7baf,4,MERGING,0,53.17969706683518,5,-16.74856639659447,-6.71124261409728,-16.797795407016963,25.326492140944445,False,False,True
original,b1d10e7baf,5,UNCHANGED,0,26.45080556173525,3,-6.576018626297582,0.9511170608583197,6.271626473471441,9.623220475354087,False,False,True
original,b1d10e7baf,6,UNCHANGED,0,15.50553111204068,2,-0.37640855007282426,7.722379680477487,-3.540854678077131,6.663441028585176,False,False,True
original,b1e0a5a7b0,1,UNCHANGED,0,13.241802043107958,2,-0.643631638803788,-2.679548421253184,-2.09896621579547,2.7873655776974617,True,False,True
original,b1e0a5a7b0,3,UNCHANGED,0,6.758875981035849,1,-1.7044072689292649,0.10669252339121611,6.743545888257602,5.731963952661129,True,False,True
original,b1e0a5a7b0,4,UNCHANGED,0,10.294438919655507,2,0.8415672805208942,0.06542503429614134,-0.3967091571187957,1.0987265604171288,True,False,True
original,b1e0a5a7b0,6,UNCHANGED,0,6.9058538888613334,1,-0.03432559335675478,1.0020258582766974,1.2557621373599408,1.2633104379847333,True,False,True
original,b1e0a5a7b0,8,UNCHANGED,0,7.3639579726905176,1,-14.7765564931972,2.988106021734266,-0.1688891623113745,18.61801705814883,True,False,True
original,b2eb734903,1,UNCHANGED,0,13.796085449901554,2,-0.3740630281120957,-0.09231940350623231,0.22624557109523624,0.5056615061572661,False,False,True
original,b2eb734903,2,UNCHANGED,0,5.6181510968408395,1,-1.1870691691781303,0.1569322591504745,-0.31403703505927305,1.509365814375342,False,False,True
original,b2eb734903,3,UNCHANGED,0,7.815707765634604,1,-5.243319525029255,-2.4413450131094803,5.832387629634866,8.232161401112817,False,False,True
original,b2eb734903,5,UNCHANGED,0,6.915913381815635,1,0.6148610592287014,0.04910660369595423,0.1850263917908118,0.7832575068747827,False,False,True
original,b2eb734903,6,UNCHANGED,0,7.212013466112799,1,0.3054880792117046,-0.6011865684220563,-0.6637458285464233,0.80033080663657,False,False,True
original,b2eb734903,7,UNCHANGED,0,5.3931799479861775,1,-3.2549613421030017,1.5371813945045127,0.6622639316601006,4.274185315498703,False,False,True
original,b2eb734903,8,UNCHANGED,0,3.446032607631515,0,1.4275951140968117,0.16532968975682194,-0.7993401000132931,1.8970628608878857,False,False,True
original,b2eb734903,9,UNCHANGED,0,5.147688961543545,1,0.884102228111874,0.048615737315517896,-0.2718612597603771,1.126391885281084,False,False,True
original,b34f33d0bc,1,UNCHANGED,0,23.05618664064917,3,5.81250986675135,-5.7290722327156445,-8.271734272678035,10.742609784169884,False,False,True
original,b34f33d0bc,2,UNCHANGED,0,17.612457187838718,2,11.436058849244251,-13.155068877964066,-10.853251019618144,19.57639118183189,False,False,True
original,b34f33d0bc,3,UNCHANGED,0,8.001625973806403,1,-6.6897476478240945,2.4374066647583668,-7.929345033389401,10.615582116472497,False,False,True
original,b34f33d0bc,4,MERGING,0,12.892822429037677,2,5.223479536937885,17.472599021449252,6.714133832947734,16.028457130488828,False,False,True
original,b34f33d0bc,6,UNCHANGED,0,13.184197102870886,2,-0.915583954799672,-7.034297096255386,5.781311724877021,7.231762619012343,False,False,True
original,b34f33d0bc,8,UNCHANGED,0,19.636146611493846,2,17.546910445335936,-1.6268597839688244,-2.195858497206644,22.0386141560904,False,False,True
original,b34f33d0bc,9,UNCHANGED,0,18.213663541685417,2,7.344458581858828,-4.136699559679749,-1.7077025692187664,9.825282481716552,False,False,True
original,b34f33d0bc,10,UNCHANGED,0,6.981159586902536,1,42.081924610522414,-8.764566567989812,-3.764271949834625,53.128992193589944,False,False,True
original,b34f33d0bc,11,UNCHANGED,0,13.484773682776213,2,0.6511764780732392,-4.179006812526672,-3.774456429557772,4.492630130229647,False,False,True
original,b34f33d0bc,13,UNCHANGED,0,30.30540812169663,4,14.407911188388027,-3.9483376830425585,-47.55266667763179,41.73181547654437,False,False,True
original,b34f33d0bc,14,UNCHANGED,0,17.95861477291587,2,-5.720901313868365,-7.378728025861348,17.868089781252234,16.825568336473566,False,False,True
original,b34f33d0bc,17,UNCHANGED,0,24.585686940582168,3,7.461249899201732,-5.160442576037226,-4.287163489859007,10.708404300126691,False,False,True
original,b34f33d0bc,19,UNCHANGED,0,10.294909886345934,2,2.563289732281555,2.5707182132372464,-1.7563809589229873,4.027122685766983,False,False,True
original,b34f33d0bc,20,UNCHANGED,0,20.328214784312642,3,6.288403289923724,-4.618934025401315,1.3057370128554469,8.709887251584547,False,False,True
original,b34f33d0bc,21,UNCHANGED,0,19.172235013966443,2,17.122440536912325,-4.624061119020006,-24.56536320497713,29.099783961100698,False,False,True
original,b34f33d0bc,22,UNCHANGED,0,25.703035818699952,3,23.208196389750878,-7.912007444579359,-35.167483867889125,40.61627580807322,False,False,True
original,b34f33d0bc,23,UNCHANGED,0,17.737638767382876,2,-11.879194184512745,-26.423921974996773,3.231909553569653,25.5515980575613,False,False,True
original,b34f33d0bc,24,MERGING,0,12.892822429037677,2,3.5822450015303504,27.028998847418954,4.080511707066644,21.818187936233606,False,False,True
original,b34f33d0bc,25,UNCHANGED,0,49.208009445226885,4,-1.1962486952753124,-9.358273152988655,4.18596371369819,8.158595011362792,False,False,True
original,b34f33d0bc,26,UNCHANGED,0,14.900857772057112,2,-1.1941701083872431,16.10581816484823,-7.021065623690318,13.825262164293031,False,False,True
original,b34f33d0bc,27,UNCHANGED,0,15.023144605083148,2,16.191695085991817,-19.651417982988043,-2.917203376504278,25.50477466697924,False,False,True
original,b34f33d0bc,28,UNCHANGED,0,6.201990453473091,1,1.1319544168274889,4.455185899279551,-2.142915982315476,4.119181603801014,False,False,True
original,b34f33d0bc,30,UNCHANGED,0,9.804531118482178,1,-1.8422786584744244,-1.6872177520044584,3.674940832271125,3.9302357588171333,False,False,True
original,b34f33d0bc,31,UNCHANGED,0,11.983178831118687,2,15.240929201545338,9.96969196909366,-18.35404763433425,25.16511459371792,False,False,True
original,b34f33d0bc,32,UNCHANGED,0,10.003864565076595,2,-12.433351184017784,-0.389137785172955,-6.204224088072227,16.29720181016013,False,False,True
original,b3e3e393c7,2,UNCHANGED,0,3.4247897697532763,0,8.348325250176321,5.354554395873942,-9.0702287182224,13.326675009104317,True,False,True
original,b6aea7af56,1,UNCHANGED,0,23.112675541498984,3,0.37246877930473377,1.1687864269579675,-1.8156374095950587,1.7613005275619238,False,False,True
original,b6aea7af56,2,UNCHANGED,0,15.098175988395989,2,6.174768662427255,-8.017211058479116,15.501474879826157,15.759740654137325,False,False,True
original,b6aea7af56,3,UNCHANGED,0,16.70063558621017,2,-1.3222858392694719,-2.866448987929886,-1.1361426977744273,2.9235701949749617,False,False,True
original,b6aea7af56,4,UNCHANGED,0,31.964618096315217,4,0.7140683001745856,0.3880039612294096,-8.41895459359618,6.709103944645957,False,False,True
original,b6aea7af56,5,UNCHANGED,0,53.64499391182172,5,2.883168334477182,1.1362567250268116,-3.720996849766659,4.73237265379922,False,False,True
original,b7923fe9af,1,UNCHANGED,0,4.519275192192388,0,-1.4119337320103114,0.1385126777520671,-0.2768645940099363,1.78167165682427,False,False,True
original,b7923fe9af,2,UNCHANGED,0,7.382967399102295,1,3.0122398054597626,0.4860327016784992,0.06419006323904104,3.7847241655430808,False,False,True
original,b7923fe9af,3,UNCHANGED,0,6.214314618524257,1,-1.9955503909504728,1.2820551024847662,-0.817434027434282,2.764192491534254,False,False,True
original,b7923fe9af,4,UNCHANGED,0,5.76885866837977,1,-0.9748443632817839,0.7073768354585557,-0.7685622932267263,1.4689474380187957,False,False,True
original,b7923fe9af,5,UNCHANGED,0,8.578686979992645,1,0.5879811940082391,2.1835125348900433,-1.0621649014008452,2.037312591894981,False,False,True
original,b7923fe9af,6,UNCHANGED,0,5.28577633033436,1,24.15585731529627,5.751101281565074,10.090573571756176,31.548164785353418,False,False,True
original,b7923fe9af,8,UNCHANGED,0,6.016899930402922,1,4.912382414901231,-1.535684064568305,0.7261522639124812,6.282691336533781,False,False,True
original,b7923fe9af,9,UNCHANGED,0,7.88931563690255,1,-0.34801898225736067,-0.46700785561214037,0.4508827173353805,0.6699488415822654,False,False,True
original,b7923fe9af,10,UNCHANGED,0,6.822155305107962,1,2.051325993580531,2.6574179331916725,0.7007944846601891,3.3448612937020203,False,False,True
original,b7923fe9af,11,UNCHANGED,0,5.414748254009407,1,1.3115757606899934,-0.848528179826526,0.19918214998324604,1.7753113723529355,False,False,True
original,b7923fe9af,12,UNCHANGED,0,6.795609685262891,1,7.327021699273217,0.49885033333488155,1.5034248870657267,9.24348765118455,False,False,True
original,b7923fe9af,13,UNCHANGED,0,6.399925241833224,1,-3.13157670903704,-1.8114839666915699,0.48104467783964516,4.179558280376086,False,False,True
original,b7923fe9af,14,UNCHANGED,0,7.602173409604838,1,4.093002557882724,7.9053649517296645,2.3483567780284567,8.229732713107609,False,False,True
original,b7923fe9af,15,UNCHANGED,0,10.253758121738938,2,13.403386276508314,-8.170934434725103,1.302661820473358,17.957845947189206,False,False,True
original,b7923fe9af,17,UNCHANGED,0,8.082284440896188,1,14.137480903099231,-8.901461339591815,2.5624959109657315,19.097458296431018,False,False,True
original,b7923fe9af,19,UNCHANGED,0,8.212068016408214,1,-0.9862642495974683,0.7544731893982102,2.3465426449341127,2.3010524805231465,False,False,True
original,ba55ff88bd,7,UNCHANGED,0,13.645799001585582,2,13.265522477008176,10.521999178355294,-2.60871783957586,18.620588257919916,False,False,True
original,ba55ff88bd,28,UNCHANGED,0,2.5710976559312866,0,2.2306731841157443,4.028355298998943,-6.6313684634640255,6.711815724002378,False,False,True
original,ba55ff88bd,45,UNCHANGED,0,11.101556303445909,2,-0.31296161100590325,0.2784046988561753,-1.436786431735118,1.2187785217692624,False,False,True
original,bbf14f4f9b,1,UNCHANGED,0,2.0378522177168708,0,8.940555073154291,16.878373283665773,-14.349611993784265,20.660243383531704,True,False,True
original,bbf14f4f9b,2,UNCHANGED,0,13.457679533799359,2,-0.2880822241910209,-1.7447311248380915,0.5369383232270906,1.4717074108041601,True,False,True
original,bc6dc48b74,1,UNCHANGED,0,6.902516019297254,1,-0.16849636753004232,0.12085528838348066,-0.36512383621412897,0.36913644452452765,False,False,True
original,bc6dc48b74,3,UNCHANGED,0,4.470128186027078,0,0.0682536001324479,0.19586088985532263,0.08873697035849182,0.18862631877111233,False,False,True
original,bc6dc48b74,5,MERGING,0,24.67882935826598,3,1.4707241535421418,0.9488417670704496,-3.667445760254872,3.5074047420284686,False,False,True
original,bc6dc48b74,6,UNCHANGED,0,32.101802884147375,4,3.260318159907979,0.16528316360162698,-7.229462107647624,7.011538054300177,False,False,True
original,bc6dc48b74,7,UNCHANGED,0,3.844929922844766,0,-1.3500292146580932,-0.8790745401165954,-0.8980894021685181,1.95480016795377,False,False,True
original,bc6dc48b74,9,UNCHANGED,0,5.837735900672579,1,13.125216052097471,3.390162349692893,-14.254441989757124,20.066733586443387,False,False,True
original,bc6dc48b74,10,UNCHANGED,0,7.933791579919588,1,0.11772202427581532,1.33294400615408,-0.010454495798057281,1.0514104075259283,False,False,True
original,bc6dc48b74,11,UNCHANGED,0,4.844308145162791,0,-1.2072012728326853,-0.8518132248667475,-0.8926345097497153,1.7932337537129468,False,False,True
original,bc6dc48b74,12,UNCHANGED,0,10.022967232233986,2,-1.8073766388503372,-1.4714750612068188,-1.6895908186098318,2.86389791011032,False,False,True
original,bc6dc48b74,13,UNCHANGED,0,6.279942904400784,1,-1.2800271639478524,1.072482485257791,0.5731174587053539,1.86176601538469,False,False,True
original,bc6dc48b74,14,UNCHANGED,0,3.5479430924660416,0,-1.3298122371935506,-0.5090554487762419,0.07345119742819389,1.7101310486685954,False,False,True
original,bc6dc48b74,15,UNCHANGED,0,4.470128186027078,0,-0.09286004473417506,0.9812504412092442,-0.5982700752158078,0.9075202335168784,False,False,True
original,bc6dc48b74,17,UNCHANGED,0,8.73226753492908,1,0.3863239811628773,0.27066745835727224,0.12793349303823762,0.5367236528777547,False,False,True
original,bc6dc48b74,18,UNCHANGED,0,4.901305234602576,0,0.38450621871427304,-0.5695239859512293,0.5299040273436275,0.7769531233634834,False,False,True
original,bc6dc48b74,19,MERGING,0,24.67882935826598,3,-1.9966882848381828,-5.748348850908326,9.93443226708859,9.371392882384287,False,False,True
original,bc6dc48b74,20,UNCHANGED,0,3.844929922844766,0,0.4211350963475752,0.3613628558519524,-0.1343639114281051,0.6066351593888254,False,False,True
original,bc6dc48b74,22,UNCHANGED,0,3.6523537300866034,0,-0.5037689001359695,0.5714948143266317,0.6921855878553997,0.9455242116232966,False,False,True
original,bc6dc48b74,23,UNCHANGED,0,7.355086344984389,1,0.1789548071154286,-0.04676201643518038,-0.8558075205198975,0.7122576876236276,False,False,True
original,bc6dc48b74,24,UNCHANGED,0,6.636767175247646,1,1.248920610779237,0.5635514753868304,0.5648245766818775,1.6821148195790507,False,False,True
original,bcbe3365e6,1,UNCHANGED,0,21.799220184479374,3,0.04402502761013238,0.03221015347944754,-1.838608618233715,1.4519235830559891,False,False,True
original,bcbe3365e6,2,UNCHANGED,0,11.624836571587227,2,-3.0169186986647674,0.5729568038680383,-20.963852055693486,16.97083534451898,False,False,True
original,bcbe3365e6,3,UNCHANGED,0,11.899107800420413,2,-2.2269123061146274,7.639970208004484,-7.328669346703725,8.762806719634206,False,False,True
original,bcbe3365e6,4,UNCHANGED,0,88.9862915347781,5,7.928233993454796,6.786570918212034,7.053978721066414,12.541251398441164,False,False,True
original,bcbe3365e6,5,UNCHANGED,0,14.201385158733228,2,-2.412122259684793,-0.42652676484701346,1.0347755997754937,3.141446272569293,False,False,True
original,bcbe3365e6,6,UNCHANGED,0,8.845621530588971,1,1.174424684659357,2.466388284200262,0.04120018322503569,2.4221080628390355,False,False,True
original,bcbe3365e6,7,UNCHANGED,0,6.560108980425566,1,-0.39330770260357895,-1.2338323350222242,1.0553994454201812,1.365166734085719,False,False,True
original,bd4c9ab730,1,UNCHANGED,0,20.035825569932495,3,-0.2658695078067922,0.5121467867753977,-1.3412005535651348,1.1790842520634721,True,False,True
original,bd686fd640,7,UNCHANGED,0,9.564238782651845,1,-3.0226264383630905,10.046871902746004,-2.455487813079481,8.92177697154805,False,False,True
original,bd686fd640,13,UNCHANGED,0,17.71006451444247,2,-7.409156414345716,4.034009391284211,-0.022321877122020255,9.782674480213968,False,False,True
original,bd686fd640,14,UNCHANGED,0,8.125552625622392,1,9.140074055435548,-0.6463679627767333,0.5677945768726298,11.445010779110104,False,False,True
original,bd686fd640,17,UNCHANGED,0,14.296054962311745,2,3.7559610338942093,11.06125786440774,-4.857257528105131,10.552690309702047,False,False,True
original,bd686fd640,18,UNCHANGED,0,13.422631332064176,2,1.4236916110080529,0.3622300948282895,3.081062935984558,3.025990942041719,False,False,True
original,bd686fd640,20,UNCHANGED,0,7.445121506411228,1,6.091897267946479,-0.59800246807651,-0.26663426807877855,7.6320805127385425,False,False,True
original,bd686fd640,21,UNCHANGED,0,5.909196855654124,1,-3.5761620157973084,3.94289437390942,-0.8310223918031225,5.467662200233996,False,False,True
original,be83ab3ecd,6,UNCHANGED,0,16.462258743389093,2,-0.17106953073055137,0.15959355461753733,0.15543329694020386,0.27622779917104934,True,False,True
original,bf8229696f,1,UNCHANGED,0,17.969690019215143,2,-0.20043450874177324,-0.48599924253327564,0.874686928627987,0.8265097702008456,False,False,True
original,bf97f24695,4,UNCHANGED,0,10.724554620724625,2,0.41945019748308426,-0.9808987657262555,-6.119341606608459,4.916596329742651,True,False,True
original,bf97f24695,6,UNCHANGED,0,7.230863382569028,1,-2.7222591014905446,-5.214783868801721,-0.5124434470004472,5.322588177465228,True,False,True
original,bf97f24695,7,UNCHANGED,0,6.926037556870486,1,9.729284106170827,7.187275359323019,-3.8627851809865756,13.73688662782347,True,False,True
original,bf97f24695,8,UNCHANGED,0,6.763011059568397,1,-0.1303584612659961,-1.3876021445356421,-1.8352828002854589,1.8159872333828901,True,False,True
original,bf97f24695,10,UNCHANGED,0,16.86903284775918,2,0.31893895407030187,1.9673961108139855,0.4961647117185605,1.6349729557468458,True,False,True
original,bf97f24695,11,UNCHANGED,0,12.447311287746018,2,0.2805395832959675,-0.6782823963376571,-0.09779849091520837,0.6399606654339239,True,False,True
original,bf97f24695,12,UNCHANGED,0,7.918195290432189,1,-0.17661018925489316,1.4210542206923888,0.959487080429426,1.3614664500250089,True,False,True
original,bf97f24695,13,UNCHANGED,0,17.2452870993002,2,1.6731754423574103,-3.143875767001061,2.4255135177163716,3.7503911754077706,True,False,True
original,bf97f24695,15,MERGING,0,131.31618912569732,5,30.897997738989517,64.27774278054282,11.96959124070063,64.03919615541786,True,False,True
original,bf97f24695,17,UNCHANGED,0,8.890326257277868,1,1.6025866762636922,2.4832071865825,-7.409871118958871,6.477222675837394,True,False,True
original,bf97f24695,18,UNCHANGED,0,25.589823923469645,3,6.5845134497883695,-6.06600893159235,-0.3737562451277164,9.501307021597556,True,False,True
original,bf97f24695,20,UNCHANGED,0,10.88806382728639,2,0.7510114520914385,-0.18407435368933958,-0.49867829274368086,1.0279856609576425,True,False,True
original,bf97f24695,21,UNCHANGED,0,9.275995302641642,1,2.222577779622861,1.1021834601960057,0.11916299558867051,2.9100419496874492,True,False,True
original,bff82d1886,1,UNCHANGED,0,6.954727625147534,1,1.0521065374761747,-1.6953757352432641,0.21769277554622293,1.8741096129145065,True,False,True
original,bff82d1886,2,UNCHANGED,0,4.476477129935644,0,-0.20761814316713298,-1.5039790192015143,1.4970722937644505,1.6859018292380266,True,False,True
original,bff82d1886,3,UNCHANGED,0,6.30941432038259,1,-1.2564189106474486,1.3010592443900924,0.33311488438579967,1.888951428013492,True,False,True
original,bff82d1886,4,UNCHANGED,0,6.8607332971274095,1,0.4424589770480679,1.606374576354879,1.3211323488136983,1.7223240746229949,True,False,True
original,bff82d1886,5,UNCHANGED,0,7.2793486694878515,1,-5.870969509642282,-15.107547879311651,3.2025603837127825,14.122952690479924,True,False,True
original,bff82d1886,6,UNCHANGED,0,7.5773430503524635,1,0.24463934653324487,-2.486048921631257,-0.0008928349125874322,1.965538230712891,True,False,True
original,bff82d1886,7,UNCHANGED,0,8.501584854506316,1,0.2606445550840135,-1.2489140576504254,-1.0436184026536988,1.3174104545387935,True,False,True
original,bff82d1886,8,UNCHANGED,0,10.262788661121832,2,-4.79667473350105,-16.652661173589696,11.394624061591593,16.909336260432607,True,False,True
original,bff82d1886,9,UNCHANGED,0,7.046247694426192,1,3.8023635496229646,4.418347709205217,0.05191254665745965,5.873652017483726,True,False,True
original,bff82d1886,10,UNCHANGED,0,7.417772375358836,1,0.7003321043693177,-1.545164954355198,1.1744836268978125,1.7553824462716117,True,False,True
original,bff82d1886,11,UNCHANGED,0,9.206815798103275,1,-1.91439623707613,-13.722454077676446,6.586890845133798,12.148867755990523,True,False,True
original,bff82d1886,12,UNCHANGED,0,11.361673087491532,2,-1.5550408139449927,-2.116919706429217,1.285110783235193,2.7458896600014904,True,False,True
original,bff82d1886,13,UNCHANGED,0,20.90189344248382,3,-1.2707666695126818,0.7961997759038433,-3.243490676542383,3.075539002562942,True,False,True
original,bff82d1886,14,UNCHANGED,0,10.074836042093926,2,-1.1073182203385614,1.159919134556359,0.20246823363500424,1.6619366413179237,True,False,True
original,bff82d1886,15,UNCHANGED,0,7.471721706327052,1,1.5426734748578383,4.117535078780246,1.591504371448811,3.9543158586682,True,False,True
original,bff82d1886,16,UNCHANGED,0,5.49532791843468,1,2.2361177088831483,-4.226268303836542,-3.2222456055904996,5.017083137739769,True,False,True
original,bff82d1886,17,UNCHANGED,0,7.390500907194057,1,2.6348183156070717,-1.8807956407086106,-4.323416578801166,4.963978635174127,True,False,True
original,bff82d1886,18,UNCHANGED,0,8.042894423648557,1,-1.14591577718993,-7.757433093693189,2.9363527955641864,6.642689725764376,True,False,True
original,bff82d1886,19,UNCHANGED,0,8.683816881247546,1,0.07244521572401937,-1.0862336494428715,-0.689858682020966,1.012006168144183,True,False,True
original,bff82d1886,20,UNCHANGED,0,5.289699707196009,1,0.1584657151321153,0.1876873210662177,-5.427646735479947,4.289497266271227,True,False,True
original,bff82d1886,21,UNCHANGED,0,7.853579119581626,1,6.758126843216883,-1.3509180361895192,0.5206250251690451,8.523194000336199,True,False,True
original,bff82d1886,22,UNCHANGED,0,6.664604008718999,1,1.5563365148939283,-3.004233991357648,1.6270218907464549,3.307227625826917,True,False,True
original,bff82d1886,23,UNCHANGED,0,5.951489304700852,1,1.0435348388585113,0.2207647924121771,0.3304398720752437,1.341345914028408,True,False,True
original,c0e190d826,1,UNCHANGED,0,5.959648269719758,1,13.311567179929307,2.0379363043806946,16.12629124584174,21.007046123769356,False,True,False
original,c0e190d826,3,UNCHANGED,0,10.201459627404443,2,-8.786992615090913,21.89207353273122,-13.780270870171048,23.047524659556284,False,True,False
original,c24cd76e1c,1,UNCHANGED,0,20.31781646715222,3,2.3120277885777227,-2.4309937267306725,6.444849775323871,6.149316492642092,False,False,True
original,c24cd76e1c,2,UNCHANGED,0,17.210815710165,2,-10.096417057811527,5.425309851660658,38.754680872846095,33.34983022088417,False,False,True
original,c24cd76e1c,3,UNCHANGED,0,11.85607267654775,2,1.7599626527593615,0.5527792228981996,-3.781446850690885,3.731999043259378,False,False,True
original,c24cd76e1c,4,UNCHANGED,0,30.45783892755556,4,0.7377257601047404,-4.467218053395154,1.3869895105759231,3.7709875042792356,False,False,True
original,c4258e0f53,2,UNCHANGED,0,30.48147315203791,4,-1.4362704208786141,9.86621012845549,-16.572153484356114,15.282832552093762,True,False,True
original,c4258e0f53,4,UNCHANGED,0,11.005142061586124,2,-1.6345155633462525,-0.9303132911862423,-3.1606893591739826,3.304740260393589,True,False,True
original,c4258e0f53,7,UNCHANGED,0,13.140201033731593,2,0.8324207309226835,14.633468741979245,-1.4975445639155507,11.536674634768556,True,False,True
original,c4258e0f53,8,UNCHANGED,0,14.646544411128811,2,4.785383340873588,3.791885632901425,-1.3210984332308169,6.755577821663226,True,False,True
original,c45147dee7,2,UNCHANGED,0,13.612503522662765,2,14.444388736818677,-11.44727091262835,2.215608764349255,20.223396731517504,True,False,True
original,c4de9fe968,3,UNCHANGED,0,4.106522799276936,0,-0.7027021782973406,3.9866641326074133,4.425058011078142,4.75979273597783,True,False,True
original,c4de9fe968,5,UNCHANGED,0,9.335842733844713,1,-0.8261841019701478,10.118707411557885,4.129908154753134,8.610294464174604,True,False,True
original,c4de9fe968,7,UNCHANGED,0,4.889023958627703,0,-5.835641854994298,8.751400269842263,5.369814566058195,10.85706759545567,True,False,True
original,c4de9fe968,11,UNCHANGED,0,7.165401869728842,1,-5.060827973617461,2.911037145254885,-5.253292067566443,7.897301561521242,True,False,True
original,c4de9fe968,16,UNCHANGED,0,4.496148799454834,0,15.650878595132848,1.8206670079213965,-1.9920193688306396,19.678072656474768,True,False,True
original,c4de9fe968,20,UNCHANGED,0,4.634577933214837,0,-6.374329487843534,2.831782548982929,-2.6911779837630747,8.537415438136932,True,False,True
original,c4de9fe968,26,UNCHANGED,0,6.779719764569778,1,1.9756516765548895,6.511944363087853,0.19592321370086904,5.65581977612259,True,False,True
original,c4de9fe968,52,UNCHANGED,0,7.589410353069986,1,-0.7881796812086123,0.5565890624617347,0.19490079287784529,1.0877846567239722,True,False,True
original,c52f1bd66c,2,UNCHANGED,0,23.761092161158466,3,-1.9473419934540743,-10.835978328738703,-8.391777138476298,11.017486422782108,False,False,True
original,c52f1bd66c,3,UNCHANGED,0,9.264200713013825,1,-2.8663740926669448,1.0123033442237186,-0.9096313847220869,3.7386911447070004,False,False,True
original,c8ffe9a587,1,UNCHANGED,0,11.701425435078159,2,-22.266205036026804,16.437980101962594,-11.835885172635576,32.0419413151065,False,False,True
original,c8ffe9a587,2,UNCHANGED,0,17.964963722684736,2,-3.954595186709034,0.27865489080607725,-0.5332821792323515,4.965889883951844,False,False,True
original,c9e1074f5b,1,MERGING,0,37.59125286485014,4,-7.454263739301408,13.956752737209031,-1.1320715264860166,14.367833685039779,False,False,True
original,c9e1074f5b,2,UNCHANGED,0,7.67502647406624,1,0.4874701296906011,7.276259952832071,15.46195436426994,13.471911646433371,False,False,True
original,c9e1074f5b,3,UNCHANGED,0,9.549040647773328,1,25.314120587491935,-11.232078642170851,8.031973191861328,33.44204269600418,False,False,True
original,c9e1074f5b,4,UNCHANGED,0,7.739624225845694,1,4.738661556689506,-1.784938024237323,-2.8864946916201046,6.497375834442166,False,False,True
original,c9e1074f5b,5,MERGING,0,33.728314039232515,4,-10.911114802987466,-9.47019883179099,0.7579146230021765,15.526788531377079,False,False,True
original,c9e1074f5b,6,UNCHANGED,0,10.292981832895338,2,8.445931522974005,1.928617561733455,2.70607274642347,10.87595532257495,False,False,True
original,c9e1074f5b,7,UNCHANGED,0,8.020490701961256,1,7.1351387793007435,-10.41149335139195,-1.7610460973397306,12.148954300972552,False,False,True
original,c9e1074f5b,8,MERGING,0,17.51929665311569,2,4.577932318263336,2.3707023288580973,19.316208267381146,16.384341400657725,False,False,True
original,c9e1074f5b,9,UNCHANGED,0,22.989491916603882,3,-4.9781378740237505,-7.121008432966019,-4.2504947935332,8.994382779977608,False,False,True
original,c9e1074f5b,10,UNCHANGED,0,6.689196866271965,1,5.213349699641258,-1.6333270562653321,3.2997316054249892,7.132502363943505,False,False,True
original,c9e1074f5b,11,UNCHANGED,0,8.817234675359389,1,11.831306580135488,0.20903803024754913,-0.6373371326884057,14.798580409181922,False,False,True
original,c9e1074f5b,12,UNCHANGED,0,14.09374995089874,2,-2.193962375388668,-4.5612503055585405,5.61430648197657,6.311372566942275,False,False,True
original,c9e1074f5b,13,MERGING,0,33.728314039232515,4,31.720553294673856,60.20839074557764,35.36951445080366,67.54326037208644,False,False,True
original,c9e1074f5b,14,MERGING,0,17.51929665311569,2,-4.332809001373922,4.851745895585481,3.688108878520464,7.2221146057728784,False,False,True
original,c9e1074f5b,15,UNCHANGED,0,13.503901941031208,2,-2.4339717780807137,-1.6333515554249889,-0.4095201275287857,3.3148558433367827,False,False,True
original,c9e1074f5b,16,MERGING,0,33.728314039232515,4,33.37235596360378,63.8413691658863,52.85245076657526,77.23436751967408,False,False,True
original,c9e1074f5b,18,UNCHANGED,0,15.898727829516698,2,-10.864732122859344,0.029933819211174266,0.5232387997830705,13.587208544522346,False,False,True
original,c9e1074f5b,19,UNCHANGED,0,18.557861958421512,2,-5.69940406059367,0.249840809365647,-4.836741145777021,8.084329353432652,False,False,True
original,c9e1074f5b,20,UNCHANGED,0,16.120573818185015,2,-0.9705318542776391,-1.1820714520944953,1.5022719524854513,1.9310571038784254,False,False,True
original,c9e1074f5b,21,UNCHANGED,0,6.8116806820429,1,-0.08076749023733404,-6.5564396312322515,-9.274180178539046,8.931618952172604,False,False,True
original,c9e1074f5b,22,UNCHANGED,0,3.7895392923906197,0,9.687908014613551,1.0202502936609674,-2.0896214152915533,12.247549918392963,False,False,True
original,c9e1074f5b,23,MERGING,0,33.728314039232515,4,21.016825068679644,64.23124968559817,30.939902570713194,61.66506445192978,False,False,True
original,c9e1074f5b,24,MERGING,0,37.59125286485014,4,13.946065822636783,5.33836141609639,16.187806304587287,22.009230266319705,False,False,True
original,c9e1074f5b,25,UNCHANGED,0,8.740283631205912,1,12.776621491580602,-1.796945177421655,-2.988687629300618,16.204807945774398,False,False,True
original,c9e1074f5b,26,UNCHANGED,0,9.491306221747628,1,8.247425496513351,4.643330931366032,-2.397163528068375,11.090970229730049,False,False,True
original,ca46c1b951,1,UNCHANGED,0,9.01964947283559,1,0.31740274702851823,3.4250703013120813,4.43572496252773,4.42283164890135,False,False,True
original,ca46c1b951,2,UNCHANGED,0,14.856365021924525,2,-0.6060777911672858,-0.7659952939816833,0.4524645474857953,1.0292193878949158,False,False,True
original,ca46c1b951,3,UNCHANGED,0,20.883193733955274,3,-10.74623861594041,-0.3819498733411613,0.7182687477074896,13.448056318918706,False,False,True
original,ca46c1b951,4,UNCHANGED,0,91.51412230786342,5,-1.541658973700828,-33.675161481178655,5.631146735597374,26.742465794901012,False,False,True
original,ca46c1b951,5,UNCHANGED,0,5.51480686572543,1,0.7713160815412948,-0.543691173548846,0.12160896030249545,1.0578688983687978,False,False,True
original,ca46c1b951,6,UNCHANGED,0,8.019464101342404,1,0.7779694813992591,2.6392994235635325,8.795148181187917,7.304073715390226,False,False,True
original,ca46c1b951,7,UNCHANGED,0,33.45248395117492,4,-0.46332239463927183,0.06098135194285351,8.618454302506372,6.824745307791327,False,False,True
original,caf1a3dfb5,1,UNCHANGED,0,22.709766099971958,3,69.67755145258667,9.796629853642685,-8.36167920811678,87.68091258765027,False,True,False
original,caf1a3dfb5,2,UNCHANGED,1,3.9210084917790318,0,-1.6805352811517196,-18.920041225759473,-1.0842480044190963,14.949619971804335,False,True,False
original,caf1a3dfb5,3,UNCHANGED,1,5.007842986242486,1,-3.9633276160790616,-10.972062429393938,14.251874577104848,14.980603679955513,False,True,False
original,caf1a3dfb5,4,UNCHANGED,0,14.627215348033873,2,92.56683901187805,-9.987480533051604,2.4514026190429363,115.98729536957609,False,True,False
original,caf1a3dfb5,5,UNCHANGED,1,5.073743214366494,1,4.453466311136435,1.1509987687502614,1.6102462408428964,5.780297046264062,False,True,False
original,caf1a3dfb5,6,UNCHANGED,0,9.734658174553427,1,79.78736415555568,15.061190800304566,5.502351450851393,100.51926323098704,False,True,False
original,caf1a3dfb5,7,UNCHANGED,1,4.176316156011105,0,-2.246177167730457,7.377689285869227,-3.2423723682159595,6.901319399914841,False,True,False
original,caf1a3dfb5,8,UNCHANGED,0,28.206606268394086,3,84.1684675752507,-11.733106494620081,0.3550609860444344,105.60926250197633,False,True,False
original,caf1a3dfb5,9,UNCHANGED,1,6.245750245461507,1,2.164406078861009,3.006933507383191,-3.328805588359868,4.442178147031312,False,True,False
original,caf1a3dfb5,10,UNCHANGED,1,3.352415103828609,0,7.057097063218589,-24.46676233435269,-6.644192915436658,21.68949796338752,False,True,False
original,caf1a3dfb5,11,UNCHANGED,0,31.378240202042253,4,89.28180788975351,-16.33258659212033,0.8082648547989956,112.33067370813589,False,True,False
original,caf1a3dfb5,12,UNCHANGED,0,12.011340153864246,2,85.50791487554883,-10.629220659628114,-4.316978717313983,107.26087621428331,False,True,False
original,caf1a3dfb5,13,UNCHANGED,1,3.5624726375406843,0,-1.374425229926078,-2.3051828180332485,18.000192044743603,14.418529480724109,False,True,False
original,caf1a3dfb5,14,UNCHANGED,1,6.973304425628759,1,3.2933725728683156,4.7573574069694295,4.172145562249707,6.448903587569175,False,True,False
original,caf1a3dfb5,15,UNCHANGED,1,5.3216272624516145,1,-4.952242381554152,2.3488266317321878,-0.09801417950515122,6.456855116757628,False,True,False
original,caf1a3dfb5,16,UNCHANGED,0,20.23136738995567,3,93.7888070653088,-6.714810101126502,0.609920180717462,117.3542316208659,False,True,False
original,caf1a3dfb5,17,UNCHANGED,0,12.590503905520906,2,77.32938328417899,18.589742351310015,0.6181872843597889,97.74721066866638,False,True,False
original,caf1a3dfb5,18,UNCHANGED,0,20.995527792596647,3,80.76526991577069,-5.857130258859003,-7.323470301850351,101.22522239623297,False,True,False
original,caf1a3dfb5,19,UNCHANGED,1,4.64886961708584,0,-11.012522909451832,-41.094757479648024,7.1860741169420335,35.37978769739342,False,True,False
original,caf1a3dfb5,20,UNCHANGED,0,22.103040789264433,3,70.79407644703255,-1.887428498777193,-12.84221236199257,89.08299531481187,False,True,False
original,caf1a3dfb5,21,UNCHANGED,0,26.559059327612214,3,84.87336102025455,-7.157001613889515,-10.354002592246308,106.55247770806457,False,True,False
original,caf1a3dfb5,22,UNCHANGED,0,21.1476277011688,3,83.71201549745423,-6.064427197427399,-0.5947051009526715,104.74820537136954,False,True,False
original,caf1a3dfb5,23,UNCHANGED,1,6.158690106968503,1,-5.895107007253671,-14.825421055747336,-4.365038326534286,14.1501559594633,False,True,False
original,caf1a3dfb5,24,UNCHANGED,1,5.881512737668547,1,-6.205962339199869,-9.34932513890747,2.484651682667485,10.83225847497158,False,True,False
original,caf1a3dfb5,25,UNCHANGED,0,23.12291045777836,3,77.51681271709887,15.656462670404856,-9.381482004704797,97.94459619901549,False,True,False
original,caf1a3dfb5,26,UNCHANGED,0,22.965975034029675,3,89.35356454136928,-6.5654212283378,-0.21905634161252585,111.80972701424231,False,True,False
original,caf1a3dfb5,27,UNCHANGED,0,14.471089296106845,2,80.6989193642537,16.0752639435232,5.124097147008346,101.73229957174523,False,True,False
original,caf1a3dfb5,28,UNCHANGED,0,33.5735912021754,4,82.90813202248336,-17.11835484117964,-2.886392615801176,104.51878114426084,False,True,False
original,caf1a3dfb5,29,UNCHANGED,1,4.223778357299172,0,3.330841046315572,-23.34382802119556,-13.292436417170936,21.4409972628138,False,True,False
original,caf1a3dfb5,30,UNCHANGED,0,16.40932576385786,2,82.4032740455043,-6.551931270235013,0.945427660361924,103.13381501446379,False,True,False
original,caf1a3dfb5,31,UNCHANGED,1,3.808917761527508,0,5.08748900046412,-22.186284255964633,-11.965794309365332,20.732004682398937,False,True,False
original,caf1a3dfb5,32,UNCHANGED,0,11.24658737641634,2,85.75865832624292,-10.822603714209812,-12.406357806254357,107.97565194837377,False,True,False
original,caf1a3dfb5,33,UNCHANGED,0,25.95679801573242,3,83.42343577510441,1.0504212420917454,-8.534003125557799,104.49967483674969,False,True,False
original,caf1a3dfb5,34,UNCHANGED,0,8.704555366375855,1,78.32802152963795,16.99134200508924,9.234685693979888,99.07351219696358,False,True,False
original,caf1a3dfb5,35,UNCHANGED,0,7.211448935575342,1,75.56011288479624,-17.023592497711025,-9.786155140893564,95.6933415129267,False,True,False
original,caf1a3dfb5,36,UNCHANGED,1,6.0690964288810205,1,4.040848337983346,-14.480754081769732,2.3880003862516537,12.528657293972758,False,True,False
original,caf1a3dfb5,37,UNCHANGED,0,9.564922622159276,1,84.25801803642538,8.065385134252846,-4.393820468246315,105.5676568030851,False,True,False
original,caf1a3dfb5,38,UNCHANGED,0,28.1776801040002,3,88.34411590700046,-20.49474733880929,14.761738116144915,112.19034958233051,False,True,False
original,caf1a3dfb5,39,UNCHANGED,0,21.94902826702738,3,86.04401823841124,-22.80531363838761,14.448819896504693,109.61421248248502,False,True,False
original,caf1a3dfb5,40,UNCHANGED,1,5.106060921450002,1,-5.9392403717344,6.351170983338564,1.294044656712325,8.986834432038926,False,True,False
original,caf1a3dfb5,41,UNCHANGED,1,4.488434265712017,0,-6.3546413898083305,-13.119355118268492,8.821950508789524,14.71495212358892,False,True,False
original,caf1a3dfb5,42,UNCHANGED,1,2.928604344391584,0,-29.591779384504775,-56.2532660369308,-7.039729027169517,57.69982071825044,False,True,False
original,caf1a3dfb5,43,UNCHANGED,1,4.974232289061224,0,-6.171588505844511,10.443291342655732,1.0043883309532673,11.254557102159247,False,True,False
original,caf1a3dfb5,44,UNCHANGED,0,20.23136738995567,3,90.55748263253861,-9.13529391884759,0.2899627635739906,113.42170591968883,False,True,False
original,caf1a3dfb5,45,UNCHANGED,1,4.027032657950943,0,-3.294155654802785,0.07590134783065772,0.17847164189368445,4.120528020974793,False,True,False
original,caf1a3dfb5,46,UNCHANGED,1,2.928604344391584,0,-7.8872006119668185,-10.057815379517312,-6.626268831358382,13.64685458575691,False,True,False
original,caf1a3dfb5,47,UNCHANGED,0,28.5386051599147,3,82.1763180962525,22.270052218934975,6.8939240357954885,104.3243954367397,False,True,False
original,caf1a3dfb5,48,UNCHANGED,0,27.394195820690168,3,80.25947181336292,4.788447428249107,-8.200086601084617,100.60227771338795,False,True,False
original,caf1a3dfb5,49,UNCHANGED,0,30.578730227573836,4,80.7748684951429,7.282056768246698,-2.1007541203610685,101.1422157035963,False,True,False
original,caf1a3dfb5,50,UNCHANGED,0,12.46230077755839,2,85.63022984780198,-11.604656761136644,-8.262772551104524,107.61845477164142,False,True,False
original,caf1a3dfb5,51,UNCHANGED,0,14.07616045137773,2,85.02027329562048,-10.066437926062548,1.1121650987473461,106.56935545827098,False,True,False
original,cb70ab3756,1,UNCHANGED,0,21.331223859819303,3,-1.3441153188724002,9.016731719260841,0.6657940202656618,7.258756835975015,False,False,True
original,cb70ab3756,2,UNCHANGED,0,33.12378279181842,4,1.1918881684743154,-1.839950741560905,-2.134459050012023,2.6684845652839195,False,False,True
original,cb70ab3756,3,UNCHANGED,0,10.50614560517141,2,-1.7872027472713854,1.1019700095874618,0.725208243298408,2.461477341791255,False,False,True
original,cb70ab3756,4,UNCHANGED,0,6.099588210606397,1,-0.06216882289415935,1.7793064013016697,-1.2302269515219175,1.6968480232701695,False,False,True
original,cb70ab3756,5,UNCHANGED,0,6.173306380950817,1,-0.2693262340131014,0.9201274544887107,-1.5750805353426867,1.4745004578068919,False,False,True
original,cb70ab3756,6,UNCHANGED,0,68.3773179187064,5,-0.7227816818911833,-1.7495437642624165,-4.599784622548347,3.9817852081116945,False,False,True
original,cb70ab3756,7,UNCHANGED,0,8.53850977218785,1,-2.9800866448206307,-1.678968032846824,-1.1045588511178053,4.044178332876962,False,False,True
original,cb70ab3756,8,UNCHANGED,0,14.031862639279698,2,-1.9624715363278937,-0.2583961820137659,-0.8910072736071986,2.5598026489224757,False,False,True
original,cb70ab3756,9,UNCHANGED,1,61.88011426572697,5,0.6556985335153513,3.8026387824732586,3.628401152117292,4.205654336212727,False,False,True
original,cb70ab3756,10,UNCHANGED,0,63.82528920617639,5,-2.1846833884660555,8.299201450737879,4.4951554642959,7.877094348520003,False,False,True
original,cb70ab3756,11,UNCHANGED,1,18.177077124188735,2,-1.305264392826666,-3.594771648558573,-2.5258362493199487,3.8099599092262544,False,False,True
original,cb70ab3756,12,UNCHANGED,0,9.166965390967768,1,-0.10169861324736758,-2.8318121061297754,-0.7329905432216477,2.289541463609231,False,False,True
original,cb70ab3756,13,UNCHANGED,1,17.160159730962082,2,-1.9405643038384823,-1.4427151108834504,-0.0016515075879200759,2.6746284817632504,False,False,True
original,cb70ab3756,14,UNCHANGED,0,7.7663898976099945,1,-0.3175165246962933,-0.6062377121549971,0.8698808785407185,0.9234493440348185,False,False,True
original,cb70ab3756,15,UNCHANGED,1,43.37963628725559,4,2.1929977465915274,7.536534110664864,-28.513484916643595,23.415403314851805,False,False,True
original,cb70ab3756,16,UNCHANGED,0,8.964313782365046,1,-0.45486348179210834,2.5133311481260066,-4.422946494800843,4.044050446795126,False,False,True
original,cb70ab3756,17,UNCHANGED,1,13.82531203577663,2,-1.2453428932787347,1.4508279371077129,-1.5850520683162963,2.295903272174977,False,False,True
original,cb70ab3756,18,UNCHANGED,1,7.327838978252742,1,0.16420898767464678,-0.8058864127300542,-2.0620296059131316,1.7564769588118763,False,False,True
original,cb70ab3756,19,UNCHANGED,1,13.18185184809859,2,0.12828961063639782,-0.04779742858812929,-0.8072610545381949,0.6578662508980024,False,False,True
original,cb70ab3756,20,UNCHANGED,0,9.361032598890127,1,-3.3329742739883157,3.6499379491591455,1.9580150481269858,5.279198378973445,False,False,True
original,cb70ab3756,21,UNCHANGED,1,17.935703724275115,2,-0.36062428987559086,1.1656055744755494,-0.5130860915095712,1.0935270210803347,False,False,True
original,cb70ab3756,22,UNCHANGED,1,13.982431305056062,2,-3.7558423770305125,-0.012434904766550974,-1.9734252148465203,4.946273288501172,False,False,True
original,cb70ab3756,23,UNCHANGED,1,10.46244274528033,2,0.8075307114881525,-0.3286922753076106,0.5453048416021022,1.1269099067100012,False,False,True
original,ce08becc73,26,UNCHANGED,0,11.13469956407164,2,-0.2747278904236964,-0.7220315564060407,0.14360544362568015,0.6698947625102897,False,False,True
original,ce08becc73,29,UNCHANGED,0,6.013312487094588,1,-0.3165325218025373,0.23150767846182133,0.6723887297272867,0.6860674270395398,False,False,True
original,cedebb6e87,1,UNCHANGED,0,10.491381007929915,2,13.5332011429001,3.9696240589372627,7.945601181712393,18.305220292441597,False,False,True
original,cedebb6e87,2,UNCHANGED,0,32.90132703101033,4,14.299869677093977,4.725702762563591,-1.6273129018346955,18.29699811943285,False,False,True
original,cedebb6e87,3,UNCHANGED,0,12.429120907234006,2,15.991166077846525,-3.6821430266672426,-2.389194309459022,20.282551376661075,False,False,True
original,cedebb6e87,4,UNCHANGED,0,18.079952494722328,2,10.39210450030031,-3.1094063706037116,-2.050836972556903,13.313869709313385,False,False,True
original,cedebb6e87,5,UNCHANGED,0,20.559835797199305,3,-1.2150639534980314,-1.2154014448211488,-0.9364877675707853,1.937481850772344,False,False,True
original,cedebb6e87,6,UNCHANGED,0,11.510832016463121,2,166.98606131805622,26.648687272610772,81.60705462480523,219.4271270415143,False,False,False
original,cedebb6e87,7,UNCHANGED,0,10.203102339591126,2,10.607247490156272,13.65687812632316,-2.7061538884402907,17.150089365243506,False,False,True
original,cedebb6e87,8,UNCHANGED,0,5.075254047255177,1,27.30563259372991,-11.408529932681395,-3.650394743165567,35.39323011362212,False,False,True
original,cedebb6e87,9,UNCHANGED,0,11.251521905237658,2,8.42461581315913,-10.539423228306124,8.831423712608826,15.073293274680083,False,False,True
original,cedebb6e87,10,UNCHANGED,0,4.479353669271044,0,8.98229502641052,1.0021037690029941,1.4623124237314893,11.314094752522907,False,False,True
original,cedebb6e87,11,UNCHANGED,0,21.18089774392495,3,9.44400479501686,3.346671080055764,-2.656420118028249,12.271215010723152,False,False,True
original,cedebb6e87,12,UNCHANGED,0,8.15320569603547,1,10.617798576021562,6.649735412431913,9.54102668808795,16.118103309977393,False,False,True
original,cedebb6e87,13,UNCHANGED,0,22.570964449903602,3,17.670378946703046,-5.629765259999842,-2.128916563422321,22.583894374254587,False,False,True
original,cedebb6e87,14,UNCHANGED,0,25.905122792496424,3,13.069719356228507,-2.695581335614121,-4.847047125539305,16.910350148154414,False,False,True
original,cedebb6e87,15,UNCHANGED,0,4.386969398979048,0,21.68736305331877,-8.332868228705573,-2.553707452208917,27.952143535175637,False,False,True
original,cedebb6e87,16,UNCHANGED,0,13.166147412537105,2,16.11488680278901,7.02680005311349,-10.38366486868144,22.427725509254067,False,False,True
original,cedebb6e87,17,UNCHANGED,0,30.745324445852898,4,127.13142964616586,35.73898767206803,81.9833524047092,173.83029218121698,False,False,False
original,cedebb6e87,18,UNCHANGED,0,51.36060083048785,5,8.313729471429543,12.886159893303327,1.5546252085696484,14.518522606827268,False,False,True
original,cedebb6e87,19,UNCHANGED,0,24.799335807397807,3,3.4818748245876123,2.18480937272449,-7.3767186568779,7.465223793944011,False,False,True
original,cedebb6e87,20,UNCHANGED,0,39.22716202046411,4,0.2931928115789333,0.017579016140352708,-1.9812175391153577,1.605626937707241,False,False,True
original,cedebb6e87,21,UNCHANGED,0,9.581751010730482,1,13.892686301166691,2.853607082086072,-4.916035325877347,17.932782635500004,False,False,True
original,cedebb6e87,22,UNCHANGED,0,11.18660783426507,2,88.45558420915444,26.691077991237027,91.84400794215092,133.83317773731073,False,False,False
original,cedebb6e87,23,UNCHANGED,0,8.340086882212953,1,7.228727312379283,0.6191919617239887,3.9172388132786606,9.562109993657556,False,False,True
original,cedebb6e87,24,UNCHANGED,0,9.168666701520928,1,13.278261894245338,-5.623028805670676,-21.89873955997678,24.35789043868909,False,False,True
original,cedebb6e87,25,UNCHANGED,0,3.7907112628921347,0,101.08236395732847,59.15756272940901,9.175188626186872,134.72975027593563,False,False,False
original,cedebb6e87,26,UNCHANGED,0,12.109510059760867,2,19.545748159758624,6.598916264586529,-7.106269286855198,25.591591922686227,False,False,True
original,cedebb6e87,27,UNCHANGED,0,12.322427910564823,2,83.07442006982497,9.048165855398429,14.289315981446142,104.6920250718501,False,False,True
original,cedebb6e87,28,UNCHANGED,0,12.256306293043643,2,9.094857177582503,-3.50812590529456,-3.410369723445143,11.999645055466793,False,False,True
original,cedebb6e87,29,UNCHANGED,0,11.172079755796402,2,10.589129258724961,-1.1894417108830069,-0.3904136655748248,13.272544339470851,False,False,True
original,cedebb6e87,30,UNCHANGED,0,4.137155294060053,0,105.7411871868402,6.150769720329354,119.16721424162118,162.2775729795909,False,False,False
original,cedebb6e87,31,UNCHANGED,0,4.479353669271044,0,-3.853771751784245,-2.0058442556230216,-9.831594750787968,9.264594977073422,False,False,True
original,cedebb6e87,32,UNCHANGED,0,5.212489041670274,1,3.469604770782803,4.186514255257086,8.00823306363203,8.332090820226188,False,False,True
original,cedebb6e87,33,UNCHANGED,0,19.32528904872567,2,1.7104216644757912,-0.013887293208819316,-1.1615965851753638,2.3262091787081656,False,False,True
original,cedebb6e87,34,UNCHANGED,0,27.855519355566557,3,17.75109254876701,8.209394526531398,-1.5946493715187573,23.130857777185927,False,False,True
original,cedebb6e87,35,UNCHANGED,0,6.791149960070917,1,160.07264549019516,8.641312026922607,92.62012899593824,213.12476927297766,False,False,False
original,cedebb6e87,36,UNCHANGED,0,10.36617357174259,2,26.217563493132378,1.0895569058490446,-6.105610227959048,33.135052933510664,False,False,True
original,cedebb6e87,37,UNCHANGED,0,8.44322050671229,1,104.88012790237046,-11.342387045792945,9.61360138392039,131.6178463059398,False,False,False
original,cedebb6e87,38,UNCHANGED,0,14.656490306465512,2,16.909468060851488,1.8404792423322553,-0.4125989647604995,21.188155501132005,False,False,True
original,cedebb6e87,39,UNCHANGED,0,9.925266802813809,1,13.29373347677522,8.068916982064263,-0.5279850527912118,17.776860263742265,False,False,True
original,cedebb6e87,40,UNCHANGED,0,8.702602805794378,1,-100.14836750767475,-20.34627519540316,5.776669842880887,126.2722409191094,False,False,False
original,cedebb6e87,41,UNCHANGED,0,19.247186497951418,2,3.3295156864847284,1.6966516357978516,1.4569337544840264,4.516482559269156,False,False,True
original,cedebb6e87,42,UNCHANGED,0,5.643631977838426,1,4.911613449667129,0.14381672257676623,0.8577615961652731,6.1777265698961825,False,False,True
original,cedebb6e87,43,UNCHANGED,0,18.093828135237548,2,16.16529680506782,-3.210285953552743,-0.06043909332956032,20.361631208239043,False,False,True
original,cedebb6e87,44,UNCHANGED,0,15.099401443225394,2,9.250893094238062,15.253852728134847,0.8687982531000245,16.61664371556618,False,False,True
original,cedebb6e87,45,UNCHANGED,0,10.349249176627598,2,48.583821936146975,-11.097694584274798,10.8143423724537,61.935706802730486,False,False,True
original,cf2e4f52be,1,UNCHANGED,0,4.126993806510569,0,-0.19063673736900455,-0.11557570040815052,-0.4837197702066062,0.45890424925988754,True,False,True
original,cf2e4f52be,3,UNCHANGED,0,5.563599318345915,1,8.863309051145938,17.783275349915815,6.0680292991666045,18.40016682160524,True,False,True
original,cf2e4f52be,4,UNCHANGED,0,28.029839786237545,3,12.20596347531108,-15.552366686866067,-19.160655710539842,24.675321562074128,True,False,True
original,cf2e4f52be,5,UNCHANGED,0,23.26083276405999,3,9.663638354752834,-2.8093711358143927,9.339811913059698,14.318988855408662,True,False,True
original,cfecdb276f,1,UNCHANGED,0,10.530905489312138,2,12.457708549225549,-23.14808030267159,-18.30982221302528,27.893169974976537,False,True,False
original,cfecdb276f,2,UNCHANGED,0,7.9779217046239825,1,18.17588883783983,-26.93590404485092,-10.004087262118189,31.953841297398505,False,True,False
original,cfecdb276f,3,UNCHANGED,0,12.854758642487152,2,5.739421699684033,-1.9451234674759343,0.6314783423737835,7.350257305807194,False,True,False
original,cfecdb276f,4,UNCHANGED,0,9.474610683236188,1,-3.0172338172725404,-13.181034601824047,0.926385500070458,10.987865909790864,False,True,False
original,d2490f048d,1,UNCHANGED,0,21.425538268785147,3,1.8106626239499064,1.2665271829166285,-0.4837725029078636,2.4993559448534155,False,False,True
original,d2490f048d,2,UNCHANGED,0,13.733050600992383,2,1.6970595719001722,-1.3396639862874298,1.76324484740703,2.744112278914868,False,False,True
original,d2716515bd,1,MERGING,0,45.91932325037337,4,-20.077107641907595,10.82945121346342,-28.949371280507656,34.9725130236445,False,True,False
original,d2716515bd,2,UNCHANGED,0,29.958865373679593,3,0.8217577686992399,-9.62592904495899,4.385706715502698,8.33948703464331,False,True,False
original,d2716515bd,3,MERGING,0,103.20747245466868,5,-19.715243495830627,20.275331244617515,62.88931785866323,57.62108586898987,False,True,False
original,d2716515bd,4,MERGING,0,103.20747245466868,5,60.30036483494594,6.610362610264876,12.422870614934672,76.18520209266028,False,True,False
original,d2716515bd,5,UNCHANGED,0,17.879339371242068,2,-1.5877991342428346,1.5720620453059868,-3.0599122215417385,3.3578827165014524,False,True,False
original,d2716515bd,6,MERGING,0,103.20747245466868,5,11.905795431550217,-23.829260620780826,54.11872211578495,48.8988706488963,False,True,False
original,d2716515bd,7,UNCHANGED,0,41.66913657666527,4,-1.1174309547229826,-4.914095142094175,13.887331778291216,11.69353256407869,False,True,False
original,d2716515bd,9,MERGING,0,103.20747245466868,5,42.208583540803346,-0.1311684970902944,37.2897382578845,60.409732789558156,False,True,False
original,d2716515bd,10,MERGING,0,45.91932325037337,4,3.64746314866253,-2.0748925670702,-21.499095231213026,17.639432680156112,False,True,False
original,d2716515bd,11,UNCHANGED,0,33.07031767139406,4,5.6077036377011495,-1.8548030391234847,-4.514973972231621,7.995213323548306,False,True,False
original,d2716515bd,12,MERGING,0,45.91932325037337,4,19.11778612686254,-33.11106828226313,23.546482974189804,39.811464357361366,False,True,False
original,d2716515bd,13,MERGING,0,103.20747245466868,5,5.016457294364722,-26.348165249412975,65.95974165777149,56.31309869204106,False,True,False
original,d2716515bd,14,MERGING,0,103.20747245466868,5,1.0691331066120426,-26.548537726228542,44.9850561517848,41.12747973138015,False,True,False
original,d2716515bd,15,UNCHANGED,0,9.07990062539377,1,-4.7752592660175655,-9.747033773826441,1.296246928102719,9.727537305717346,False,True,False
original,d2716515bd,16,UNCHANGED,0,37.25887518425281,4,-4.710348812155212,-4.912206935965413,10.302859719532698,10.745508096320915,False,True,False
original,d2716515bd,17,MERGING,0,103.20747245466868,5,17.206358594723355,-39.362655927665855,18.842534280699013,40.35712261273574,False,True,False
original,d2716515bd,18,MERGING,0,103.20747245466868,5,-7.599727205905703,10.352618394038174,61.15759195377536,49.83976283187031,False,True,False
original,d2716515bd,19,MERGING,0,103.20747245466868,5,5.962603169499397,30.924668262013302,72.89773486935518,62.825188836726085,False,True,False
original,d2716515bd,21,UNCHANGED,0,48.56445044123549,4,-10.643791940644064,-2.5397826628105116,-8.444321228758282,15.011345280739528,False,True,False
original,d2716515bd,22,MERGING,0,103.20747245466868,5,15.093268567773197,-18.820398207773366,-17.276088627438074,27.52817434751507,False,True,False
original,d395771085,1,MERGING,0,139.75897461113604,5,-89.23834662795574,-58.129851869542634,28.75582394031542,122.5512514938838,False,True,False
original,d395771085,2,MERGING,0,139.75897461113604,5,-9.524719355232287,-14.259170160971966,28.599748933367028,27.838075412963157,False,True,False
original,d395771085,3,MERGING,0,139.75897461113604,5,-21.776014005262027,65.64608437283538,14.967861984936814,59.23654342085602,False,True,False
original,d395771085,4,MERGING,0,139.75897461113604,5,-77.06600610052917,4.598258800216541,79.40460786744211,114.96913086882566,False,True,False
original,d395771085,5,MERGING,0,139.75897461113604,5,30.922753871944792,35.07195451257831,21.338181151801226,50.27734330743424,False,True,False
original,d395771085,6,MERGING,0,139.75897461113604,5,0.08198801275923415,-59.29588355879488,-79.34531753143096,77.87057933503283,False,True,False
original,d395771085,7,MERGING,0,139.75897461113604,5,-93.18333176339686,-9.556990159243224,67.49143286046369,128.2916544904918,False,True,False
original,d395771085,8,MERGING,0,139.75897461113604,5,6.37195411057603,-47.10727337445132,-14.148661078387493,39.26348131821143,False,True,False
original,d395771085,9,UNCHANGED,0,6.872540166843394,1,-3.4924772246528617,7.087244641116829,-6.433664216071068,8.686978625399506,False,True,False
original,d395771085,10,MERGING,0,139.75897461113604,5,-5.996187381689902,-25.83694637338346,-53.2798387899293,47.22851556435274,False,True,False
original,d395771085,11,MERGING,0,139.75897461113604,5,-81.05837665336037,-20.85124873973922,61.60899074043544,113.55361212336803,False,True,False
original,d395771085,13,MERGING,0,139.75897461113604,5,-87.15987284392993,12.399672186958634,83.44631686454852,127.66614035811281,False,True,False
original,d395771085,14,MERGING,0,139.75897461113604,5,-71.95167796639146,-21.723825810518743,62.70731896210055,104.04262953473372,False,True,False
original,d395771085,15,MERGING,0,139.75897461113604,5,-33.0833825450318,-65.59411239929545,16.601717528036705,67.1279390282886,False,True,False
original,d5f038a453,31,UNCHANGED,0,4.430972648654818,0,-0.6531963512632728,-0.5247218413139574,0.47284232287974187,0.986808167817327,False,False,True
original,d5f038a453,38,UNCHANGED,0,4.6742404058076845,0,-0.8311718439944229,-1.3935235293311987,-0.1850384815070133,1.511704518633093,False,False,True
original,d5f038a453,46,UNCHANGED,0,4.6742404058076845,0,0.01123972784724856,0.43827549773234414,-1.55585437274102,1.2744755385564082,False,False,True
original,d6baf65e0b,1,UNCHANGED,0,8.527032743806844,1,-11.419755338642926,-13.17850493913922,-2.828168134892623,17.739219314382314,False,False,True
original,d6baf65e0b,2,UNCHANGED,0,21.356406344866738,3,5.349027914235466,1.5144997871802761,4.8468621329879,7.792931897528238,False,False,True
original,d6baf65e0b,3,UNCHANGED,0,17.469290380929472,2,-1.782003654738719,-0.5442553431136964,-0.7449015192735465,2.342622225955529,False,False,True
original,d6baf65e0b,4,UNCHANGED,0,13.027162490038247,2,5.559314641646575,3.559344270453074,0.8149795677610548,7.512098250198183,False,False,True
original,d6baf65e0b,5,UNCHANGED,0,10.928655283523762,2,-7.436415163765526,13.12066380658364,13.78856737968025,17.60025903983525,False,False,True
original,d6baf65e0b,6,UNCHANGED,0,24.105538160904306,3,-6.906836389346973,36.58478381785525,5.598593358770923,30.173675097484086,False,False,True
original,d6baf65e0b,7,UNCHANGED,0,18.94123971350272,2,2.6461192354485545,4.09538778609464,18.700322695322377,15.455348990112904,False,False,True
original,d6baf65e0b,8,UNCHANGED,0,7.792366987275369,1,-26.734622127680677,-23.982637392578543,-11.496354769422757,39.36860265672436,False,False,True
original,d6baf65e0b,11,UNCHANGED,0,15.623821611506482,2,-1.7972653562941332,-3.2358282992697043,-1.5447334855409585,3.5943341870386205,False,False,True
original,d6baf65e0b,13,UNCHANGED,0,11.162672786164567,2,1.3436756596127453,-0.5870077388463492,-3.07397232765079,2.9855666913593013,False,False,True
original,d6baf65e0b,14,UNCHANGED,0,7.513826819679423,1,-4.730438158581046,43.570545163822295,9.921398814727597,35.41449973692548,False,False,True
original,d6baf65e0b,15,UNCHANGED,0,26.09032823865501,3,-2.2185561081102376,1.2084126939809199,-2.429748315039652,3.5009250912708683,False,False,True
original,db8e1af0cb,1,UNCHANGED,0,20.960912259734496,3,22.805134607254843,34.13325510952417,-5.104635431788437,39.236334127897585,False,True,False
original,db8e1af0cb,2,UNCHANGED,0,50.844620823097834,5,-30.62924003058231,18.830854214687115,-5.45857485671296,41.239561074895455,False,True,False
original,db8e1af0cb,4,UNCHANGED,0,39.750436702641025,4,-2.9273818786302854,0.6391143975464884,5.607318046226785,5.763020813264673,False,True,False
original,db8e1af0cb,5,MERGING,0,61.858759861595,5,-16.811057460062557,-21.956187534923995,4.760020881002408,27.381236398571232,False,True,False
original,db8e1af0cb,6,UNCHANGED,0,55.70439039087788,5,-12.253642926964176,20.467793998672366,6.563687360928341,22.736818152623663,False,True,False
original,db8e1af0cb,7,MERGING,0,61.858759861595,5,-36.24917449768634,-29.26331864323966,17.40836155622709,52.574897993497245,False,True,False
original,db8e1af0cb,8,MERGING,0,61.858759861595,5,-23.14317926372655,-24.17451935798595,9.147514042188282,35.29081966876894,False,True,False
original,db8e1af0cb,9,UNCHANGED,0,38.307253095192245,4,1.441813335346069,-4.729034732136307,-13.166383530488856,11.171637444305134,False,True,False
original,db8e1af0cb,10,UNCHANGED,0,44.37632738769203,4,0.20598404865245357,-14.646601893088683,-10.019011770136208,13.907047019315286,False,True,False
original,db8e1af0cb,11,UNCHANGED,0,37.05211932451599,4,-0.5045595179964266,-7.11084335643913,-15.620262485852393,13.532569010733582,False,True,False
original,db8e1af0cb,12,UNCHANGED,0,40.95500802592737,4,6.583829771271041,-8.345478597296353,8.281990871489166,12.365715882252587,False,True,False
original,dc5c7986da,1,UNCHANGED,0,5.5359655114974515,1,-14.071922224219339,-13.625465312153844,12.289757444552665,22.730384249027775,False,False,True
original,dc5c7986da,2,UNCHANGED,0,12.174685971850547,2,0.08389807673477208,1.1993569647628746,0.6732746777618508,1.0819376263484168,False,False,True
original,dc5c7986da,3,UNCHANGED,0,12.457130406873212,2,-1.1167709508463304,-0.6770629140756182,-1.0604957539822315,1.7112709938769142,False,False,True
original,dc5c7986da,4,UNCHANGED,0,9.834357052639763,1,0.3151893378727436,1.0229274722938786,0.3658900042388679,0.936385161440956,False,False,True
original,dc5c7986da,5,UNCHANGED,0,13.58820227610088,2,0.8897287037117394,-0.022333086200909052,-0.09131650162548702,1.1146286684282962,False,False,True
original,dc5c7986da,6,UNCHANGED,0,10.008452514986537,2,0.4707069420364974,-11.893078492566154,5.129679481444887,10.149044169725757,False,False,True
original,dc5c7986da,7,UNCHANGED,0,10.176693223544394,2,0.232985891880503,-0.7966755884852345,1.2107675672801457,1.176666204518399,False,False,True
original,dc5c7986da,8,UNCHANGED,0,18.656199593458762,2,2.0302744454612367,-8.168393090073995,-3.737382493779996,7.472231912779104,False,False,True
original,dc5c7986da,9,UNCHANGED,0,31.135756537111032,4,-1.6493558864012585,-0.47301697274185345,0.048810043266705065,2.094885331611587,False,False,True
original,dc5c7986da,10,UNCHANGED,0,13.31352192222755,2,-0.0026378703570571816,1.1936129724074644,0.30464643292890303,0.96270733650048,False,False,True
original,dc5c7986da,11,UNCHANGED,0,14.393444153442905,2,-1.0170705145664443,-0.8686079059910676,-1.317812517823054,1.7769615648486456,False,False,True
original,dc5c7986da,12,UNCHANGED,0,11.502333786334987,2,2.834390748129317,1.935374288713067,-2.331166136517739,4.268544235910453,False,False,True
original,dc5c7986da,13,UNCHANGED,0,16.930874635156428,2,0.2627630993877119,-1.4897451476804142,1.0576923136220073,1.4690185555741784,False,False,True
original,dc5c7986da,14,UNCHANGED,0,14.72490820052907,2,-3.2595272980534675,6.057115221454409,3.537807309425768,6.838930849042827,False,False,True
original,dc5c7986da,15,UNCHANGED,0,8.037651781563723,1,-1.4650657223233339,0.9615219272281502,-1.732184923405468,2.405317758775013,False,False,True
original,dc5c7986da,16,UNCHANGED,0,14.935292456004772,2,-0.09102949961215927,1.396255696945644,-1.427055882969008,1.5715729562546052,False,False,True
original,dc5c7986da,17,UNCHANGED,0,23.346070731904284,3,-0.8301673967620218,0.26598563506427597,-2.270093495139229,2.080395857741877,False,False,True
original,dc5c7986da,18,UNCHANGED,0,15.324562188470814,2,0.027309099892647737,-2.599813356226836,-0.09648036582592191,2.032167411800587,False,False,True
original,dc5c7986da,19,UNCHANGED,0,14.234526206232298,2,-0.8205592120990787,0.35799014135802254,-1.7343701771435618,1.7328581071071525,False,False,True
original,dc5c7986da,20,UNCHANGED,0,15.15484918438221,2,1.0970390903457656,-2.9106017891537452,-0.24128323264645832,2.6615877872583042,False,False,True
original,dc5c7986da,21,UNCHANGED,0,19.53041737030929,2,0.6975934163355533,-1.1091728456929772,-0.7218767695891407,1.3546890508356417,False,False,True
original,dc5c7986da,22,UNCHANGED,0,11.437200262163033,2,-0.638105647597763,-4.21040935486479,-0.18417346594141054,3.3868045392831116,False,False,True
original,dc5c7986da,23,UNCHANGED,0,7.763112145338161,1,0.5963196864606288,1.0323046841588788,0.31141159953136766,1.1251656123375715,False,False,True
original,dc5c7986da,24,UNCHANGED,0,16.095174168724046,2,2.537796247524102,0.7772780511732397,-4.325739555728825,4.698966071324833,False,False,True
original,dc5c7986da,25,UNCHANGED,0,26.60285062393385,3,-1.5636565402289306,-1.6672258265342237,-5.607674351863921,5.009153852919157,False,False,True
original,dc5c7986da,26,UNCHANGED,0,12.863392149017521,2,1.5425122873723693,-1.6126059387698486,1.371710093215378,2.5446524236350268,False,False,True
original,dc5c7986da,27,UNCHANGED,0,10.755415301015706,2,0.11208981055839332,-0.0583058600128245,-0.11234472369671207,0.17193632754627425,False,False,True
original,dc5c7986da,28,UNCHANGED,0,13.66205265180396,2,-0.0702040816835506,-0.01061978152784715,0.27718056816844056,0.23579113013155903,False,False,True
original,dc5c7986da,29,UNCHANGED,0,13.087325146068348,2,1.0963050445153613,1.2913341007345929,0.9840572286916878,1.8702704054727708,False,False,True
original,dc5c7986da,30,UNCHANGED,0,14.326960784613382,2,0.8346657784455374,-0.3274597683110485,0.6576339129997203,1.1929700490977195,False,False,True
original,dc5c7986da,31,UNCHANGED,0,13.027014036096533,2,0.03264165353161843,1.4340831831798695,0.39747758299485403,1.1638120156647267,False,False,True
original,dc5c7986da,32,UNCHANGED,0,14.677331428807216,2,0.2795933760338357,-1.2302880559195677,0.06390397293999,1.0236840035036787,False,False,True
original,dc5c7986da,33,UNCHANGED,0,13.504149389694291,2,-1.5487088455616003,-12.41918236516772,16.61630405235952,16.422687793199056,False,False,True
original,dc5c7986da,34,UNCHANGED,0,14.72490820052907,2,2.6911733616064226,2.0420824648894533,-0.16721343203808559,3.725221700249982,False,False,True
original,dc5c7986da,35,UNCHANGED,0,16.54553058271226,2,-0.8445279448617157,-5.792686736825962,1.0679097868668979,4.721412463739533,False,False,True
original,dc5c7986da,36,UNCHANGED,0,8.465437317578214,1,0.1357023347848781,0.4027993158012896,-0.0403124074869196,0.35881722649954906,False,False,True
original,dc5c7986da,37,UNCHANGED,0,10.434848637154792,2,-0.7217360070538235,-0.09787113606915138,-0.10806759095711949,0.909408363041868,False,False,True
original,dc5c7986da,38,UNCHANGED,0,13.780384116591422,2,-2.3076671107161246,-12.260367831707253,-2.874689840318104,10.254390018973636,False,False,True
original,dc5c7986da,39,UNCHANGED,0,10.466231829535843,2,-0.15099173885687378,0.20124439045519113,0.22285656656272382,0.302064888555436,False,False,True
original,dc5c7986da,40,UNCHANGED,0,14.011135181448935,2,0.705898624602969,0.9914412794424444,-0.6022691856317526,1.2664727474779822,False,False,True
original,dc5e819e18,1,UNCHANGED,0,108.74834132255278,5,58.460027077096186,6.099879674496709,59.3702405157785,86.93062863319574,False,False,True
original,dc5e819e18,2,UNCHANGED,0,11.818178109250486,2,1.9053544233509456,-14.698786020168242,-4.1191341581958465,12.166332417050672,False,False,True
original,dc5e819e18,3,UNCHANGED,0,7.54332704775955,1,10.379610470765623,-2.3239465829594965,7.748626274859095,14.457148291530633,False,False,True
original,dc5e819e18,4,UNCHANGED,0,5.897768932928138,1,0.590553750704862,0.5580392352251308,-0.9266095345588625,1.1266650340228048,False,False,True
original,dc5e819e18,5,UNCHANGED,0,11.232215182098269,2,-0.46957291892804276,0.1752957714535169,0.27805303479235005,0.6414060983744087,False,False,True
original,dc5e819e18,6,UNCHANGED,0,38.78294542244341,4,10.035193022523554,10.31042419107857,22.961275505370207,23.460587315322275,False,False,True
original,dc5e819e18,7,UNCHANGED,0,36.847779557302246,4,-2.1267407447786355,-6.297377858559059,-12.754222429727323,11.51182181238521,False,False,True
original,dc5e819e18,8,UNCHANGED,0,12.183390804446507,2,12.516244005802742,7.100227538740167,5.5192249711288115,17.160676309235544,False,False,True
original,dc5e819e18,9,UNCHANGED,0,7.255128206648623,1,-0.44433703913117595,0.40127165930436187,-0.0986387595281265,0.6424678817581911,False,False,True
original,dc5e819e18,10,UNCHANGED,0,18.499512221109477,2,0.33751266651754575,-0.6757351584138251,-1.4365632722334716,1.3195515808363059,False,False,True
original,dc5e819e18,11,UNCHANGED,0,11.198760880658146,2,-0.8493647801999487,-0.6741992599621383,0.05324283798882798,1.1858494022203239,False,False,True
original,dc5e819e18,12,UNCHANGED,0,3.535297611189939,0,26.317767855121293,15.72676594976325,28.073983267077452,41.517800941849465,False,False,True
original,dc5e819e18,13,UNCHANGED,0,22.730196555963012,3,-5.049554779355651,-0.932121082777293,0.6721170302574674,6.375877454004322,False,False,True
original,dc5e819e18,14,UNCHANGED,0,20.021598802108144,3,-1.7539266463541707,0.9120305209512541,-1.129959800121025,2.4716108222669044,False,False,True
original,dc5e819e18,17,UNCHANGED,0,21.334991130407722,3,-1.217120032039486,2.47762139603806,-3.3568716763837676,3.6157850810394607,False,False,True
original,dc5e819e18,18,UNCHANGED,0,27.189864973407126,3,-0.1988487349848583,-2.583883551991766,-8.838039650309337,7.263598469238707,False,False,True
original,dc5e819e18,19,UNCHANGED,0,70.27552417841,5,-5.460923827952809,-7.960185397911467,17.04718271648664,16.314254660640007,False,False,True
original,dc5e819e18,20,UNCHANGED,0,8.282106349647966,1,0.4226686892821817,-1.1309655464034698,2.1620916075201713,1.9923331074624218,False,False,True
original,defd402043,1,UNCHANGED,0,4.766911909424779,0,-1.9737319494741996,1.0463433485055063,0.09209572347592017,2.5999979040061123,False,False,True
original,defd402043,11,UNCHANGED,0,7.647507032434027,1,0.07259832935483246,-0.07456319936912267,0.8754057826819837,0.6990609224720172,False,False,True
original,defd402043,14,UNCHANGED,0,7.505477924278309,1,0.8495557845159283,-0.13932085950388076,0.08762315654599176,1.069740969003513,False,False,True
original,defd402043,19,UNCHANGED,0,7.158900530781816,1,-2.8432895538511502,-0.4942428059853012,0.07342136233705643,3.575481271626691,False,False,True
original,defd402043,22,UNCHANGED,0,5.1016550934899065,1,1.1606100707674614,3.419028684654081,-0.1778146097063524,3.0421523528470167,False,False,True
original,defd402043,26,UNCHANGED,0,4.251975845655526,0,-0.21924181780036633,-0.327769356130015,-3.1208001419232727,2.4907050072498427,False,False,True
original,defd402043,27,UNCHANGED,0,17.171412596913164,2,-0.3134295187830958,-0.020207304957714434,-0.9667445744252354,0.8576427585419859,False,False,True
original,defd402043,28,UNCHANGED,0,23.102932785202118,3,3.953502706150175,3.780186722832807,-5.965775943740957,7.436007839179341,False,False,True
original,defd402043,31,UNCHANGED,0,4.963704394972316,0,-1.4449516130422353,1.3856330397913015,-0.33013256575564753,2.121621984644918,False,False,True
original,defd402043,38,UNCHANGED,0,8.203558085183785,1,-2.4369473867991474,-0.3033840367615148,-2.1204778522591496,3.48346094396478,False,False,True
original,defd402043,39,UNCHANGED,0,4.607894978611635,0,-3.977217464673231,1.0009738117020748,-0.872228735409621,5.079447040830961,False,False,True
original,defd402043,41,UNCHANGED,0,11.873034587233786,2,3.3773328896722887,1.6533487717666588,-1.379590400305831,4.546939235484334,False,False,True
original,defd402043,43,UNCHANGED,0,6.948221256232238,1,-2.57240539753127,-3.7651379117515593,0.45478628962242,4.372094220120475,False,False,True
original,e00da03b68,1,UNCHANGED,0,6.440335908791355,1,7.205904495713139,3.123522806641385,1.9523839091990898,9.45816331431217,False,False,True
original,e00da03b68,2,UNCHANGED,0,8.439227454389739,1,-1.2270163514070647,-0.14720058157688218,-1.0032232574305464,1.7298002661071123,False,False,True
original,e00da03b68,3,UNCHANGED,0,4.7698674522543,0,-5.779609693280895,2.9710978795756064,-1.787778067499524,7.71800684116718,False,False,True
original,e00da03b68,4,UNCHANGED,0,36.80737247086937,4,10.253122473362442,20.678516210713305,10.270495689174496,22.152778047128887,False,False,True
original,e00da03b68,5,UNCHANGED,0,5.726896918161724,1,-2.201811775178885,-0.5029597571517868,0.20595227207564706,2.784899832036462,False,False,True
original,e00da03b68,6,UNCHANGED,0,9.660503863187033,1,2.0197356308933876,-0.20102944487622346,0.24466254261875275,2.536901750487385,False,False,True
original,e00da03b68,7,UNCHANGED,1,10.910124855556866,2,-3.5005281226001896,0.14000798489744093,-0.47566578997935005,4.393086465973487,False,False,True
original,e165421110,1,UNCHANGED,0,6.17516765029366,1,-0.24782953746941985,3.062062792973804,-1.0504231345737791,2.5498988908714293,False,False,True
original,e165421110,10,UNCHANGED,0,2.5998431848042176,0,2.430517060526404,-0.5072213825585509,-1.0911065265521311,3.1825115146901255,False,False,True
original,e1eee5e2b4,2,UNCHANGED,0,4.213174025170129,0,-1.6886280372885722,-0.8229713469431474,0.22999963365433843,2.2139241802983523,False,False,True
original,e1eee5e2b4,4,UNCHANGED,1,4.433255818219452,0,1.8755007172123102,1.2407154936410976,-1.9320382628098693,2.9595246043554626,False,False,True
original,e2c0be2456,1,UNCHANGED,0,24.29273469961904,3,-22.3980655863484,-18.729963165392356,1.0008623958244989,31.598568602578464,True,True,False
original,e2c0be2456,2,UNCHANGED,0,17.701748740668823,2,-26.690704365694263,-22.486209865288924,13.705538718858163,39.22327080583315,True,True,False
original,e2c0be2456,3,UNCHANGED,0,4.8857985551753735,0,-0.33919791264493143,-0.06673521761124522,0.02899486496188937,0.42780095598950174,True,True,False
original,e2c0be2456,4,UNCHANGED,0,20.504831721628896,3,-9.65660811774664,-14.674509157301316,25.555102297504053,26.1457182997554,True,True,False
original,e2c0be2456,5,UNCHANGED,0,33.489255748980206,4,-18.060296382400217,-12.025349319055076,-1.036658996579823,24.464713733493383,True,True,False
original,e2c0be2456,6,UNCHANGED,0,24.271635798807772,3,-2.987448527453961,-6.9601082356427195,-2.9609730313226597,6.996524022381561,True,True,False
original,e2c0be2456,9,UNCHANGED,0,26.32824046668223,3,1.8261106273623255,-34.92460459835543,13.9431869685741,29.49953885738995,True,True,False
original,e2c0be2456,10,UNCHANGED,0,19.105978502020903,2,-29.419246002342664,-25.572096315178356,31.991097663397895,48.870351556218516,True,True,False
original,e2c0be2456,11,UNCHANGED,0,20.3407860401994,3,8.325994077754853,9.007764738558272,11.151843488918946,15.33711159795531,True,True,False
original,e2c0be2456,12,UNCHANGED,0,27.120734844974102,3,-9.806120289572283,-9.778788212616455,7.201718072104587,15.519800938213042,True,True,False
original,e2c0be2456,13,UNCHANGED,0,5.012758805794588,1,0.18434039570659025,0.013116938479117607,0.07007793593554267,0.23718769757254696,True,True,False
original,e2c0be2456,14,UNCHANGED,0,32.02127654871614,4,-11.635512514111644,-12.37924797531258,1.5508170347974048,17.507439347012628,True,True,False
original,e2c0be2456,16,UNCHANGED,0,16.89101163315236,2,-25.93112201415091,-7.210857124847337,20.72185976056305,36.73805367788739,True,True,False
original,e2c0be2456,17,UNCHANGED,0,8.354598009657646,1,-17.513936194238266,3.2566782309571263,24.034704966578015,29.07502617395111,True,True,False
original,e2c0be2456,18,UNCHANGED,0,23.601297724907145,3,-14.504632502150447,-28.97387530161339,4.756507766030641,29.23804193811673,True,True,False
original,e2c0be2456,20,UNCHANGED,0,25.42011799993383,3,7.536014132013849,45.941945354735985,5.8821532516655175,37.38579279310243,True,True,False
original,e2c0be2456,21,UNCHANGED,0,31.416956698218655,4,-26.862677034902667,-4.8536424746307105,-0.5601526722546462,33.79452671249139,True,True,False
original,e2c0be2456,23,UNCHANGED,0,27.065654307016285,3,-1.9081268118893262,-6.34378328843458,-3.8582681540023662,6.285140578958441,True,True,False
original,e2c0be2456,25,UNCHANGED,0,22.507259646851114,3,-21.13884828900438,16.62724526603558,6.350449799426502,29.865410481400176,True,True,False
original,e2c0be2456,27,UNCHANGED,0,27.409408498617267,3,-4.634536790049208,-15.360273033295893,8.03089169853472,14.752065304477915,True,True,False
original,e2c0be2456,28,UNCHANGED,0,24.76061363023536,3,-11.404546813352175,24.54483096366669,5.168743156811619,24.234808704148257,True,True,False
original,e2c0be2456,29,UNCHANGED,0,19.02898917061819,2,-5.957272802238191,0.6808420093042412,7.299451946138961,9.428871913940169,True,True,False
original,e2c0be2456,30,UNCHANGED,0,40.41009497163631,4,-20.033849273145684,-10.232895865949835,8.569642465072114,27.142307936126603,True,True,False
original,e2c0be2456,31,UNCHANGED,0,19.728716442577426,2,-28.84653330027431,-8.861524343952496,9.088567266767296,37.41003964254066,True,True,False
original,e2c0be2456,32,UNCHANGED,0,19.73271091858101,2,-15.385326837760635,-10.405577840882136,10.673406921438927,22.512651026002406,True,True,False
original,e2c0be2456,33,UNCHANGED,0,24.43159825720804,3,-3.786683120406008,46.66697746100124,6.774470981862514,37.139621491623814,True,True,False
original,e2c0be2456,34,UNCHANGED,0,17.148683507541204,2,-28.96801642578017,-26.576331053468117,38.782350648205274,51.75227036640309,True,True,False
original,e2c0be2456,35,UNCHANGED,0,13.190985859357529,2,-33.941481411114026,-35.67443019831285,6.609923857895112,51.02462514810596,True,True,False
original,e2c0be2456,37,UNCHANGED,0,19.510567792382286,2,-2.1421123049199196,-6.961535780536242,6.2525878978133,7.814579611458104,True,True,False
original,e2c0be2456,38,UNCHANGED,0,20.764136670786442,3,-0.2121304294538561,5.271534385278387,-0.04767661517891571,4.1257700253879985,True,True,False
original,e2c0be2456,39,MERGING,0,23.21823012874139,3,-0.49314803151194153,-17.27378784637767,-0.15362691069955936,13.505448265576039,True,True,False
original,e2c0be2456,40,UNCHANGED,0,23.62639660705154,3,1.189784741389508,1.8335665753203922,-8.778036555698904,7.227047193324802,True,True,False
original,e2c0be2456,42,UNCHANGED,0,29.734013023808306,3,-26.352441096869377,-15.867617753835438,-2.7583401996125554,35.26177970675613,True,True,False
original,e2c0be2456,45,UNCHANGED,0,20.2539714600453,3,-11.51074478707684,8.241938202522963,21.867893307601502,23.369934179507897,True,True,False
original,e2c0be2456,46,MERGING,0,23.21823012874139,3,3.3944904674906637,-16.859934572020933,8.423473207594705,15.3479916816468,True,True,False
original,e2c0be2456,47,UNCHANGED,0,34.52325601650496,4,3.116667461743191,10.274769457700117,-8.888261527268638,11.346874054687946,True,True,False
original,e2c0be2456,48,UNCHANGED,0,17.36795982868279,2,-28.747897098984613,6.109972175553716,0.1836164603587662,36.25061222376452,True,True,False
original,e2c0be2456,49,UNCHANGED,0,20.818097767557568,3,-1.3607745680722814,3.545288935396673,-0.517894883816392,3.2751957368080937,True,True,False
original,e2c0be2456,50,UNCHANGED,0,24.10953661375721,3,-3.8195458032973817,-0.5189883748854032,-0.9425354139308751,4.848971699883374,True,True,False
original,e46d0ac1f1,2,UNCHANGED,0,17.4469363686026,2,-4.399742855576823,-0.9246493918969017,-6.104847487865673,7.34634624924275,False,False,True
original,e46d0ac1f1,5,UNCHANGED,0,17.691229924644283,2,3.283242989743866,-3.9247181718625317,4.100104849565949,6.058370354186489,False,False,True
original,e46d0ac1f1,8,UNCHANGED,0,7.4859145835360446,1,-1.049193733596701,-1.138149450229003,-0.4654961946994017,1.6263571422525254,False,False,True
original,e46d0ac1f1,10,UNCHANGED,0,31.997634248753624,4,-4.374577404052809,1.9235582412727363,0.12229067353158697,5.671654186766984,False,False,True
original,e46d0ac1f1,13,UNCHANGED,0,41.95082218357842,4,2.9568680295519014,1.5083260470434436,2.699139706590479,4.42538375776303,False,False,True
original,e4a6222cdb,1,UNCHANGED,0,12.070483680453192,2,-1.8669590985435889,-1.4941617190193561,-0.1968626926445256,2.6138144256632407,False,False,True
original,e4a6222cdb,2,UNCHANGED,0,20.68488857246963,3,-5.986043906621319,2.899495061841882,-2.5843220668708007,8.079248553075235,False,False,True
original,e4a6222cdb,3,UNCHANGED,0,7.370138454010985,1,0.4278183928109911,1.2179160994678573,2.291840997054829,2.1120044298305194,False,False,True
original,e4a6222cdb,4,UNCHANGED,0,11.19004057532325,2,1.762777137746241,-0.24428122941392033,1.6670041098142638,2.5732489181521303,False,False,True
original,e4a6222cdb,5,UNCHANGED,0,9.528139221808468,1,0.31142721114235883,2.641479156858839,0.6576085049895332,2.1625678897249525,False,False,True
original,e4a6222cdb,6,UNCHANGED,0,22.905276672819024,3,-1.3498885842681716,-0.2901519994125961,5.7204115358181085,4.823832474733907,False,False,True
original,e64770ac6b,1,UNCHANGED,0,11.804269139211963,2,0.6984986227075524,1.586740971812995,-0.6396189363819533,1.597733624069942,False,False,True
original,e64770ac6b,3,UNCHANGED,0,8.964824092133448,1,0.9869409766908348,0.43417531645825197,-1.128934114084338,1.5589540889256508,False,False,True
original,e64770ac6b,4,UNCHANGED,0,10.755358870063969,2,0.4662099595895654,2.125195429704676,-1.0625157287982532,1.9486565911758624,False,False,True
original,e64770ac6b,5,UNCHANGED,0,4.616822335381785,0,0.4816974770016941,0.053774067310051146,-0.5133187565059725,0.7268744016812806,False,False,True
original,e7db56dbec,1,UNCHANGED,0,5.217400063694731,1,-7.039991632318038,-3.2701169064453413,0.2629666822918696,9.165455935145058,False,False,True
original,e7db56dbec,3,UNCHANGED,0,6.621848550151989,1,-4.479750157670776,-3.57170098172531,2.2042590740235344,6.493264427885186,False,False,True
original,e7db56dbec,5,UNCHANGED,0,27.63643729980354,3,1.970176996696091,13.439603845757555,1.627744651203367,10.857594311749388,False,False,True
original,e88a49bccd,7,UNCHANGED,0,3.672249710793765,0,2.0010550258100466,1.2687821516940971,0.16605595912642787,2.6936372425827715,False,False,True
original,e88a49bccd,12,UNCHANGED,0,4.00786719918352,0,-1.9918420062113456,0.576436835283074,-0.649553324538507,2.581559176245615,False,False,True
original,e88a49bccd,13,UNCHANGED,0,3.5455181133924745,0,-0.5996441729323578,-6.005939130473566,0.33493103432847415,4.757494703130195,False,False,True
original,e88a49bccd,17,UNCHANGED,0,10.082981889142477,2,8.790487008223227,0.9534754545126516,9.78948292054311,13.451829673809216,False,False,True
original,e88a49bccd,18,UNCHANGED,0,5.296300567453813,1,11.6223561640649,20.580051434058205,15.113006129434652,24.730321566067914,False,False,True
original,e88a49bccd,19,UNCHANGED,0,7.188185781539115,1,1.7128493779062524,2.13371690539512,0.3641520010091637,2.728313464866618,False,False,True
original,e88a49bccd,26,UNCHANGED,0,5.11352197555743,1,-2.5733975306632146,0.036553912551455146,1.1988045019716165,3.353046483827582,False,False,True
original,e88a49bccd,28,UNCHANGED,0,4.295089317403216,0,0.2310583782314552,0.18709888298878083,2.0701944193524,1.6651463361140884,False,False,True
original,e88a49bccd,31,UNCHANGED,0,6.017504598020805,1,4.7366428586737355,3.214217712685658,0.1682055884888957,6.432352163602543,False,False,True
original,e88a49bccd,32,UNCHANGED,0,9.25348942219885,1,9.079092250684425,2.855027664797469,-5.950804038476783,12.482523944946921,False,False,True
original,e88a49bccd,33,UNCHANGED,0,4.467072903846736,0,1.8770340144687907,1.1743198747254515,-0.4451090305391435,2.543536220906073,False,False,True
original,e88a49bccd,36,UNCHANGED,0,4.382768306392383,0,2.708056742778763,1.4297781517999184,-0.24544926383717922,3.569752295060497,False,False,True
original,e88a49bccd,38,UNCHANGED,0,4.776096564560851,0,1.2871289476678158,0.06384463512197278,2.0164629965862746,2.263256161190148,False,False,True
original,e88a49bccd,40,UNCHANGED,0,4.916649914670129,0,2.8509493721044463,-3.72618967641229,-7.041582106955801,7.213588966455379,False,False,True
original,e88a49bccd,44,UNCHANGED,0,4.467072903846736,0,0.33920548427549874,1.3331171418219627,-0.36459576318487474,1.1604124544297136,False,False,True
original,e88a49bccd,46,UNCHANGED,0,3.5455181133924745,0,-0.529082447850169,-0.010138876732819987,0.2652568788872134,0.6937232183693198,False,False,True
original,e96ed478da,1,UNCHANGED,0,6.445247509400564,1,0.6762067372742877,7.2957772030382255,-5.818768556379985,7.3660740280633625,False,False,True
original,e96ed478da,3,UNCHANGED,0,5.080556907555834,1,0.7671466867243453,-0.09422230484325539,0.5447038197130569,1.0534095622395097,False,False,True
original,eae27d77ca,1,UNCHANGED,0,24.36810307876036,3,0.689967653006363,9.194501379905601,7.695454596557821,9.44324882606595,False,False,True
original,eae27d77ca,2,UNCHANGED,0,16.181117708912883,2,8.788393762374199,12.943892265465697,-8.458736837341144,16.35292256461947,False,False,True
original,eae27d77ca,3,UNCHANGED,0,51.44911733794971,5,9.910766108164239,8.250994757754333,13.913212613032524,17.76247209753854,False,False,True
original,eae27d77ca,4,UNCHANGED,0,11.510901847599563,2,4.126699691155295,13.701531802106476,-4.0898108332197225,12.309778282556842,False,False,True
original,eae27d77ca,5,UNCHANGED,0,7.272014488520544,1,1.7637274858932983,-1.9248302530114043,-0.4907871468368176,2.6963603056436707,False,False,True
original,eb160de1de,4,UNCHANGED,1,12.242825721673857,2,-7.943356458008543,3.067464020778576,3.4725616853597954,10.5752085961415,False,False,True
original,eb16372791,1,UNCHANGED,0,9.13041176758785,1,0.9531011100179967,-0.9972592009992481,-1.7293157664875536,1.9717173539946768,False,False,True
original,eb16372791,2,UNCHANGED,0,10.871661755328402,2,-1.6549732781355715,-1.2246722413770394,0.09540080616249019,2.280369949735629,False,False,True
original,eb16372791,3,UNCHANGED,0,5.281454583127563,1,0.44017130511792857,-0.08983648409010517,-0.6968711650734773,0.7810075867170142,False,False,True
original,eb16372791,4,UNCHANGED,0,9.195399091753517,1,-0.9619866302871287,0.8577940090819313,0.44542185768243175,1.420665464913058,False,False,True
original,eb16372791,5,UNCHANGED,0,11.378548967717904,2,4.156094447945748,0.32536557881072037,-3.102720541477718,5.748630751148537,False,False,True
original,ebf11048b1,1,UNCHANGED,0,9.727860156023024,1,4.226403866620336,-2.9690498577528777,-1.3361913563294763,5.86502827289146,True,False,True
original,ebf11048b1,2,UNCHANGED,0,22.301524703259236,3,-5.3082214324186054,0.6276861676101605,-1.1009295986870093,6.709824189336726,True,False,True
original,ebf11048b1,3,UNCHANGED,0,8.328061419982662,1,0.021244790547314096,-2.175202136792993,1.0791119367331938,1.900435000716351,True,False,True
original,ec5decca5e,14,UNCHANGED,0,134.28560874994557,5,10.403209833486482,-40.63158339897038,-72.910394404406,66.97297869309135,False,True,False
original,ec8ce6abb3,1,UNCHANGED,0,13.75802518964165,2,0.7831779036818489,-8.098658165194607,-2.2148170001101737,6.634635898624945,False,False,True
original,ec8ce6abb3,2,UNCHANGED,0,10.949587365315756,2,-0.8172862288508214,1.8221668178634391,0.9802209720842903,1.9149594929104734,False,False,True
original,eda80a3d5b,1,UNCHANGED,0,18.271099998087458,2,26.40630884606736,-2.1868473820882564,9.118188852806288,33.82594872135808,True,False,True
original,eda80a3d5b,2,UNCHANGED,0,8.614704152090901,1,-0.7457029657244334,2.224074686912147,-0.6384593501171724,2.034649716970622,True,False,True
original,eda80a3d5b,3,UNCHANGED,0,7.160765265682229,1,22.53715685375738,-2.6220409653876073,6.971276624547195,28.776337946463084,True,False,True
original,eda80a3d5b,4,UNCHANGED,0,5.918798313750177,1,-0.8404889971130842,-1.8059679427717013,-1.5940402954563502,2.1621720234192536,True,False,True
original,eda80a3d5b,5,UNCHANGED,0,18.940700484379253,2,-1.8212992074572298,-0.2487728975911565,0.8594191651066148,2.38339273708712,True,False,True
original,eda80a3d5b,6,UNCHANGED,0,15.559368167894053,2,3.6334058765589816,1.00116196444956,0.021343838804393597,4.608603119392773,True,False,True
original,eda80a3d5b,7,UNCHANGED,0,6.8374952167119565,1,-0.18317913553141807,-0.5831623942999411,0.2705329536713744,0.5526524400676976,True,False,True
original,eecca5b636,1,UNCHANGED,0,18.658860974624645,2,-0.7307666563242947,-0.7065591376399293,-1.1194477077262834,1.3852923050423644,False,False,True
original,eecca5b636,2,UNCHANGED,0,3.5927715055891434,0,1.8797191176613979,0.5901147612493108,-0.6659272257744707,2.4513919627970338,False,False,True
original,eecca5b636,3,UNCHANGED,0,6.897807804612133,1,1.768217093615408,0.9362819989428767,-1.0193211201746357,2.4630905287879115,False,False,True
original,ef0d3930a7,2,UNCHANGED,0,3.2592395735112447,0,-0.8023804479513501,2.3897380509720554,-3.922136590208015,3.7504255497856316,False,False,True
original,ef0d3930a7,4,UNCHANGED,0,3.1467612101116864,0,-0.670957227257054,3.5541179058052728,-3.3393875987458026,3.917950752470125,False,False,True
original,ef0d3930a7,5,UNCHANGED,0,4.852373975450406,0,0.24073148321257348,-1.8879500420741022,3.5071372594864685,3.1498702874771607,False,False,True
original,ef0d3930a7,7,UNCHANGED,0,3.2592395735112447,0,-1.3176741565086103,-1.548245654540365,0.037269710605375234,2.0435006664590643,False,False,True
original,ef0d3930a7,8,UNCHANGED,0,5.041001881770981,1,2.0392697682686047,10.797187317884967,0.8029375940791108,8.832213125581275,False,False,True
original,f157be1f00,1,UNCHANGED,0,39.82572335539359,4,13.758928029869992,7.5759417631921036,-10.38503802353044,19.94845433325378,False,False,True
original,f157be1f00,2,UNCHANGED,0,27.472680548087283,3,19.636329795170376,-2.3510390822487945,2.5100620768717152,24.693539436736568,False,False,True
original,f157be1f00,3,UNCHANGED,0,13.690462174995977,2,3.7703683299407373,-2.2150538864472136,4.572237473973172,6.182133142273722,False,False,True
original,f157be1f00,4,UNCHANGED,0,34.61114915869675,4,-7.250672301105459,-2.936690906317531,-10.091818056083836,12.280271072664823,False,False,True
original,f157be1f00,5,UNCHANGED,0,9.171286994443895,1,-0.2999054130593947,-0.6561946487782208,-0.07355042974831315,0.6376111201903275,False,False,True
original,f157be1f00,6,UNCHANGED,0,31.1073687565209,4,-28.068510573909542,-2.989110713843119,-0.9355532217484709,35.170964528063145,False,False,True
original,f157be1f00,8,UNCHANGED,0,49.34154310833409,4,4.212193313312329,-2.004810475073819,-2.3949307392399266,5.809040709407893,False,False,True
original,f2217062e9,1,UNCHANGED,0,12.247207476864578,2,-1.156505753910983,0.9086351499128861,0.1588137979483784,1.6152858045683178,False,False,True
original,f2217062e9,2,UNCHANGED,0,10.205301103854156,2,-0.24147576483080685,-1.7908389146389188,1.2887417447863827,1.7553449499516256,False,False,True
original,f2217062e9,3,UNCHANGED,0,14.625246420992362,2,0.425368467772455,-2.3268917770970656,-0.5506230584213411,1.9426898723000123,False,False,True
original,f2217062e9,4,UNCHANGED,0,28.89134751257202,3,-1.5314900010630481,-1.0018306104730803,0.7073763103796742,2.1420732632764476,False,False,True
original,f2217062e9,5,UNCHANGED,0,18.80505667769839,2,-0.08667633422169274,0.5648903814603681,-0.006383291598979715,0.454316351649559,False,False,True
original,f2fc990265,1,UNCHANGED,0,8.626875461851926,1,1.4111858231433416,19.270951510885226,-4.017345936799005,15.481585773227136,True,False,True
original,f2fc990265,3,UNCHANGED,0,11.714004669781966,2,-5.329749906678217,32.847289156793856,13.992303033943793,28.711996432755697,True,False,True
original,f2fc990265,4,UNCHANGED,0,20.830546373349865,3,-0.9947724870722823,-1.167584452045187,-0.08000260048611972,1.5432830437177079,True,False,True
original,f2fc990265,5,UNCHANGED,0,11.095688161054596,2,0.4833462252672689,12.913819675921973,-4.061066166468024,10.599670782009762,True,False,True
original,f2fc990265,6,UNCHANGED,0,7.3723857059387825,1,12.566116488198759,6.014449265333908,-4.251006687905444,16.734522067750422,True,False,True
original,f2fc990265,7,UNCHANGED,0,7.965654838181193,1,5.473673429251107,-9.154578240179859,-3.661339691357444,10.309119480018051,True,False,True
original,f2fc990265,8,UNCHANGED,0,8.417909574818456,1,10.923448419846864,18.452542875839566,1.9299861287293434,19.911013992980664,True,False,True
original,f2fc990265,10,UNCHANGED,0,20.50362714527315,3,1.2363615983522322,1.9846626068630773,-1.0541339815479007,2.3415236250835725,True,False,True
original,f2fc990265,11,UNCHANGED,0,10.27163259372637,2,-1.641445796380708,15.00905444534398,1.010356317910848,11.92695919139957,True,False,True
original,f2fc990265,12,UNCHANGED,0,8.060211499393583,1,2.094144702892436,2.5292619818988413,-4.4121621974381355,4.78257257824905,True,False,True
original,f2fc990265,13,UNCHANGED,0,22.679851128183895,3,3.3579497847499624,-4.163843718037724,-0.4939976231808842,5.324063472987239,True,False,True
original,f2fc990265,14,UNCHANGED,0,15.847142696494812,2,11.657086438883539,3.4304708340975156,-7.269795301266016,15.887188649244436,True,False,True
original,f340f1b1f6,1,UNCHANGED,0,26.92018855666896,3,-2.5145267057503133,6.978742670513309,8.324168899711191,9.095156751312622,False,False,True
original,f340f1b1f6,2,UNCHANGED,0,31.374215161353426,4,-0.5665507841145654,-1.780915138449984,-1.1290969152200838,1.797149431504898,False,False,True
original,f340f1b1f6,3,UNCHANGED,0,20.870578471438392,3,0.7124235283833513,4.158095242127892,-3.794840762304649,4.505988254487564,False,False,True
original,f340f1b1f6,4,UNCHANGED,0,13.183760642992539,2,-0.09356052290279422,0.4315697598147955,0.39927288369310043,0.47594722780514936,False,False,True
original,f340f1b1f6,5,UNCHANGED,0,14.275547962545446,2,-2.8630218048649567,1.3271180770099567,0.612773044536085,3.7570848711674634,False,False,True
original,f340f1b1f6,6,UNCHANGED,0,10.693939798640002,2,0.9625836167216221,-0.4899548396756114,-2.620527493576948,2.422630788452586,False,False,True
original,f340f1b1f6,7,UNCHANGED,0,25.09873606319025,3,-1.5397530433960356,1.3897761726929265,-0.1327385692326202,2.2121327444926586,False,False,True
original,f340f1b1f6,8,UNCHANGED,0,21.466668190524643,3,-1.2732156302846078,-3.1183256052216892,2.932297210810655,3.7170998749378197,False,False,True
original,f340f1b1f6,9,UNCHANGED,0,21.64334420986313,3,3.723563123973622,-2.0073477435354508,-4.7762992340654735,6.19058465768401,False,False,True
original,f43686bab1,1,UNCHANGED,0,5.211054334442412,1,-8.861288746396076,-10.59963377715566,-6.752610780210317,14.819154851130467,False,False,True
original,f43686bab1,2,UNCHANGED,0,2.633247621888866,0,0.8575840610401428,0.4460659980006436,0.2746550068741984,1.1478102200124505,False,False,True
original,f43686bab1,3,UNCHANGED,0,36.97597335354386,4,-0.6780847251143541,-0.6233682570186616,1.5209426017878998,1.5477455214221656,False,False,True
original,f43686bab1,4,UNCHANGED,0,9.18941808220998,1,-0.36455653217565215,-0.21166525014039242,2.0121734232375403,1.6599624151987988,False,False,True
original,f43686bab1,5,UNCHANGED,0,5.477375780380927,1,-1.0288919964621983,-0.17327908578258008,-0.2175545424923504,1.3045574567794949,False,False,True
original,f43686bab1,6,UNCHANGED,0,11.656858601019898,2,-1.3691290908713427,1.817911061854727,3.0671941071221003,3.2865189061602074,False,False,True
original,f43686bab1,7,UNCHANGED,0,4.426456872401111,0,-0.42656924043847083,0.07906115472259218,-0.10710632691396346,0.5433862668672733,False,False,True
original,f718499c1c,1,UNCHANGED,0,14.081466071025611,2,4.183435690139367,1.4165051244221882,0.1661847414683987,5.346643172409477,True,False,True
original,f718499c1c,2,UNCHANGED,0,12.45973083313241,2,-3.355153050617446,-0.43077648226756227,-0.754752779963636,4.249347408127748,True,False,True
original,f718499c1c,4,UNCHANGED,0,14.09981327883986,2,-4.120841882177911,-1.70973987495847,-0.4085255747271793,5.331067359482584,True,False,True
original,f718499c1c,5,UNCHANGED,0,13.781169601716028,2,8.163845357924156,-5.724387730746735,6.374962708156911,12.223952035463302,True,False,True
original,f718499c1c,6,UNCHANGED,0,24.324625534906293,3,-0.4300193752781979,-1.1872985214373502,-0.398693464315611,1.1170203667894976,True,False,True
original,f718499c1c,7,UNCHANGED,0,16.897708254178337,2,0.32618118127297746,1.0515675701206781,-0.09675142967083114,0.9200867507691991,True,False,True
original,f718499c1c,8,UNCHANGED,0,8.830075590762991,1,-0.7471449644427139,-0.5152390748455447,-1.0517511839114875,1.3125453374505247,True,False,True
original,f718499c1c,9,UNCHANGED,0,11.169171681114845,2,1.5247604004381627,1.224082336570287,-1.052852849418019,2.2883756622890896,True,False,True
original,f7664060cc,1,UNCHANGED,0,10.155895096827024,2,-6.490387988483485,-1.0843423498881481,-1.6931339962084382,8.26573040647428,False,False,True
original,f7664060cc,5,UNCHANGED,0,4.398716741305751,0,4.560662384092302,1.6090374713673874,-0.7045630121554957,5.864098797344006,False,False,True
original,f7664060cc,7,UNCHANGED,0,13.555943989681557,2,-3.275529156992252,-0.7568710049752131,0.5395484282389139,4.158707391305592,False,False,True
original,f7664060cc,8,UNCHANGED,0,7.049031847721813,1,-0.11318654210747355,0.1286274462696648,1.9187288412909247,1.5237890426401173,False,False,True
original,f7664060cc,9,UNCHANGED,0,5.577336357817738,1,1.8081927764344072,1.4275249710099847,3.1109826147227637,3.5180357160464606,False,False,True
original,f7664060cc,10,UNCHANGED,0,10.552767335117007,2,1.5942761120365732,-1.610714020473496,-3.231385671805244,3.4719140767180603,False,False,True
original,f7664060cc,12,UNCHANGED,0,3.302167574513292,0,-0.007180339625347187,1.842182750370466,0.6500865466933246,1.527465913905671,False,False,True
original,f7664060cc,14,UNCHANGED,0,4.613621529771836,0,-0.3034495235459872,-0.236845829774163,-0.02202026177761846,0.4223691705490628,False,False,True
original,f7664060cc,15,UNCHANGED,0,7.178400659777592,1,-1.7199894865708756,-0.06639328892219452,3.2189802473944926,3.3280011118054196,False,False,True
original,f7664060cc,18,UNCHANGED,0,7.502363749314618,1,1.9787358021476849,4.497187252594652,-0.005010077574478158,4.295822968716042,False,False,True
original,f7664060cc,20,UNCHANGED,0,6.891835140779277,1,-5.295064808933125,5.932990807762448,-8.040975389524286,10.272794203287337,False,False,True
original,f7664060cc,22,UNCHANGED,0,7.157162663885314,1,-7.088563386246642,-5.913243425731055,0.37034812680452744,9.996280935703032,False,False,True
original,f7e6c85504,2,UNCHANGED,0,18.015051124648366,2,1.7283335742443455,1.1033487360315384,-0.608301218228812,2.374932950339105,False,False,True
original,f7e6c85504,3,UNCHANGED,0,8.229516057389857,1,-0.717361485838046,-7.699931941264598,3.4009390529728005,6.645926652100845,False,False,True
original,f803dfeb35,2,UNCHANGED,0,3.661956080182328,0,0.18958656150537082,0.023318963666574422,-0.6962772051297023,0.5985750674826922,False,False,True
original,f803dfeb35,5,UNCHANGED,0,5.66387559883318,1,0.4129158461728821,0.91120555623681,-0.16317405565187387,0.8884978776431042,False,False,True
original,f803dfeb35,7,UNCHANGED,0,4.2830498140038324,0,0.3326147101759716,0.28410647577724174,0.16346430711734966,0.4886014581674484,False,False,True
original,f803dfeb35,8,UNCHANGED,0,6.869014657749767,1,-0.04450688554211411,0.8619944315495364,-0.15774062360469598,0.6868818940434372,False,False,True
original,f803dfeb35,11,UNCHANGED,0,6.13402795064021,1,0.6907328630408187,0.4432771001344064,-1.4036287291970242,1.446311102679732,False,False,True
original,f803dfeb35,14,UNCHANGED,0,3.9966328039933368,0,1.1045849582109213,0.5306145910123143,-0.3551558088877256,1.4685626901868416,False,False,True
original,f803dfeb35,16,UNCHANGED,0,6.2618568148982625,1,0.9883382747666929,0.19712861288704758,0.12278559333624578,1.2487424923004107,False,False,True
original,f803dfeb35,20,UNCHANGED,0,5.861036376564377,1,0.5665629000616719,-3.29775259059749,1.6144989483372671,2.95933282330566,False,False,True
original,f899139df5,1,UNCHANGED,0,46.816318967954885,4,3.7919150801443493,-32.12304781879469,-36.412553031091946,38.435189506701285,False,True,False
original,f899139df5,2,UNCHANGED,0,17.174756956142957,2,4.073572829464797,-0.8180262442383204,-0.23785488453526626,5.135319166894059,False,True,False
original,f899139df5,3,UNCHANGED,0,70.81977550081622,5,7.606010777873644,13.621700099742508,1.4461662656212244,14.313401053521696,False,True,False
original,f899139df5,4,UNCHANGED,0,72.41060780412603,5,-14.926300085321259,-30.948271827639996,9.23888790487074,31.392208877035422,False,True,False
original,f899139df5,5,UNCHANGED,0,153.45714913411987,5,-0.3172130616770346,25.636343061105027,-7.580065732240664,20.899892383682975,False,True,False
original,f899139df5,6,UNCHANGED,0,37.290603939235986,4,-0.37302376175498464,-1.096919246211372,0.9767832686091563,1.2430977419606344,False,True,False
original,f90f2aca5c,1,UNCHANGED,0,6.37279942722914,1,10.008930234979925,-2.351095689557727,2.200206699922349,12.76379307979301,False,False,True
original,f90f2aca5c,2,UNCHANGED,0,18.150065560106523,2,-1.1170035302639008,-1.2983622721480457,1.2228642638716332,1.9770384118105069,False,False,True
original,f90f2aca5c,3,UNCHANGED,0,4.786590219120677,0,1.4337596651372224,0.37923874050598405,-0.42176132822324247,1.8467378886627055,False,False,True
original,f90f2aca5c,4,UNCHANGED,0,8.397644823759041,1,0.21335031991532105,-0.42716569459417025,2.788494021501251,2.2411957083582292,False,False,True
original,f90f2aca5c,5,UNCHANGED,0,5.503522905761751,1,-1.1513401378930552,-0.6980530562885197,-1.1396295769950628,1.782399622181412,False,False,True
original,f90f2aca5c,7,UNCHANGED,0,8.051841797405801,1,-2.5843797326008486,14.24021275846354,-4.492180567224226,12.111497376638534,False,False,True
original,f90f2aca5c,8,UNCHANGED,0,24.854341480762294,3,-1.2033854473987275,-1.5832748076338945,4.667321519942525,4.1656533372627615,False,False,True
original,f90f2aca5c,12,UNCHANGED,0,29.514594439101582,3,-5.257960418334551,9.206018206044318,1.741766886032475,9.837700203381793,False,False,True
original,f90f2aca5c,13,UNCHANGED,0,14.21652149924379,2,9.798412107358644,8.083020781414653,-26.403864222084913,24.977291143491247,False,False,True
original,f90f2aca5c,14,UNCHANGED,0,7.169232664180604,1,-3.8786853036336195,2.3966500485686315,-5.115305257749455,6.580215591469089,False,False,True
original,f90f2aca5c,16,UNCHANGED,0,7.308746771985613,1,-9.093053344387204,-1.3056789466802687,-1.6516949242862844,11.486135642707621,False,False,True
original,f90f2aca5c,17,UNCHANGED,0,16.79010431540479,2,3.392178821625771,-3.7611602064562626,3.4585819344502333,5.835637721880588,False,False,True
original,f90f2aca5c,18,UNCHANGED,0,6.994303074220079,1,-0.5903892054409198,-1.4734793317861636,-0.5362387701672497,1.431063519914729,False,False,True
original,fa7cdfad1a,1,UNCHANGED,0,3.2495761352482684,0,-1.6539676196377968,-0.39424024409809394,-0.4072585170878603,2.1148151979381775,True,False,True
original,fa7cdfad1a,2,UNCHANGED,0,3.9159703921085276,0,0.92070056678117,-0.016639379721175726,-0.445276775970615,1.2033752076225577,True,False,True
original,fa7cdfad1a,3,UNCHANGED,0,18.219498774298398,2,-1.23588026662419,0.4760505656151834,-1.4786090921870072,1.971243939614695,True,False,True
original,fa7cdfad1a,4,UNCHANGED,0,4.933813527782614,0,-10.005053201044166,-7.039173885126535,0.5982343535134939,13.669465665533586,True,False,True
original,fa7cdfad1a,5,UNCHANGED,0,3.9159703921085276,0,-6.721093478482862,-8.084369989684648,-5.342442058563457,11.32325080871416,True,False,True
original,fb8490a950,2,UNCHANGED,0,11.327518633437025,2,-0.7590988850281064,-0.4585441989533151,0.27199405496575835,1.036661853309897,False,False,True
original,fb8490a950,3,UNCHANGED,0,4.032440689819217,0,-0.2717574435001097,-0.6216729646856297,-0.0747723139019161,0.5954917598441163,False,False,True
original,fb8490a950,4,UNCHANGED,0,10.807159629109476,2,6.525567120532628,4.544451884481088,23.64409807731296,20.667587169820347,False,False,True
original,fb8490a950,5,UNCHANGED,0,8.922543839684774,1,4.644716652121656,1.7930374227260053,-34.18968436492664,27.628892938812577,False,False,True
original,fb8490a950,6,UNCHANGED,0,6.574186510679691,1,-0.9267205714797683,0.8700041684830844,0.8511455208797728,1.5015194463645887,False,False,True
original,fb8490a950,7,UNCHANGED,0,3.9171644228676206,0,0.3064202742270027,-0.472535027470445,-0.29445157980787373,0.5804135243083115,False,False,True
original,fb8490a950,8,UNCHANGED,0,6.170642578808904,1,0.3426002397644652,-0.07956630424318269,-0.0955639063649406,0.43925505868811693,False,False,True
original,fb8490a950,9,UNCHANGED,0,7.2242140143274085,1,-1.1183014773360127,0.13327352883108162,-0.4545555338669717,1.4468999446158617,False,False,True
original,fb8490a950,11,UNCHANGED,0,4.438275264421838,0,1.381464045339726,0.612128379603283,-0.47388087673793367,1.8303798434036236,False,False,True
original,fb8490a950,12,UNCHANGED,0,15.272967875690702,2,3.97659028825733,-0.6606129350527211,5.4884591869350405,6.612619934712068,False,False,True
original,fb8490a950,13,UNCHANGED,0,8.064881379638432,1,7.304168948151732,9.267339757921924,26.76810843735109,24.120580026473093,False,False,True
original,fb8490a950,14,UNCHANGED,0,6.310932235990622,1,-1.4362626371573923,-0.3156103590577748,-0.3149843617719192,1.8291324060107692,False,False,True
original,fb8490a950,15,UNCHANGED,0,4.34381505382131,0,0.3701610159539996,-0.5267430648454449,0.7038206254541309,0.8316882499925918,False,False,True
original,fb8490a950,16,UNCHANGED,0,6.738608861045948,1,-0.5159735502068088,0.12427230073536209,-0.99022364916893,1.0177479445848505,False,False,True
original,fb8490a950,17,UNCHANGED,0,6.264865394868636,1,1.3096550172910384,0.6385965978737022,-0.02374198228637309,1.7114586139669352,False,False,True
original,fb8490a950,18,UNCHANGED,0,3.6637155084223685,0,0.5776801403398621,0.73501353876056,0.2936769131771787,0.9511293344201245,False,False,True
original,fb8490a950,20,UNCHANGED,0,6.445247509400564,1,-0.3227989567810255,0.059221689608559794,0.14708254261108947,0.42239510608751407,False,False,True
original,fb8490a950,21,UNCHANGED,0,3.2005502965091983,0,-0.45893884193305895,0.1308799340729167,0.07208736269740633,0.58547817347706,False,False,True
original,fb8490a950,24,UNCHANGED,0,5.217935291444044,1,1.820724721567808,0.09346564401621743,-0.2657504867218425,2.28670957680316,False,False,True
original,fb8490a950,25,UNCHANGED,0,6.933473362353304,1,2.702227242147205,-0.14696479930509462,-0.2043422176053005,3.3835769931069875,False,False,True
original,fb8490a950,27,UNCHANGED,0,10.51883010988004,2,-2.0648841188717144,-3.099239581586187,1.7981137801240106,3.812308582169907,False,False,True
original,fb8490a950,28,UNCHANGED,0,3.9171644228676206,0,-2.6385274235574796,-15.224208315174915,-0.916308338807285,12.360225463877109,False,False,True
original,fb8490a950,30,UNCHANGED,0,7.008435640867947,1,-0.3182323011692006,0.8125721675664767,0.46708630117144356,0.8347415469526069,False,False,True
original,fb8490a950,31,UNCHANGED,0,7.5255649319770335,1,-0.7809159799603549,-2.279779255397123,2.162860233165257,2.652394651861705,False,False,True
original,fb8490a950,32,UNCHANGED,0,8.41362346940599,1,13.417963555632559,-1.7090113959267133,25.459011314316573,26.202876698736315,False,False,True
original,fb8490a950,34,UNCHANGED,0,5.973044844837667,1,0.8165055939369268,-0.19954703065564441,-0.13771883665943807,1.0381641211703028,False,False,True
original,fb8490a950,36,UNCHANGED,0,5.973044844837667,1,0.6929571092772449,0.5537312097279421,0.8605156894788039,1.1824932222408662,False,False,True
original,fb8490a950,37,UNCHANGED,0,7.652068642171804,1,-0.5694003235592391,-0.4630771747019531,-0.2835809377845203,0.8291266173947589,False,False,True
original,fb8490a950,38,UNCHANGED,0,5.411365963385673,1,6.58523383975214,33.45624180525891,-23.06655013788157,32.88954240067011,False,False,True
original,fb8490a950,40,UNCHANGED,0,5.217935291444044,1,0.12076226777037391,0.4401584463997345,0.42917888590820075,0.5055939340751138,False,False,True
original,fb8490a950,43,UNCHANGED,0,4.935317912270217,0,0.9476416273134646,-0.26020703762979086,-0.5364855329188998,1.274219186875223,False,False,True
original,fb8490a950,44,UNCHANGED,0,4.699937759613287,0,11.958309666621608,-6.695428944201054,21.647892636113955,23.2919712932557,False,False,True
original,fb8490a950,46,UNCHANGED,0,5.080556907555834,1,2.9039181950688997,3.2345225766865644,-0.622260579448713,4.449572788886569,False,False,True
original,fb8490a950,47,UNCHANGED,0,7.008435640867947,1,-0.06312821156886912,-0.5947490959695036,-0.3917229505146777,0.5634803373713516,False,False,True
original,fb8490a950,48,UNCHANGED,0,5.080556907555834,1,-5.763323449202153,-17.68160316610314,-2.6680067603357376,15.717148533299667,False,False,True
original,fb8490a950,49,UNCHANGED,0,7.7137815382353825,1,1.1040545700455595,-0.01875027902994847,0.2334004021018322,1.392377468232449,False,False,True
original,fb8490a950,50,UNCHANGED,0,7.008435640867947,1,0.6476259384400919,-0.37936821610292365,-0.3146343253011557,0.8970812648258888,False,False,True
original,fb8490a950,51,UNCHANGED,0,5.706027740840843,1,-0.589449096443559,-0.19000157997800135,-0.1060510335353742,0.7562488590374898,False,False,True
original,fb8490a950,52,UNCHANGED,0,6.170642578808904,1,0.30929810402194563,-0.10878970788040987,-0.6339643247127695,0.6378824030730156,False,False,True
original,fb8490a950,53,UNCHANGED,0,5.815785852181874,1,-1.7969650749102128,-0.3812508830401238,-0.6985287183163513,2.3319212048481144,False,False,True
original,fb8490a950,54,UNCHANGED,0,5.706027740840843,1,14.978419372650205,-5.67055411732616,23.757231553300166,26.861118057422804,False,False,True
original,fb8490a950,55,UNCHANGED,0,8.540353688022654,1,-0.7371873439317141,-0.22865520728930336,0.15026858198567639,0.9460870657094774,False,False,True
original,fb8490a950,56,UNCHANGED,0,6.073450906158196,1,3.02546816068359,-0.14644929664824344,-1.0952586250070595,3.880996062146411,False,False,True
original,fb9ce87f03,2,UNCHANGED,0,8.827366028595062,1,2.5025592835594126,-0.24832010649195907,-0.4589698072825547,3.155055891606031,True,False,True
original,fb9ce87f03,4,UNCHANGED,0,4.243754953895814,0,1.1432596928044858,0.2362712375630529,0.81251581648454,1.5771118887171152,True,False,True
original,fb9ce87f03,7,UNCHANGED,0,8.218491817083763,1,2.0029217549321743,6.648854649784576,-1.765658557880799,5.930743986203163,True,False,True
original,fb9ce87f03,8,UNCHANGED,0,4.167957353751714,0,-1.1784226615382067,0.013256220653057472,-1.8242577207447768,2.059518725149436,True,False,True
original,fb9ce87f03,10,UNCHANGED,0,5.698383959533461,1,-3.423236359424925,4.051116389294405,-3.0879694468053644,5.852923642950782,True,False,True
original,fb9ce87f03,12,UNCHANGED,0,8.035797825696221,1,2.9334248640674105,-0.23372702540986795,-0.761052665776584,3.720103428777922,True,False,True
original,fe131d7f5a,2,UNCHANGED,0,28.58679218282096,3,-2.5541449566029626,3.1773497086086513,2.3515306392855297,4.448983907068002,False,False,True
original,fe131d7f5a,6,UNCHANGED,0,6.910770674481821,1,0.28128614615970376,-1.2729756600385198,-0.07180180416888074,1.0560582652978803,False,False,True
original,fe131d7f5a,11,UNCHANGED,0,4.21120959615583,0,5.797738472582614,9.512957593345282,-11.867243094014794,13.97824416176893,False,False,True
original,fe131d7f5a,13,UNCHANGED,0,1.6889999025355158,0,1.7621892517103332,-9.597615557480669,-13.650983913241989,13.305807899285716,False,False,True
original,fe131d7f5a,24,UNCHANGED,0,6.243001182847097,1,12.473177663980334,5.489887251298085,14.36332060966473,19.74605565263003,False,False,True
original,fe131d7f5a,28,UNCHANGED,0,28.36096462312265,3,4.107000770932568,11.762266689553815,6.407209180238267,11.674759109010566,False,False,True
unigradicon,006f52e910,1,UNCHANGED,0,14.069265454395692,2,10.81415715169577,-8.728630385414174,-2.6874054939988175,15.28713078263682,False,False,True
unigradicon,01161aaa0b,1,UNCHANGED,0,4.7988331645899525,0,-2.45354896675654,-5.138970859564039,-2.3748787032636236,5.387543013327845,False,False,True
unigradicon,01161aaa0b,3,UNCHANGED,0,6.2752848577292015,1,4.530434782608694,-18.28796409352962,-4.74855157450013,15.814814512757474,False,False,True
unigradicon,01161aaa0b,7,UNCHANGED,0,4.360029282471114,0,-0.12212389380530339,-0.6906780392605338,-1.0596182574858457,1.0065971595944414,False,False,True
unigradicon,013d407166,1,UNCHANGED,0,5.670853774274796,1,-20.563958060287995,0.619132427750834,4.6046292534282784,25.96492275088049,False,False,True
unigradicon,013d407166,5,UNCHANGED,0,89.03527887091927,5,10.17404039569642,11.238943920337613,8.527740033125152,16.85389596809385,False,False,True
unigradicon,013d407166,6,UNCHANGED,0,14.332058871015482,2,-10.805732346036574,-0.28687735701252015,7.371474396061069,14.707843425405274,False,False,True
unigradicon,013d407166,9,UNCHANGED,0,5.770362681368849,1,-22.888166270420516,0.09479853094358935,9.882745244026026,29.65384059427741,False,False,True
unigradicon,013d407166,10,UNCHANGED,0,8.16252636357489,1,-12.909368954398724,-3.014422699096067,2.5981286823107124,16.43588130252996,False,False,True
unigradicon,013d407166,11,UNCHANGED,0,10.838720712852181,2,-7.7384236224134835,1.7411053484838046,1.197402318375202,9.813720934281086,False,False,True
unigradicon,013d407166,13,UNCHANGED,0,5.928967884831167,1,-21.444745222929942,-0.4707417997963138,9.256992292509283,27.7855743572937,False,False,True
unigradicon,02522a2b27,1,UNCHANGED,0,29.19958963911629,3,4.1098559036238385,-7.149274413197915,-1.6766572720296575,7.701848903989584,False,False,True
unigradicon,02522a2b27,2,UNCHANGED,0,9.331361997856085,1,3.413448994229384,3.150150239258476,7.24418004805241,7.545020913515452,False,False,True
unigradicon,02522a2b27,3,UNCHANGED,0,20.927929952311278,3,2.0958342070326124,0.9400563791303971,8.442892423494095,7.195634192938337,False,False,True
unigradicon,02522a2b27,4,UNCHANGED,0,9.519752078329907,1,3.8817346396303494,-6.64874955246603,7.516205080642309,9.256116033361495,False,False,True
unigradicon,0266e33d3f,1,UNCHANGED,0,22.669512477282602,3,2.3101669105850533,1.0827731788899808,1.979993844095298,3.390353114428875,False,False,True
unigradicon,0266e33d3f,2,UNCHANGED,0,9.578201993635924,1,5.991925018025313,-1.2762146852623808,6.370229576862984,9.074907558587688,False,False,True
unigradicon,0266e33d3f,3,UNCHANGED,0,11.752632696861188,2,-6.012123118871477,6.38847090954123,3.707042664480492,9.482952855905648,False,False,True
unigradicon,0266e33d3f,5,UNCHANGED,0,6.866448039145278,1,2.126550522649063,7.2348935631525615,1.8889790973884806,6.419881324640852,False,False,True
unigradicon,0266e33d3f,6,UNCHANGED,0,6.297440089573788,1,1.0364066193858208,4.370311029080403,8.222179088251988,7.444018827145613,False,False,True
unigradicon,0266e33d3f,7,UNCHANGED,0,16.41862450120184,2,3.3559341267255833,-3.079905483511944,-1.515835805352656,4.981336747265539,False,False,True
unigradicon,0266e33d3f,11,UNCHANGED,0,18.788084656409588,2,3.261425919254998,-0.5406943721945379,0.22800480176700166,4.102540623681845,False,False,True
unigradicon,0266e33d3f,12,UNCHANGED,0,9.336920920510101,1,0.9062200956946753,0.6263268201162182,9.54050571125512,7.627915658057519,False,False,True
unigradicon,0266e33d3f,4,UNCHANGED,1,7.123432876219528,1,-2.233796122576666,2.696053168533394,-2.5079327517557073,4.018176838171025,False,False,True
unigradicon,0266e33d3f,9,UNCHANGED,1,5.6865167492658095,1,-6.880328912659797,-14.269662209606157,-2.2592717009804115,14.189674349023466,False,False,True
unigradicon,0266e33d3f,10,UNCHANGED,1,8.616877947787945,1,-6.8767203454406625,-9.40763694877668,1.0754365211203087,11.339896555756193,False,False,True
unigradicon,03b90eb112,1,UNCHANGED,0,13.406940433892055,2,2.328472544943162,-5.172506859282278,2.0863654717151507,5.244113264690608,True,False,True
unigradicon,03b90eb112,2,UNCHANGED,0,3.485246962496473,0,1.7402843601895939,4.80050262091911,1.0363381908417097,4.411031815724339,True,False,True
unigradicon,03b90eb112,4,UNCHANGED,0,28.768112467019456,3,5.107781618252415,9.230582619954943,2.2022544383591414,9.785439488830676,True,False,True
unigradicon,03b90eb112,5,UNCHANGED,0,5.959688474096988,1,-1.4174481805610526,1.2012782367653478,-1.7435731691774925,2.4314647594951637,True,False,True
unigradicon,03b90eb112,6,UNCHANGED,0,5.460626110536321,1,-2.889346534653464,-2.142348587851726,2.7116620288454776,4.518985877009628,True,False,True
unigradicon,03b90eb112,7,UNCHANGED,0,24.203708556644084,3,-3.6879506720893405,-10.256900764663278,0.3531686652103367,9.246595185207022,True,False,True
unigradicon,03b90eb112,8,UNCHANGED,0,6.739511072061487,1,0.2222883499481668,-0.9488637465015319,3.398704137797654,2.7959324767792886,True,False,True
unigradicon,03b90eb112,9,UNCHANGED,0,17.03877486400966,2,0.7675618411986079,0.6282497725835136,0.47893676245040595,1.1419689572858893,True,False,True
unigradicon,03b90eb112,10,UNCHANGED,0,4.446725913623374,0,2.1314755269729404,2.224854802173523,1.3314369589910058,3.349863184305844,True,False,True
unigradicon,03b90eb112,11,UNCHANGED,0,13.154615702698125,2,-0.04067541743644369,1.6525104925276686,-2.909179637700891,2.6337918240348164,True,False,True
unigradicon,03b90eb112,12,UNCHANGED,0,7.566057780467966,1,2.1369330800310764,-7.705514422737019,1.4375004244409577,6.681161360708576,True,False,True
unigradicon,03c6b06952,3,UNCHANGED,0,4.601940591316102,0,-7.521597833446123,0.009069760820563589,12.788382810562386,13.79153327695952,False,False,True
unigradicon,045117b0e0,1,UNCHANGED,0,8.932159571050512,1,-0.9885835095127049,-0.8535615470241963,-2.654585730832364,2.5215514195967494,True,False,True
unigradicon,045117b0e0,2,UNCHANGED,0,22.5607911891003,3,0.11636107193198768,6.942302548804473,7.646963088783277,8.11302265533777,True,False,True
unigradicon,045117b0e0,3,UNCHANGED,0,22.18692542235147,3,-1.0001072177010202,4.6177017129914075,-5.965891881943342,6.060183215720293,True,False,True
unigradicon,060ad92489,1,UNCHANGED,0,9.295655450957858,1,-2.233770960614481,-1.1413104509406984,-2.577259745634818,3.5673431799311164,False,False,True
unigradicon,060ad92489,2,UNCHANGED,0,30.889524315376374,4,-2.8828316703468544,-2.8881980876595645,-5.543719494167789,6.099625521502452,False,False,True
unigradicon,060ad92489,3,UNCHANGED,0,6.616061439107858,1,2.7201759462901465,3.301858192028906,1.7863797036855773,4.494219954835489,False,False,True
unigradicon,060ad92489,4,UNCHANGED,0,9.981551128691844,1,4.481965093729793,-0.4974927464829676,-6.765465765130491,7.748046132735293,False,False,True
unigradicon,060ad92489,5,UNCHANGED,0,16.492580988928466,2,2.923763405721786,0.9157070068126786,-0.9547383182445826,3.7994434994751822,False,False,True
unigradicon,060ad92489,6,UNCHANGED,0,19.590569041842038,2,7.728452776459369,-8.590992918161325,-2.3676312458811752,11.909427179905721,False,False,True
unigradicon,060ad92489,7,UNCHANGED,0,15.888135183719479,2,3.2524540406303912,-2.755124043032642,-4.5748704496959585,5.847041246789161,False,False,True
unigradicon,060ad92489,8,UNCHANGED,0,7.652068642171804,1,-2.1841463414635087,6.135728677079139,2.8108171511778446,5.944371238444421,False,False,True
unigradicon,060ad92489,9,UNCHANGED,0,3.794671973445751,0,6.0,1.7871880617959337,-1.6878024541998053,7.744133384515833,False,False,True
unigradicon,060ad92489,10,UNCHANGED,0,7.008435640867947,1,1.5047619047619036,-5.547410091863731,-2.8585479660806565,5.234078539629495,False,False,True
unigradicon,060ad92489,12,UNCHANGED,0,6.895376585991248,1,0.42499999999992044,2.654495271820745,-6.049365296261146,5.2307997992810025,False,False,True
unigradicon,060ad92489,13,UNCHANGED,0,21.457232898227094,3,0.6317975156288128,0.5345188986087093,-4.78731638957287,3.8813859078339115,False,False,True
unigradicon,060ad92489,14,UNCHANGED,0,4.34381505382131,0,3.2399999999999864,1.2560325610505823,-3.9735330030596825,5.214762440748715,False,False,True
unigradicon,060ad92489,15,UNCHANGED,0,9.814230959854529,1,3.3046429237366626,1.728325144349623,-0.9374267506255102,4.408243436948098,False,False,True
unigradicon,060ad92489,16,UNCHANGED,0,23.19563535823154,3,6.33404191074344,-7.455413541983167,-2.2044139934858276,9.980797500394436,False,False,True
unigradicon,060ad92489,18,UNCHANGED,0,4.528877219185241,0,0.47932773109240545,1.3109937476913265,1.0661049115458603,1.4542626323196355,False,False,True
unigradicon,060ad92489,19,UNCHANGED,0,14.108969004321075,2,2.087105239344896,-2.283782117851093,-1.2241976926683478,3.304627045172878,False,False,True
unigradicon,060ad92489,20,UNCHANGED,0,36.93862039615601,4,13.495130714905333,-11.260921361270594,-10.380521584099546,20.712032239997658,False,False,True
unigradicon,060ad92489,21,UNCHANGED,0,13.116690072011835,2,-1.0866591862044175,0.5754784502354966,-0.9334141082970449,1.6091696543560703,False,False,True
unigradicon,060ad92489,22,UNCHANGED,0,19.61900241852369,2,0.36072937771341457,-0.3102295194662309,-0.4004056890236004,0.601523870279075,False,False,True
unigradicon,060ad92489,23,UNCHANGED,0,5.008990235155768,1,2.1405405405405475,-1.185382260043868,-2.1176532790024765,3.2875497197916226,False,False,True
unigradicon,060ad92489,24,UNCHANGED,0,9.641002357512734,1,-1.1486178861788516,4.635460312069677,1.5174670520466216,4.0744886252007655,False,False,True
unigradicon,060ad92489,25,UNCHANGED,0,11.384015920337252,2,4.861062801932372,-0.08416541924662059,-1.9237505331970608,6.263379652387538,False,False,True
unigradicon,060ad92489,26,UNCHANGED,0,8.361846013713121,1,1.7456174307360925,0.1748402767099961,-1.1903224552616027,2.3794736519073325,False,False,True
unigradicon,060ad92489,27,UNCHANGED,0,5.869144666231341,1,2.8342905405405645,0.16527670611346434,-4.168425402440284,4.835837397909693,False,False,True
unigradicon,060ad92489,28,UNCHANGED,0,6.122432464223861,1,5.782857142857165,-1.5838401621857823,-1.4440087663707109,7.421618358900534,False,False,True
unigradicon,060ad92489,29,UNCHANGED,0,4.699937759613287,0,4.794258373205776,0.7927177845238724,-0.8735117964715483,6.064010657937588,False,False,True
unigradicon,060ad92489,30,UNCHANGED,0,4.528877219185241,0,-1.0729411764705845,-1.640230756195493,-2.409917151271144,2.6561594009650586,False,False,True
unigradicon,060ad92489,31,UNCHANGED,0,11.369944192866914,2,2.7079816313143397,-2.150854101726094,-2.093138320214539,4.1239860986087935,False,False,True
unigradicon,06138bc5af,1,UNCHANGED,0,16.552076507846564,2,1.4949033515335373,-3.638280728352824,-2.0685235494670127,3.772203346826641,True,False,True
unigradicon,06138bc5af,2,UNCHANGED,0,7.595372432442949,1,2.0545374130513094,-8.642582431090643,-0.43119538166767946,7.229925248271165,True,False,True
unigradicon,06138bc5af,3,UNCHANGED,0,19.38028759198673,2,7.050392752408908,-15.627042704356159,1.9121189838071204,15.129443772107217,True,False,True
unigradicon,0640966322,2,UNCHANGED,0,4.348626530614418,0,-1.7256965944276317,2.17080156439551,2.19845544734894,3.2459682720916936,False,False,True
unigradicon,0640966322,3,UNCHANGED,0,4.889023958627703,0,6.031788079470198,22.819009527247587,-8.749624500039117,20.545470562582537,False,False,True
unigradicon,069059b7ef,1,UNCHANGED,0,7.774522476418923,1,-5.154002312733747,-5.839672241307341,3.567176884249309,8.380215931014616,False,False,True
unigradicon,069059b7ef,2,UNCHANGED,0,28.231656016640947,3,0.9031283032893043,0.2307013777939607,2.366272632961572,2.189189576584457,False,False,True
unigradicon,069059b7ef,3,UNCHANGED,0,8.036780519816284,1,-5.040502749410166,-7.1704995873614905,3.3115134939170083,8.82532456692771,False,False,True
unigradicon,06eb61b839,1,UNCHANGED,0,8.177218955245666,1,-0.1828537874333506,0.20256971563445003,-0.34793827904773117,0.39068588711712415,False,False,True
unigradicon,06eb61b839,3,UNCHANGED,0,15.03953461863829,2,2.178876285475326,3.3423682403628576,-3.2275356992859394,4.551581975602802,False,False,True
unigradicon,06eb61b839,4,UNCHANGED,0,13.824510567156027,2,-0.8767248565095315,1.6710145527071107,0.05814313287662078,1.704788081640446,False,False,True
unigradicon,06eb61b839,5,UNCHANGED,0,26.941290401989047,3,1.5955690109557963,2.429350187346204,-6.102833788008778,5.546462090875979,False,False,True
unigradicon,06eb61b839,6,UNCHANGED,0,22.11418809039792,3,-2.9290350865929895,5.7434249387995555,-0.8357084138347859,5.827571323782199,False,False,True
unigradicon,06eb61b839,7,UNCHANGED,0,14.673954044630465,2,-2.88039753963119,-1.2914994185605027,2.5606436465117812,4.250033010693912,False,False,True
unigradicon,06eb61b839,8,UNCHANGED,0,19.850512490989114,2,0.6978672778477858,7.63995771139347,-1.2285515451991151,6.107646632415197,False,False,True
unigradicon,06eb61b839,9,UNCHANGED,0,13.758678566874115,2,0.19454382826500022,0.26824344821932855,1.6143481071464705,1.3135410867735036,False,False,True
unigradicon,077e29b11b,1,UNCHANGED,0,8.736934127500147,1,-2.417820206841634,-0.10192353256820826,-1.734219512082055,3.318542895367609,False,False,True
unigradicon,077e29b11b,2,UNCHANGED,0,10.367299571369085,2,3.3481309765283185,-6.074768469521178,2.365359166480127,6.59604647714004,False,False,True
unigradicon,077e29b11b,3,UNCHANGED,0,64.27234832406394,5,0.2846392135895712,-3.931351762328278,-9.692304855239065,8.248270464240855,False,False,True
unigradicon,077e29b11b,4,UNCHANGED,0,14.134987487975788,2,-16.821797237899638,-2.3356144627204465,31.7628412177539,32.764619410882204,False,False,True
unigradicon,077e29b11b,6,UNCHANGED,0,52.57264398119876,5,-5.2793757337837635,10.408332593775619,-17.6577220771338,17.427790147899344,False,False,True
unigradicon,077e29b11b,7,UNCHANGED,0,5.714697866406915,1,-1.9825210084040918,-8.485014224159393,5.9809581112229635,8.504375012631654,False,False,True
unigradicon,077e29b11b,8,UNCHANGED,0,6.343339459503081,1,2.908502383328096,6.944821140015744,5.666856093395042,7.913767566179183,False,False,True
unigradicon,07cdfd2337,3,UNCHANGED,0,21.428264520003186,3,1.3583526884270043,1.5678211944122935,0.3086763644885782,2.107519963694596,False,False,True
unigradicon,07cdfd2337,6,UNCHANGED,0,7.611037994944439,1,2.063999999999922,1.19906425611787,0.04792733857906824,2.7449598324768583,False,False,True
unigradicon,07cdfd2337,8,UNCHANGED,0,26.30305848561207,3,5.214553619308115,-3.958873324499618,1.8238581139466992,7.356448860059466,False,False,True
unigradicon,07cdfd2337,10,UNCHANGED,0,3.888273470554427,0,-1.0180758017492735,-0.3570338937031195,0.6931422504498554,1.4129185824465507,False,False,True
unigradicon,07cdfd2337,12,UNCHANGED,0,15.933551226339125,2,2.6230739287960403,3.021126380567007,2.6182377639776084,4.537128283361016,False,False,True
unigradicon,07cdfd2337,13,UNCHANGED,0,10.398178859034513,2,2.115705688215962,-1.260742854008005,0.04738713184370359,2.8222319459979333,False,False,True
unigradicon,084b6fbb10,1,UNCHANGED,0,11.899782585212588,2,1.0551581027672683,-1.493384009364928,1.2504612837487803,2.018257267705282,False,False,True
unigradicon,084b6fbb10,2,UNCHANGED,0,4.649767494542406,0,-1.0119815668202818,-8.964781172371511,9.389962174309623,10.271787961381419,False,False,True
unigradicon,084b6fbb10,3,UNCHANGED,0,20.584528787003997,3,2.26084543213899,-1.6615594934999192,-0.21652284703883592,3.114442197145446,False,False,True
unigradicon,084b6fbb10,4,UNCHANGED,0,11.634742381867497,2,0.1013981762928097,-1.495550419184184,-0.038830332255444584,1.1752811292067722,False,False,True
unigradicon,084b6fbb10,5,UNCHANGED,0,9.14951625587026,1,3.0294827586207473,-3.0303619572056566,-1.9215246820506184,4.715940582054079,False,False,True
unigradicon,084b6fbb10,6,UNCHANGED,0,5.615977772434039,1,4.500386100385276,-0.6454382004552952,-7.17081914206376,7.994410009839674,False,False,True
unigradicon,084b6fbb10,7,UNCHANGED,0,5.9044705037877,1,-0.22618527559995982,-0.4820294903460598,7.7488127488785405,6.131914516616558,False,False,True
unigradicon,084b6fbb10,8,UNCHANGED,0,10.78429855936793,2,3.316030534351216,2.1752650116111387,0.5790937376754646,4.502921664549359,False,False,True
unigradicon,084b6fbb10,9,UNCHANGED,0,20.019327160353647,3,2.600507794648661,0.8870372668447978,6.971341424033415,6.426572751993745,False,False,True
unigradicon,084b6fbb10,10,UNCHANGED,0,4.57475812793513,0,-1.2093385214007868,2.006941832281254,-0.34619993786154835,2.1946703574926456,False,False,True
unigradicon,084b6fbb10,11,UNCHANGED,0,9.262484656042252,1,0.5906522642285836,5.672815508690097,-2.930080876476185,5.051607653198574,False,False,True
unigradicon,084b6fbb10,12,UNCHANGED,0,7.43916667620551,1,-0.24707297513982668,0.47091853675404133,-2.897314176647454,2.3358850702972,False,False,True
unigradicon,084b6fbb10,14,UNCHANGED,0,5.615977772434039,1,-1.1865921787709794,-1.8573488435516028,-5.138067812565506,4.553965785469388,False,False,True
unigradicon,084b6fbb10,15,UNCHANGED,0,9.206347006532242,1,1.3258604554436488,7.2665568672940655,-6.254017647278195,7.70083803396946,False,False,True
unigradicon,084b6fbb10,16,UNCHANGED,0,20.367593035981955,3,6.240267834147858,-2.431182047274437,-0.10749685550414377,8.02855404788932,False,False,True
unigradicon,084b6fbb10,17,UNCHANGED,0,5.7638340635631335,1,-0.733333333333303,2.0026408450704194,-5.404759782953085,4.633713073286028,False,False,True
unigradicon,084b6fbb10,20,UNCHANGED,0,3.5056803043557636,0,-1.026086956521749,1.9760671240879921,-3.0809586295251687,3.152149398227593,False,False,True
unigradicon,084b6fbb10,21,UNCHANGED,0,4.792926298924718,0,-3.0720000000000027,1.6459027758446836,-5.175003099685756,5.750608950741296,False,False,True
unigradicon,084b6fbb10,22,UNCHANGED,0,13.250641228979074,2,-2.9580246913568544,-1.0958477473026706,5.274885610378824,5.632540323439893,False,False,True
unigradicon,084b6fbb10,23,UNCHANGED,0,17.135326246082194,2,-4.476292565403265,-1.3632744796613911,-0.8264804314306663,5.7329718145802415,False,False,True
unigradicon,084b6fbb10,24,UNCHANGED,0,13.949302483627218,2,-1.7336088413014294,-2.9409472081123886,-2.3435468866784577,3.6593183636150184,False,False,True
unigradicon,084b6fbb10,27,UNCHANGED,0,8.537667876129131,1,2.3748251748244003,0.04624207018940224,-0.2426384808158353,2.974917364394992,False,False,True
unigradicon,084b6fbb10,28,UNCHANGED,0,19.167362793467507,2,-2.038147943575177,1.4332935664155382,0.14494573682097014,2.7851101708218295,False,False,True
unigradicon,084b6fbb10,30,UNCHANGED,0,4.792926298924718,0,0.20000000000002274,0.48765604993600165,-0.13515922053232818,0.4678953797867747,False,False,True
unigradicon,084b6fbb10,31,UNCHANGED,0,6.70612517103314,1,1.5409836065573699,-0.09456187572572175,3.0750343014163852,3.0987531060851015,False,False,True
unigradicon,084b6fbb10,33,UNCHANGED,0,6.124987658991995,1,2.0454976303309422,3.3259991538524685,-2.450389998513714,4.12589628403006,False,False,True
unigradicon,084b6fbb10,34,UNCHANGED,0,19.236606520750424,2,-0.20957593064458707,-2.4309500859258035,0.47258748283809565,1.9524950993543753,False,False,True
unigradicon,084b6fbb10,35,UNCHANGED,0,7.496393284140886,1,2.594545454545005,-1.9222514841114602,2.631216513998792,4.1330333921401206,False,False,True
unigradicon,091d584fce,1,UNCHANGED,0,20.11232575847803,3,-4.184767705566264,11.180047085249674,-1.1165094601777044,10.216658000835036,False,False,True
unigradicon,0a09c8844b,1,MERGING,0,60.66589402029267,5,22.431051142855416,13.05300096312627,-33.20333331874533,39.70398076386921,False,True,False
unigradicon,0a09c8844b,2,MERGING,0,60.66589402029267,5,20.055964637665113,-1.5935544467156055,-20.86512283045698,30.017798578556025,False,True,False
unigradicon,0a09c8844b,3,UNCHANGED,0,24.19161051684997,3,-0.4243362336991595,0.9769873736962388,0.100412468492775,0.932648256792543,False,True,False
unigradicon,0a09c8844b,4,MERGING,0,60.66589402029267,5,-8.735073673554428,-8.253833031175173,11.992412039722037,15.821025916078556,False,True,False
unigradicon,0e01938fc4,1,UNCHANGED,0,3.307997430859504,0,-0.2255639097744279,3.395412189795477,2.4156746652157928,3.277856453064184,False,False,True
unigradicon,0e01938fc4,2,UNCHANGED,0,4.56325704370246,0,-3.4674033149171235,-1.1311285357175809,-0.3136587628991614,4.43028434843782,False,False,True
unigradicon,0e01938fc4,3,UNCHANGED,0,5.926356575983683,1,2.188432389310742,-2.0555989564053125,0.3690775816626267,3.185178613628565,False,False,True
unigradicon,0e01938fc4,4,UNCHANGED,0,4.334702899495093,0,-1.210762331838555,-0.5420020405534715,0.5435214461278578,1.6289960248718782,False,False,True
unigradicon,0e01938fc4,5,UNCHANGED,0,3.5634322097900317,0,1.9719298245614254,-0.3992505671990589,0.04149625191782173,2.48477220232653,False,False,True
unigradicon,0e01938fc4,6,UNCHANGED,0,4.7037523315275775,0,-1.6053913043471995,-1.8307244187702285,1.3912584983051186,2.697456146506887,False,False,True
unigradicon,0e01938fc4,7,UNCHANGED,0,3.7867117734347047,0,1.2516129032258276,0.12235098027069394,-0.31488707292476015,1.5869993871211925,False,False,True
unigradicon,0e01938fc4,8,UNCHANGED,0,6.133738074627729,1,-0.012046158177054168,-1.1873434314634816,-1.9690906706453644,1.8093789468280908,False,False,True
unigradicon,0e01938fc4,9,UNCHANGED,0,5.410339475137466,1,-0.15135135135133168,-1.9125489526012978,1.3330375289733616,1.8366130318323968,False,False,True
unigradicon,0e51011a4c,2,UNCHANGED,0,19.18187502337387,2,-3.2531825739951614,-12.605754825913827,10.663004175829276,13.573597754959396,False,False,True
unigradicon,0e51011a4c,3,UNCHANGED,0,18.61236563214141,2,4.593654932639367,-9.960705896116629,6.268245988064258,10.860407549200636,False,False,True
unigradicon,0e51011a4c,4,UNCHANGED,0,6.6299026121690945,1,-4.291666666666686,-18.560626900608195,5.350568196820894,16.022805700189448,False,False,True
unigradicon,0e51011a4c,5,UNCHANGED,0,28.869200760855747,3,5.518108291167096,-0.708422240756938,-5.78950178506719,8.291523067998897,False,False,True
unigradicon,0e51011a4c,6,UNCHANGED,0,4.34381505382131,0,4.5,-11.392534499928692,6.9293667425207115,11.86163615216681,False,False,True
unigradicon,0e51011a4c,7,UNCHANGED,0,7.641685903989372,1,-2.4081632653057454,-2.1835218562458993,4.872582350431057,5.171983287631192,False,False,True
unigradicon,0e51011a4c,9,UNCHANGED,0,4.34381505382131,0,-0.2857142857142776,-3.145847941182444,2.5638522994753954,3.202496767140061,False,False,True
unigradicon,0e51011a4c,10,UNCHANGED,0,34.73794697248233,4,-8.442723125234693,0.8193994305775274,-0.7934419349578121,10.591306784348909,False,False,True
unigradicon,0e51011a4c,11,UNCHANGED,0,3.5709230447975253,0,-7.419354838709694,-5.105128264700595,-5.883836641590685,11.111213270342502,False,False,True
unigradicon,0e51011a4c,12,UNCHANGED,0,33.7757367731772,4,-7.574256878058179,-7.43811814852862,-0.5266413714736637,11.115698471682247,False,False,True
unigradicon,0e65972dce,2,UNCHANGED,0,9.20331030895917,1,-0.2291839712658657,0.8370549549033303,-0.5596368356356002,0.839295009815207,True,False,True
unigradicon,0e65972dce,4,UNCHANGED,0,4.611790991532233,0,0.11452282157679292,0.043131841062134926,-0.18194429365098586,0.2055126305702503,True,False,True
unigradicon,0e65972dce,5,UNCHANGED,0,6.237123865652535,1,-0.7260348162486707,0.7067827468814137,-0.04607485235767228,1.0628536273991211,True,False,True
unigradicon,0f49c89d1e,2,UNCHANGED,0,4.330993688925495,0,20.854545454545452,5.689538043478538,1.1652441378368725,26.460164594729846,True,False,True
unigradicon,0f49c89d1e,3,UNCHANGED,0,3.045848290099384,0,-2.1306122448979523,0.05385651980063824,2.3126579231978077,3.2286582841459084,True,False,True
unigradicon,0f49c89d1e,4,UNCHANGED,0,6.059802296439426,1,4.2822193097412535,-0.4121862901763664,-1.0786715744860373,5.429562152462605,True,False,True
unigradicon,0f49c89d1e,6,UNCHANGED,0,5.57284501991219,1,2.670597127739325,8.665042276869222,1.7098205154822788,7.6656047757897925,True,False,True
unigradicon,0f49c89d1e,7,UNCHANGED,0,10.555845296841717,2,-47.186628252617524,-8.364754395527372,0.9193040416579636,59.3483991659762,True,False,True
unigradicon,11364907cf,2,UNCHANGED,0,16.918948493361363,2,2.0364508752863912,4.604409648295136,-3.5186374933943556,5.207565659698444,False,False,True
unigradicon,11364907cf,4,UNCHANGED,0,16.636581801420654,2,-4.21406955630996,-0.25519704707325397,1.317077982290624,5.372809317484714,False,False,True
unigradicon,11364907cf,5,UNCHANGED,0,10.296257653749272,2,3.306049975501628,-5.726741915570635,-0.8959959921731739,6.130404423392457,False,False,True
unigradicon,11364907cf,6,UNCHANGED,0,2.5607958045271926,0,0.9126760563380003,0.2650989161601992,-0.5897413154465027,1.249361256026102,False,False,True
unigradicon,11364907cf,7,UNCHANGED,0,24.329688042034544,3,3.8019305645693295,-0.05855601079840738,-6.232564387300009,6.838805676950092,False,False,True
unigradicon,11364907cf,8,UNCHANGED,0,2.1598588307059075,0,-1.076014760147632,0.3358147177819009,-1.114199295510429,1.6280919437151435,False,False,True
unigradicon,115f895031,3,UNCHANGED,0,5.70334688611576,1,10.829447852760733,6.146219932679975,-10.57960163859249,16.612183207798896,False,False,True
unigradicon,115f895031,13,UNCHANGED,0,37.30555021874854,4,8.968529080860748,-14.8922392656311,-8.164634132335477,17.391186532200717,False,False,True
unigradicon,115f895031,18,UNCHANGED,0,7.185766796669625,1,-0.05314888969733147,0.3679660078289916,-0.3157842687379634,0.3861081015791633,False,False,True
unigradicon,115f895031,20,UNCHANGED,0,7.493697378177614,1,-3.4166478682608044,-2.4313193222806153,3.973226115023256,5.6278709327967515,False,False,True
unigradicon,115f895031,25,UNCHANGED,0,11.577991008008263,2,2.496900650369412,-3.882186177127457,-3.030709174512691,4.9651135603425764,False,False,True
unigradicon,11b9842e0a,1,UNCHANGED,0,21.471435852449105,3,-0.3274478330640136,1.8159485651320704,-8.384082822047073,6.777739750092106,False,False,True
unigradicon,11b9842e0a,2,UNCHANGED,0,49.732479429007455,4,1.658722469805582,0.14029993897241683,-3.9787723105063955,3.763762205064073,False,False,True
unigradicon,11b9842e0a,3,UNCHANGED,0,8.184109611012412,1,-6.0,8.854513879224227,-9.246581878777386,12.54183045483632,False,False,True
unigradicon,11b9842e0a,4,UNCHANGED,0,14.565931866736928,2,-2.6510282776347935,15.60736381336107,-5.576406421689699,13.3760816239628,False,False,True
unigradicon,1385974ed5,1,UNCHANGED,0,10.082114930252384,2,2.7659377530951588,-1.4535251187820502,-0.7021393993956984,3.680945125471347,False,False,True
unigradicon,1385974ed5,2,UNCHANGED,0,7.044323616043998,1,0.7396331738441404,-3.171606022379796,2.7725412472865836,3.4315792128400617,False,False,True
unigradicon,1385974ed5,4,UNCHANGED,0,6.234309423228409,1,-0.9851503344849561,-1.3481244638582892,5.901814854542108,4.930344422846593,False,False,True
unigradicon,1385974ed5,5,UNCHANGED,0,6.7083586392008865,1,-0.915485829960403,-2.21369990724949,1.6304967776334234,2.4400065351869635,False,False,True
unigradicon,1385974ed5,6,UNCHANGED,0,5.277306479267659,1,0.8378378378380376,0.16713478574504834,-0.05979918245133844,1.056454637434515,False,False,True
unigradicon,13c022b0b3,1,UNCHANGED,0,21.195811781632276,3,0.2861937842061707,6.0771304956125745,-6.045426600201775,6.738408723998665,False,False,True
unigradicon,13c022b0b3,2,UNCHANGED,0,25.571123511632834,3,-1.6130292806596116,-1.9911851769072966,-1.0034513796869748,2.6665749166725115,False,False,True
unigradicon,13fe9d8431,1,UNCHANGED,0,6.740162875085761,1,0.3893653516297263,-0.6774074865187971,-0.6375732153846309,0.8774037819482866,False,False,True
unigradicon,13fe9d8431,5,UNCHANGED,0,11.7060347517983,2,-0.39644742766042784,-1.382291267024954,-1.0769130504521365,1.46048376912382,False,False,True
unigradicon,13fe9d8431,7,UNCHANGED,0,11.987020100782518,2,2.3215841584166355,0.33341474852471775,0.5601719422178868,2.9469710061489787,False,False,True
unigradicon,13fe9d8431,8,UNCHANGED,0,10.200217845372588,2,-1.1899022022093733,-2.804754712107609,-0.1536556591705045,2.6505356866601026,False,False,True
unigradicon,140f6969d5,1,UNCHANGED,0,24.012926012014457,3,3.5661016949152895,-0.3397412605070512,3.360130833293667,5.193207501687103,False,False,True
unigradicon,140f6969d5,2,UNCHANGED,0,37.514343159679,4,-2.713668131709994,14.74234192797448,4.803467656899232,12.58716545316233,False,False,True
unigradicon,1534b76d32,1,UNCHANGED,0,27.363616156026847,3,1.9572021375047484,-3.4531500776699318,2.283355991334134,4.062554224119127,True,False,True
unigradicon,1534b76d32,2,UNCHANGED,0,23.481064557305423,3,-0.8959098423310934,-1.230867411235928,-3.291370247538859,2.986988968484685,True,False,True
unigradicon,1534b76d32,3,UNCHANGED,0,9.028872100657459,1,11.15703947368321,-3.9131592833385813,11.296856306600446,16.8310715565369,True,False,True
unigradicon,1534b76d32,4,UNCHANGED,0,4.333000431541715,0,3.31991247264848,-10.03321649048325,-3.173994463614979,9.213848635262556,True,False,True
unigradicon,1534b76d32,5,UNCHANGED,0,4.933663577627941,0,0.7488931056305319,1.8742627938217749,4.375739042303355,3.865034160781385,True,False,True
unigradicon,1534b76d32,7,UNCHANGED,0,8.997080034241666,1,10.794108019639975,15.178733808749028,-4.141640647634123,18.255430683672948,True,False,True
unigradicon,1534b76d32,9,UNCHANGED,0,7.768027555636282,1,5.615911845729284,1.2290831596871146,0.7514091525206132,7.109976992291291,True,False,True
unigradicon,1534b76d32,10,UNCHANGED,0,14.269301745060595,2,-3.2435478260870356,-7.2594681505814505,0.3531669701300846,6.975740584845241,True,False,True
unigradicon,1534b76d32,11,UNCHANGED,0,2.8538603490121193,0,2.5155080213904055,3.2598533134881214,2.0564582231959454,4.359088137674723,True,False,True
unigradicon,1534b76d32,12,UNCHANGED,0,9.260481910645751,1,-3.666290782387216,-13.216532611098287,1.2056219272401705,11.333732065035871,True,False,True
unigradicon,1534b76d32,13,UNCHANGED,0,4.8251960838559365,0,-1.766537310123158,14.663546836595431,-15.015321900745997,16.624774075610105,True,False,True
unigradicon,1534b76d32,14,UNCHANGED,0,12.390137654506693,2,0.9236329887332204,4.059932263735456,0.439045578344157,3.3921941130869766,True,False,True
unigradicon,158f3069a4,1,UNCHANGED,0,2.074526081016207,0,1.2,-0.5442126095735264,1.3496642155966783,1.888022972790157,False,False,True
unigradicon,158f3069a4,2,UNCHANGED,0,6.274385211458333,1,4.616205396666226,-0.2594618048667292,-6.730716520569302,7.844661324106468,False,False,True
unigradicon,158f3069a4,3,UNCHANGED,0,6.493433890865448,1,2.9842331581474126,0.23712855672326694,-8.930794360365446,7.975028496858699,False,False,True
unigradicon,158f3069a4,4,UNCHANGED,0,8.15146391320701,1,8.69085280916263,5.731285760398305,-3.8521353699853504,12.136325627676891,False,False,True
unigradicon,158f3069a4,5,UNCHANGED,0,3.6985212762589987,0,-0.23275595952750336,3.8335331531779255,-1.9572902915242776,3.381344442313851,False,False,True
unigradicon,158f3069a4,7,UNCHANGED,0,8.341100450806675,1,-11.135664335664455,9.928330912045684,3.856457230982432,16.22152707887729,False,False,True
unigradicon,158f3069a4,8,UNCHANGED,0,4.469430954317211,0,3.563963963963977,0.14742555455552683,-2.421846900369653,4.848832802247429,False,False,True
unigradicon,158f3069a4,9,UNCHANGED,0,10.039331307628503,2,-0.023529411764718587,-1.4527240628762665,-3.2740508275557536,2.821557768092816,False,False,True
unigradicon,158f3069a4,10,UNCHANGED,0,11.633142239124117,2,1.305902713064762,0.8768877088886884,-1.6529197445130082,2.198748415351916,False,False,True
unigradicon,158f3069a4,13,UNCHANGED,0,6.654113623331186,1,1.082114016151013,3.3580171776343493,-5.942463867097766,5.539922365077681,False,False,True
unigradicon,158f3069a4,14,UNCHANGED,0,7.323799696706068,1,0.23736263736264504,-1.9343977285515241,0.8350374821235867,1.6746697505288723,False,False,True
unigradicon,158f3069a4,15,UNCHANGED,0,8.014821391354012,1,0.9868593448933553,-0.11872766048124474,-1.1741823137599923,1.5455017587480828,False,False,True
unigradicon,158f3069a4,16,UNCHANGED,0,3.3821505204783033,0,6.023225806451609,1.270847117728229,-2.4635645414850256,7.838980750116742,False,False,True
unigradicon,158f3069a4,17,UNCHANGED,0,5.190921168729122,1,13.96534809323117,18.73937971987701,-23.937237608761,29.59107229235476,False,False,True
unigradicon,158f3069a4,19,UNCHANGED,0,2.074526081016207,0,1.207894736842127,9.8522563404503,5.440569028917647,8.939421195056541,False,False,True
unigradicon,158f3069a4,20,UNCHANGED,0,7.415128303120079,1,1.2525547445256051,-0.6914817016728335,-1.1914707560852162,1.9044104897932117,False,False,True
unigradicon,158f3069a4,22,UNCHANGED,0,6.197860684215109,1,-3.135781637717116,0.27331799835996295,-8.120169614078467,7.513793267695265,False,False,True
unigradicon,158f3069a4,23,UNCHANGED,0,8.210749370117219,1,-1.5509898933970476,-0.9427468195052938,3.2157097056152764,3.2769157486468083,False,False,True
unigradicon,158f3069a4,25,UNCHANGED,0,2.2833113984833324,0,1.2147692307692068,-1.3983897924258872,0.3822389587598751,1.8945856979175721,False,False,True
unigradicon,158f3069a4,26,UNCHANGED,0,3.1989641713420256,0,1.5870967741935373,4.987274080198263,-10.322690551953043,9.243473381924238,False,False,True
unigradicon,158f3069a4,27,UNCHANGED,0,11.705987858350776,2,-0.535869638107215,2.7370498562226095,3.1942925948824628,3.3719527460808023,False,False,True
unigradicon,158f3069a4,29,UNCHANGED,0,11.431758817287754,2,0.38960388811253777,1.4325742014710714,0.3038635030481615,1.2435662180200076,False,False,True
unigradicon,16a5cdae36,1,UNCHANGED,0,7.782579858598396,1,1.337924380390382,-2.1874468020077535,-3.3076489855978575,3.539247636689476,False,False,True
unigradicon,16a5cdae36,4,UNCHANGED,0,11.354594484309773,2,-5.815041282565085,0.8127250619998085,-2.3341638124157083,7.525294909503084,False,False,True
unigradicon,16a5cdae36,5,UNCHANGED,0,9.576835889321933,1,4.661064220184267,-5.1559540337315,-2.194794155736862,7.291090641774236,False,False,True
unigradicon,16a5cdae36,6,UNCHANGED,0,4.679552333347319,0,-5.0328358208955475,-11.573478566446568,-2.1732705801515246,11.14535554835033,False,False,True
unigradicon,16a5cdae36,8,UNCHANGED,0,7.8306216916703235,1,0.75008078787356,3.891244813636563,-1.11735366422275,3.300333193146484,False,False,True
unigradicon,16a5cdae36,9,UNCHANGED,0,29.97300981532191,3,0.618418359333873,-1.325588497419403,-5.4663435667323,4.502318728135436,False,False,True
unigradicon,16a5cdae36,10,UNCHANGED,0,8.324095149175367,1,-6.9204231699807455,-3.5090859275646027,-2.1316370251727554,9.228823156311046,False,False,True
unigradicon,16a5cdae36,11,UNCHANGED,0,8.84067912622245,1,-4.555831014419868,7.106621450004492,-8.654751994041764,10.481693561464523,False,False,True
unigradicon,16a5cdae36,12,UNCHANGED,0,7.46353216053527,1,3.1857158700244668,3.79473849287332,0.24709275689678464,4.967791094592909,False,False,True
unigradicon,16a5cdae36,13,UNCHANGED,0,6.936652057952627,1,-5.765182186234552,-3.557413676020312,-1.1582938010669503,7.777383674024561,False,False,True
unigradicon,16a5cdae36,14,UNCHANGED,0,20.890772348626864,3,-1.2625772093825276,1.257303564367619,0.3074472525766258,1.8745292799478042,False,False,True
unigradicon,16a5cdae36,15,UNCHANGED,0,13.009309339754312,2,13.72515023550351,7.635276344301787,11.800966077627438,20.41069678622282,False,False,True
unigradicon,16a5cdae36,16,UNCHANGED,0,5.895866488868958,1,-0.9877386934673268,-0.9344135134008387,-2.0345278214130227,2.1526253859198663,False,False,True
unigradicon,16a5cdae36,17,UNCHANGED,0,6.640207136467149,1,-5.875510791366923,-2.3653407219806533,2.326952601416971,7.792524891289337,False,False,True
unigradicon,16a5cdae36,18,UNCHANGED,0,20.449945082906105,3,2.209059491174571,-4.181853808808598,7.6417761564878415,7.392228942296515,False,False,True
unigradicon,16a5cdae36,19,UNCHANGED,0,11.628036570851846,2,-10.51917360598652,-5.185767303659086,0.3839832598370541,13.76191492358538,False,False,True
unigradicon,16a5cdae36,20,UNCHANGED,0,11.656836779066648,2,8.041025737259451,-3.6857721594026627,2.0955037119534845,10.585278302679919,False,False,True
unigradicon,16a5cdae36,21,UNCHANGED,0,8.90267749907779,1,-0.5238068706662489,-2.253621727842931,-4.886067801067576,4.28817434089937,False,False,True
unigradicon,16a5cdae36,24,UNCHANGED,0,6.854553789486502,1,2.0333481152982698,-2.9995178649333814,-1.116723287545193,3.5671243090823403,False,False,True
unigradicon,16a5cdae36,25,UNCHANGED,0,10.619141221420666,2,-1.3843564210246313,1.093752887573109,-2.1199615800092224,2.5537995652194776,False,False,True
unigradicon,16a5cdae36,26,UNCHANGED,0,9.00011536041892,1,3.5046645726876138,-14.658267013171878,-24.782990923281258,23.078152591171815,False,False,True
unigradicon,16a5cdae36,27,UNCHANGED,0,27.019074960330638,3,1.4754063838327967,2.9853450436784894,1.177164981147177,3.1144938532933186,False,False,True
unigradicon,16a5cdae36,28,UNCHANGED,0,11.43725824113794,2,6.024302553133339,-1.777204462948985,3.2982023375217584,8.087335795005865,False,False,True
unigradicon,16a5cdae36,29,UNCHANGED,0,12.968817674819354,2,-2.083113200964726,-3.8794439433747865,-1.7377918503548206,4.223763721459005,False,False,True
unigradicon,16a5cdae36,30,UNCHANGED,0,11.770638598207347,2,-1.1830113992776887,-4.855486154825019,-1.9695984718269473,4.356832128520307,False,False,True
unigradicon,16a5cdae36,31,UNCHANGED,0,29.25185415545531,3,9.482424845011213,2.4097766543372945,4.621153313990543,12.543140560773454,False,False,True
unigradicon,16a5cdae36,32,UNCHANGED,0,8.914974030588908,1,-0.10496686032254274,-2.4195482919483946,1.029176462625355,2.060930549497596,False,False,True
unigradicon,16a5cdae36,33,UNCHANGED,0,19.49857444172604,2,-8.153890842378939,-15.43304952983173,-12.647820314121669,18.67477514645272,False,False,True
unigradicon,16a5cdae36,35,UNCHANGED,0,7.392783521843225,1,-3.3825530731435265,-4.546808877051263,-0.7603437348243111,5.554053159512477,False,False,True
unigradicon,16a5cdae36,36,UNCHANGED,0,15.771871372868551,2,4.407542773936098,5.802330535359665,2.3927037670544498,7.379250329460474,False,False,True
unigradicon,16a5cdae36,37,UNCHANGED,0,18.252700424515776,2,8.328212367540118,-6.794083039827323,-0.0013192237189361157,11.684569399462609,False,False,True
unigradicon,16a5cdae36,38,UNCHANGED,0,4.344111571354309,0,-1.9147826086956456,-5.305287754193279,-5.7970722359659455,6.619457518669082,False,False,True
unigradicon,16a5cdae36,39,UNCHANGED,0,10.033550913681891,2,13.864980237154304,7.11296537816989,27.744241061476114,28.467754268924814,False,False,True
unigradicon,16a5cdae36,40,UNCHANGED,0,16.993113775067275,2,1.2820451624747988,-4.261872795071714,-6.775811988038496,6.498323081479209,False,False,True
unigradicon,16a5cdae36,41,UNCHANGED,0,16.368877485919516,2,2.326666953788947,3.2002059643541823,-0.9841427051146205,3.9125623447856452,False,False,True
unigradicon,16a5cdae36,42,UNCHANGED,0,8.714004371399575,1,-1.4916814159288152,-1.108046851741936,1.6524703262225031,2.43423957558364,False,False,True
unigradicon,16a5cdae36,43,UNCHANGED,0,16.686833630341315,2,0.5607827869435255,-0.9987969963992954,5.114974749726988,4.169755548447569,False,False,True
unigradicon,16a5cdae36,44,UNCHANGED,0,20.650991331305715,3,3.67736586493952,-7.82583891230018,-1.1182725721157547,7.698344207095621,False,False,True
unigradicon,16a5cdae36,45,UNCHANGED,0,28.46680068460363,3,-2.0550741392129113,-1.1626777120449614,16.577949078648675,13.360761861729696,False,False,True
unigradicon,16a5cdae36,46,UNCHANGED,0,13.933886998451058,2,-0.8876670774481908,0.8573622315424666,-3.1982405126039164,2.83674942071295,False,False,True
unigradicon,16a5cdae36,47,UNCHANGED,0,7.302398133641991,1,6.78378555083251,9.394631524862417,6.644006413210678,12.378218642443258,False,False,True
unigradicon,16a5cdae36,48,UNCHANGED,0,11.185556417017112,2,2.337184311128533,-1.8629727353640708,-6.786515549083027,6.270832516432249,False,False,True
unigradicon,1700002963,1,UNCHANGED,0,7.214578515355844,1,-1.6395802098961212,-2.8487776758228796,0.6864537471437322,3.073085062447086,False,False,True
unigradicon,1700002963,2,UNCHANGED,0,8.528962750681298,1,2.7547368421048075,-1.160874769400201,-2.398978449570291,4.032594641486893,False,False,True
unigradicon,1700002963,4,UNCHANGED,0,8.818298228671432,1,1.0968017057571842,-1.525505930198408,2.1014698136680976,2.4593272837368265,False,False,True
unigradicon,1700002963,5,UNCHANGED,0,7.283621739358033,1,-0.7275288092195297,1.706474368853209,-1.2269428435093814,1.881596219431215,False,False,True
unigradicon,1700002963,9,UNCHANGED,0,26.883388359407373,3,2.409156766154729,4.478033642068875,-9.788155123315509,8.996816308827325,False,False,True
unigradicon,1700002963,10,UNCHANGED,0,18.53488465986193,2,-1.7472952853594506,-0.8525247723601398,-1.0667494896726597,2.433535609233652,False,False,True
unigradicon,1732cb4372,1,UNCHANGED,0,8.05561763565621,1,-2.6923361717882015,-4.184125851039032,-5.092341708130209,6.176387680670366,False,False,True
unigradicon,1732cb4372,2,UNCHANGED,0,11.078947780652397,2,-4.148350111425884,-9.071666746468589,-0.14499829561373934,8.780585180261832,False,False,True
unigradicon,1732cb4372,3,UNCHANGED,0,10.843779372495552,2,12.309891877401423,-4.598419264694283,-4.096201088649722,16.128053121462063,False,False,True
unigradicon,18bbcaa5ef,2,UNCHANGED,0,7.4039243281799765,1,1.123223930202903,-4.037553961596489,-5.343074803475271,5.448559117639609,False,False,True
unigradicon,18bbcaa5ef,3,UNCHANGED,0,9.722492778537765,1,1.493784761857364,-4.5119694781085204,-8.983286942343513,8.132721319391562,False,False,True
unigradicon,18bbcaa5ef,5,UNCHANGED,0,4.609940486558015,0,-0.06428571428573378,-0.670527068662,-0.9496420508555086,0.9176609585054708,False,False,True
unigradicon,18bbcaa5ef,7,UNCHANGED,0,6.648684685881022,1,1.579487179486773,-1.971464201877683,0.44126368983817404,2.527849774487899,False,False,True
unigradicon,18bbcaa5ef,8,UNCHANGED,0,4.681982442975188,0,-0.2796992481203233,0.15991959532324976,2.626185086051717,2.1050579742396565,False,False,True
unigradicon,18bbcaa5ef,9,UNCHANGED,0,9.755283896191143,1,-1.6166779845169685,3.328258781775116,4.8458941651658325,5.045692947919107,False,False,True
unigradicon,18bbcaa5ef,12,UNCHANGED,0,5.853896492469077,1,0.8689655172413723,-7.334790998396045,-2.3149153500721185,6.109928016389206,False,False,True
unigradicon,18bbcaa5ef,15,UNCHANGED,0,6.467923655483854,1,-2.354550593555814,0.37358478172616066,-1.2251136896101142,3.1115640077338926,False,False,True
unigradicon,18bbcaa5ef,19,UNCHANGED,0,5.808161057777056,1,-0.3955182072837943,-1.724424364816579,-1.1820971259223358,1.7111736235664214,False,False,True
unigradicon,18bbcaa5ef,22,UNCHANGED,0,5.465688816911955,1,-3.2375510204082047,-0.13440015090592086,0.6348451928296703,4.079169655326445,False,False,True
unigradicon,18bbcaa5ef,23,UNCHANGED,0,7.288669389944517,1,-2.6126438337624904,-6.590158803436847,4.063094669445614,6.8871794805510085,False,False,True
unigradicon,18bbcaa5ef,25,UNCHANGED,0,10.192893962955353,2,-2.1552591877379994,-8.266762949081132,-0.08506153625080012,6.996205337087503,False,False,True
unigradicon,18bbcaa5ef,26,UNCHANGED,0,3.3418392038630587,0,-3.5196652719665282,-2.5603041299575797,-0.7973284722663818,4.873444919382588,False,False,True
unigradicon,18bbcaa5ef,27,UNCHANGED,0,5.567874809899799,1,3.6869022869021135,-0.37171198317802245,-0.8403050265280163,4.66511509083842,False,False,True
unigradicon,18bbcaa5ef,28,UNCHANGED,0,4.609940486558015,0,2.4,-1.4615861286139291,0.3919669510043427,3.224695702178594,False,False,True
unigradicon,18bbcaa5ef,32,UNCHANGED,0,5.073896036116155,1,-2.0316831683168175,-0.8183187927062217,-0.21069456339614898,2.6240581319748064,False,False,True
unigradicon,18bbcaa5ef,34,UNCHANGED,0,6.114405640337356,1,-1.350910093768198,-2.1366586342372123,-0.14687313433734736,2.3768859827761206,False,False,True
unigradicon,18bbcaa5ef,36,UNCHANGED,0,6.752587166567796,1,-1.1540883697309028,-1.4460213860616669,2.0280659433835044,2.43248860220661,False,False,True
unigradicon,18bbcaa5ef,38,UNCHANGED,0,5.898928235142662,1,1.3839323467219855,-0.6424148750855224,-1.7952722941904822,2.291445659678878,False,False,True
unigradicon,18bbcaa5ef,39,UNCHANGED,0,2.652419533860395,0,-1.2317180616740415,0.9263316684246381,0.0,1.7011514675883557,False,False,True
unigradicon,18bbcaa5ef,40,UNCHANGED,0,5.853896492469077,1,-7.346394699232849,-10.315994050407157,-3.5371284584602884,12.531072872829823,False,False,True
unigradicon,18bbcaa5ef,41,UNCHANGED,0,8.420907116621985,1,6.349784482758627,0.35285671802907437,-7.041139237129747,9.692197775386614,False,False,True
unigradicon,18bbcaa5ef,44,UNCHANGED,0,3.0362624176366633,0,1.0144329896907265,-2.489404856976908,0.15327334287168967,2.3243418189572287,False,False,True
unigradicon,18bbcaa5ef,46,UNCHANGED,0,4.751873081919798,0,1.2067685076385941,-4.138015704390713,0.05415898260998869,3.566755918127446,False,False,True
unigradicon,18bbcaa5ef,50,UNCHANGED,0,7.346748885563282,1,0.6866443157583945,-4.494321297718935,-9.902950327991178,8.608536351272452,False,False,True
unigradicon,19f3cd308f,2,MERGING,0,57.050932850720876,5,-6.854048579176879,12.024236595812944,41.228145055449495,34.92461740202374,False,True,False
unigradicon,19f3cd308f,3,MERGING,0,57.050932850720876,5,-1.5690866720181247,-0.1980985220791702,-2.7406689429049678,2.9234883670873706,False,True,False
unigradicon,1afa34a7f9,1,UNCHANGED,0,48.622954355637354,4,32.37237919818176,26.469185316111453,8.824004716596873,45.970376241227974,False,True,False
unigradicon,1afa34a7f9,2,UNCHANGED,0,152.99260097359124,5,122.28248339492022,0.5710631621037849,-3.21713385067426,152.87482936890189,False,True,False
unigradicon,1afa34a7f9,3,UNCHANGED,0,15.742393698973363,2,21.891324687629538,-0.14938719712495596,-5.741882133233769,27.736882737036925,False,True,False
unigradicon,1afa34a7f9,4,UNCHANGED,0,8.387938494188182,1,39.45560206845505,-5.226603975145451,-1.7769176294995617,49.50799377522745,False,True,False
unigradicon,1c9ac0159c,1,UNCHANGED,0,13.190702474509148,2,0.07802675004410276,-1.3397554544187693,2.4909727189443704,2.2286919127979408,False,False,True
unigradicon,1c9ac0159c,3,UNCHANGED,0,7.956601309221258,1,1.9742666525468167,-1.2886014872845928,0.7907473357249816,2.7372045044392803,False,False,True
unigradicon,1c9ac0159c,4,UNCHANGED,0,16.392189076862543,2,-0.256010782923795,-2.0519095217390837,3.297830845796642,3.072603409172312,False,False,True
unigradicon,1c9ac0159c,5,UNCHANGED,0,10.857986149673632,2,-1.7107354184277028,-1.6566069165317223,-1.0500410257018373,2.6330902651216825,False,False,True
unigradicon,1c9ac0159c,6,UNCHANGED,0,9.338057343850448,1,0.38452154022064633,0.22652959965062386,-4.938241013613283,3.9297917969071063,False,False,True
unigradicon,1c9ac0159c,7,UNCHANGED,0,8.263660617424954,1,13.567198408148613,-5.344054369091982,-1.0910181842302293,17.486235694442406,False,False,True
unigradicon,1c9ac0159c,8,UNCHANGED,0,13.740648827655317,2,-2.0786901865378127,-5.209007515007952,2.21977183420741,5.135116914383318,False,False,True
unigradicon,1c9ac0159c,9,UNCHANGED,0,13.341343420639694,2,-1.3555792777846136,-4.422288004309679,-2.461553859455706,4.309528226836511,False,False,True
unigradicon,1c9ac0159c,10,MERGING,0,31.930754853119787,4,-14.181346805823523,-1.4863291784842205,7.667796391788629,18.76656611621786,False,False,True
unigradicon,1c9ac0159c,12,UNCHANGED,0,4.948729427573818,0,1.2147140221402424,-1.5382828409150124,-0.14851976511090967,1.9397440102603376,False,False,True
unigradicon,1c9ac0159c,13,UNCHANGED,0,9.309011876767794,1,2.6264176821232468,-6.499574720691641,-1.6506284560157898,6.1839970047879955,False,False,True
unigradicon,1c9ac0159c,15,MERGING,0,31.930754853119787,4,-5.053795785415332,-3.7641499178555464,-5.641703976799859,8.26825995131054,False,False,True
unigradicon,1c9ac0159c,16,UNCHANGED,0,10.269888479363651,2,-0.30582394704606486,1.747467853568257,1.67925382892099,1.9401506403236317,False,False,True
unigradicon,1c9ac0159c,17,UNCHANGED,0,5.240486205353348,1,2.9384615384615387,5.1674228060668455,-9.06492212635281,8.996284353694726,False,False,True
unigradicon,1c9ac0159c,18,UNCHANGED,0,9.897458855147635,1,-0.3518145161290249,0.7319011150388098,-0.864726920469673,0.9927896017288141,False,False,True
unigradicon,1c9ac0159c,19,MERGING,0,31.930754853119787,4,-4.828331442374747,18.319372324052086,7.33130408135997,16.57069834773219,False,False,True
unigradicon,1c9ac0159c,20,UNCHANGED,0,10.012111432445382,2,-0.9029805851781703,-1.7349949030452965,0.19943099644255924,1.7705621127145794,False,False,True
unigradicon,1c9ac0159c,21,UNCHANGED,0,5.374915844043188,1,-1.6041275797373373,1.8839377568930031,0.6851173321248173,2.5451431568764455,False,False,True
unigradicon,1c9ac0159c,22,UNCHANGED,0,9.38128970714011,1,-1.1678278264471373,-1.5166058905555295,1.2691141880410464,2.1299302477736246,False,False,True
unigradicon,1c9ac0159c,23,UNCHANGED,0,70.02844795838546,5,0.725681544723102,-6.90467478837107,4.784205073163577,6.644628340606211,False,False,True
unigradicon,1c9ac0159c,24,UNCHANGED,0,11.837729724867277,2,3.454359923064544,0.553263420543954,0.38081684388521003,4.349905699593229,False,False,True
unigradicon,1c9ac0159c,25,UNCHANGED,0,34.96627617897924,4,-5.509311077983739,1.1422119239062443,1.9530480851440792,7.113095049778229,False,False,True
unigradicon,1c9ac0159c,26,UNCHANGED,0,18.98933948030525,2,-3.1888008387037985,3.1943496023752007,-1.759165662609703,4.902923612611361,False,False,True
unigradicon,1c9ac0159c,27,UNCHANGED,0,8.702154695441402,1,-2.6247493274640874,1.716376092881382,-0.9332426002436751,3.619894695233054,False,False,True
unigradicon,1d7f7abc18,1,UNCHANGED,0,11.218909263600644,2,186.0929709955579,-10.642956111777547,-4.414831407581674,232.79073887482846,True,False,False
unigradicon,1ff8a7b5dc,1,UNCHANGED,0,11.863000555815985,2,-8.281148208469052,4.109321226005863,16.355104128378887,16.85141297514926,False,False,True
unigradicon,1ff8a7b5dc,2,UNCHANGED,0,8.710277778700224,1,-13.776392936740217,0.5811978982939562,-15.943298844398889,21.330476033075097,False,False,True
unigradicon,1ff8a7b5dc,3,UNCHANGED,0,16.683015764927536,2,0.5496706702828504,-1.0618974237324124,-5.626234521594501,4.567876817096684,False,False,True
unigradicon,1ff8a7b5dc,4,UNCHANGED,0,6.528460798150151,1,7.261111111111108,12.198857659656863,-6.934090621446764,14.250692735450333,False,False,True
unigradicon,1ff8a7b5dc,5,UNCHANGED,0,11.069695481978094,2,-3.88436317780571,0.5774867083146058,0.05580569710185479,4.876554974632888,False,False,True
unigradicon,1ff8a7b5dc,6,UNCHANGED,0,10.483334271798158,2,6.783472977294309,1.7355743050009156,-5.486250417814295,9.616329219445593,False,False,True
unigradicon,1ff8a7b5dc,7,UNCHANGED,0,5.931500277907992,1,0.3388888888888687,-3.9252645723174555,0.49920681897266816,3.1197244333635616,False,False,True
unigradicon,1ff8a7b5dc,8,UNCHANGED,0,12.787898133417949,2,4.919005544006677,-3.746994725826542,3.7505173499858975,7.424800522158199,False,False,True
unigradicon,1ff8a7b5dc,9,UNCHANGED,0,10.390203284403087,2,0.3362126245846241,-0.12022304132533534,1.1010931215357223,0.969632755564953,False,False,True
unigradicon,1ff8a7b5dc,10,UNCHANGED,0,6.494279748837097,1,4.439229989867181,0.24457995420390083,8.45247247942089,8.677780591602877,False,False,True
unigradicon,1ff8a7b5dc,11,UNCHANGED,0,11.674667067777285,2,1.151532430504858,6.656499882766043,4.609871906044694,6.505983146449779,False,False,True
unigradicon,1ff8a7b5dc,12,UNCHANGED,0,8.554703727091075,1,-12.934657039711192,15.386098090097072,-10.895109939802174,21.902220937672,False,False,True
unigradicon,1ff8a7b5dc,13,UNCHANGED,0,13.841848375175886,2,-5.347945420634107,7.426282172541317,-3.3813321239771708,9.243646182102154,False,False,True
unigradicon,1ff8a7b5dc,14,UNCHANGED,0,16.128472835162693,2,-2.2984117584857815,-2.5321562242209215,-8.447372782103244,7.522439146336584,False,False,True
unigradicon,1ff8a7b5dc,15,UNCHANGED,0,3.837649083028898,0,7.735101679929994,-12.816742825432149,-6.60850566331325,14.861754877370519,False,False,True
unigradicon,1ff8a7b5dc,16,UNCHANGED,0,6.628914388390207,1,-4.770698807219196,-0.6432126037782435,-0.7054309329884793,6.0103215420418215,False,False,True
unigradicon,1ff8a7b5dc,17,UNCHANGED,0,11.653362883454301,2,1.2667833861052713,1.5128469346363251,0.0698126734032041,1.9764771277169795,False,False,True
unigradicon,1ff8a7b5dc,18,UNCHANGED,0,20.136439051990042,3,5.93478555523281,8.722084830121712,5.282959379377538,10.900039572284044,False,False,True
unigradicon,1ff8a7b5dc,19,UNCHANGED,0,8.554703727091075,1,13.651476793248833,-18.57928134049273,2.1324932582981093,22.462748877088952,False,False,True
unigradicon,1ff8a7b5dc,20,MERGING,0,20.740056163265947,3,4.1141382868934215,2.3578397053569335,1.927811098424147,5.6702449608715915,False,False,True
unigradicon,1ff8a7b5dc,22,UNCHANGED,0,6.595769262636869,1,-4.071840354767778,1.2554978420884138,0.5091839286864496,5.198935917228972,False,False,True
unigradicon,1ff8a7b5dc,23,UNCHANGED,0,13.26606857304503,2,3.413281596971251,5.108826198280379,12.33928717616243,11.35375471920148,False,False,True
unigradicon,1ff8a7b5dc,24,UNCHANGED,0,4.50288208264321,0,0.25714285714389007,7.369322468904657,8.516940521456053,8.853531256045137,False,False,True
unigradicon,1ff8a7b5dc,25,UNCHANGED,0,20.515269383758685,3,4.870465086591707,-14.711983730855247,-0.2581247983663419,13.004909641551249,False,False,True
unigradicon,1ff8a7b5dc,26,UNCHANGED,0,7.090694267032375,1,-26.81661804177968,29.05960978816745,-28.228850362231494,46.20386867012323,False,False,True
unigradicon,1ff8a7b5dc,27,UNCHANGED,0,4.9560630157463335,0,10.522344322343997,-0.7442522022190797,-7.82943820016048,14.54297231059209,False,False,True
unigradicon,1ff8a7b5dc,28,UNCHANGED,0,14.881288780048042,2,2.2670184696575917,-0.8715648806132301,-4.828679969635701,4.796707715815649,False,False,True
unigradicon,1ff8a7b5dc,29,UNCHANGED,0,14.668859522093449,2,2.070358949055458,-4.955670504747026,3.8694786548083173,5.56760561977956,False,False,True
unigradicon,1ff8a7b5dc,31,UNCHANGED,0,15.251557469569027,2,1.546738862909433,-5.374443691863568,1.078657869850106,4.699035923264261,False,False,True
unigradicon,1ff8a7b5dc,32,UNCHANGED,0,7.061752335675611,1,-2.2299516908212467,-7.223776987057467,-4.9778453511429435,7.417870286551308,False,False,True
unigradicon,1ff8a7b5dc,34,UNCHANGED,0,7.6257787347845145,1,-3.7909854851039766,-12.187695580793289,1.7480054694709162,10.721999218261486,False,False,True
unigradicon,1ff8a7b5dc,36,UNCHANGED,0,40.37270505159073,4,-4.760655391119997,-4.532619104427441,-7.829949722920809,9.279507740369937,False,False,True
unigradicon,1ff8a7b5dc,37,UNCHANGED,0,8.434198890661461,1,5.822666909223176,-1.2741622040410954,6.3783517281173605,8.904530214935255,False,False,True
unigradicon,1ff8a7b5dc,38,UNCHANGED,0,22.03840494870527,3,-8.08177760787488,-0.4545388995099694,-19.62763038576316,18.493331580232123,False,False,True
unigradicon,1ff8a7b5dc,39,UNCHANGED,0,28.767709804729588,3,-3.9901249914681785,1.1304483367643725,2.391132328661374,5.405133165734255,False,False,True
unigradicon,1ff8a7b5dc,40,UNCHANGED,0,23.632957014203452,3,-1.8910980488308042,-7.511151789617801,-3.453326383940452,6.886520105645525,False,False,True
unigradicon,1ff8a7b5dc,41,UNCHANGED,0,15.64029835215629,2,3.4759244126658926,5.666844799938002,5.784875210031384,7.70055127091209,False,False,True
unigradicon,1ff8a7b5dc,42,MERGING,0,20.740056163265947,3,1.5881578947365824,-2.95240736782412,-4.897396445679495,4.918202029475829,False,False,True
unigradicon,1ff8a7b5dc,43,UNCHANGED,0,42.9313559277324,4,-1.9104649995673526,-4.260299090032843,-2.0503392236359823,4.403501455703954,False,False,True
unigradicon,1ff8a7b5dc,44,UNCHANGED,0,5.581755466829255,1,2.19021582733817,-11.994767582221009,-5.824117144022427,10.787460808038276,False,False,True
unigradicon,207f466f93,1,UNCHANGED,0,9.568231066719594,1,66.76780313655541,6.28406600758672,-9.67869541240066,83.95197174892915,False,True,False
unigradicon,21addf5898,1,UNCHANGED,0,10.189198282490096,2,-221.76496130546002,-60.5878641907086,-8.745978755125364,281.300542996034,True,False,False
unigradicon,21addf5898,2,UNCHANGED,0,14.293376442304552,2,-341.08304642878505,-91.88391416121442,-11.957937588679505,432.45378342757556,True,False,False
unigradicon,21addf5898,3,UNCHANGED,0,9.765031193118935,1,-159.28662131519377,-27.425580607563184,-4.818149534845948,200.29315304248178,True,False,False
unigradicon,21addf5898,4,UNCHANGED,0,7.401070048440572,1,-304.10169491525426,-89.30681308484817,-17.960940945691625,386.7328779319375,True,False,False
unigradicon,21addf5898,7,UNCHANGED,0,9.176726751410715,1,-316.5275995881859,-94.6640618036494,-16.005956596003465,402.7057954692967,True,False,False
unigradicon,21addf5898,8,UNCHANGED,0,12.655651762502714,2,-306.0461538461538,-91.82978036144644,-16.02244496612834,389.4275595010246,True,False,False
unigradicon,2618045a3a,1,UNCHANGED,0,7.712005735292535,1,6.182387676508961,-3.097470651455508,-7.288865824575592,9.932116317021281,True,False,True
unigradicon,2618045a3a,2,UNCHANGED,0,5.528604083956574,1,0.14769230769227307,-0.960966850051838,1.4866058915343285,1.4046798071527575,True,False,True
unigradicon,2618045a3a,3,UNCHANGED,0,9.98194598762161,1,0.8711165048536031,-2.2048406116979757,-0.2623900117950228,2.0478696851298523,True,False,True
unigradicon,2618045a3a,4,UNCHANGED,0,6.653284384726362,1,2.3673548958805894,-7.43528248046927,0.5239944868748095,6.530580843215782,True,False,True
unigradicon,2618045a3a,5,UNCHANGED,0,7.922675780720146,1,1.7848421694713352,-3.6961346006155154,-0.6655895692341515,3.6859607717037033,True,False,True
unigradicon,26e359e838,1,UNCHANGED,0,9.122504082475203,1,-2.326607287448769,1.1295871763986447,0.7600263282966913,3.09771759723469,False,False,True
unigradicon,26e359e838,2,UNCHANGED,0,13.320602291080535,2,2.6333865377004257,2.558815159969857,-0.11967045785653184,3.8520336734401743,False,False,True
unigradicon,26e359e838,3,UNCHANGED,0,8.908221914840826,1,-2.4690951821392444,0.16243447021772145,0.006435862472073089,3.0889792887292358,False,False,True
unigradicon,2723d092b6,3,UNCHANGED,0,12.921050350088194,2,-9.449471005759529,21.413745952563737,1.2371053423503573,20.498023578048574,False,False,True
unigradicon,2723d092b6,4,UNCHANGED,0,9.341338717622953,1,-14.01736770692039,5.624645129920717,-6.739462562437699,18.83036234106061,False,False,True
unigradicon,274ad4786c,3,UNCHANGED,0,3.3817549553604795,0,0.33457249070629586,-0.867489492548402,2.1237649652988573,1.8551894602857373,False,False,True
unigradicon,274ad4786c,4,UNCHANGED,0,5.548475545631758,1,-3.221239892183007,0.18571980769685317,-0.036639234214154735,4.029265217341589,False,False,True
unigradicon,274ad4786c,5,UNCHANGED,0,6.6195615225515985,1,-0.8451700680274825,-3.797460085186737,-0.34013605442174,3.1597785854703977,False,False,True
unigradicon,274ad4786c,6,UNCHANGED,0,4.319117867227291,0,-2.4355029585799004,-1.0329269863397528,2.260332530879463,3.6193309225338006,False,False,True
unigradicon,275a967a52,1,UNCHANGED,0,6.484670029791201,1,3.8057142857142936,-1.843589948783587,0.7686606011222046,5.007131708605746,False,False,True
unigradicon,275a967a52,8,UNCHANGED,0,5.891713724427498,1,2.4345590433472126,-2.789206447408116,-1.4519198252879244,3.9139078199209014,False,False,True
unigradicon,275a967a52,9,UNCHANGED,0,5.6648810582865465,1,1.241201716738192,0.04392607351088596,4.291870991693753,3.724952367630565,False,False,True
unigradicon,275a967a52,10,UNCHANGED,0,15.254142877819785,2,-2.4932257392132215,-1.8418406172972532,13.562063797102688,11.237526995793694,False,False,True
unigradicon,275a967a52,11,UNCHANGED,0,6.1427219478526105,1,-2.412308980530588,-7.740134368641845,-0.34661185117279136,6.7609105875412805,False,False,True
unigradicon,275a967a52,12,UNCHANGED,0,31.8169302719795,4,1.3283131983006797,0.008642005022272062,-3.032125651822458,2.9120903687141655,False,False,True
unigradicon,275a967a52,13,UNCHANGED,0,5.891713724427498,1,1.2497925311203404,-5.0024112833677625,-0.9244313012430573,4.2704006965079095,False,False,True
unigradicon,275a967a52,15,UNCHANGED,0,13.645037531400583,2,-1.8842336747842865,-3.04632434465892,10.282148506570085,8.776241790977634,False,False,True
unigradicon,275a967a52,16,UNCHANGED,0,4.173920050955785,0,-0.6850909090908999,-5.882209579792804,7.741018190459732,7.690370505181073,False,False,True
unigradicon,275a967a52,19,UNCHANGED,0,11.794327942997665,2,1.6667644343056736,3.53763359073695,9.433999860700935,8.208468022041464,False,False,True
unigradicon,275a967a52,20,UNCHANGED,0,9.300262800300478,1,0.20575482853737412,-4.2541409861322,3.624818310050381,4.391417105693501,False,False,True
unigradicon,289dff0766,5,UNCHANGED,0,8.503953538286947,1,7.493975903614398,-0.18211503324803333,16.1987131478084,15.846708765977962,False,False,True
unigradicon,28fd0fbd33,2,UNCHANGED,0,13.9728247580235,2,6.388725490197066,12.097251430915597,12.107551888371889,15.629959553019315,False,False,True
unigradicon,28fd0fbd33,3,UNCHANGED,0,6.81079950164937,1,-4.271381423856019,1.6689980507732525,3.6904518523102516,6.219711120951058,False,False,True
unigradicon,28fd0fbd33,4,UNCHANGED,0,3.8067013619378005,0,-11.950505050504171,-5.655662926615191,0.582388739062364,15.58426909906991,False,False,True
unigradicon,28fd0fbd33,5,UNCHANGED,0,4.221320551380469,0,0.1827160493827023,-5.527516747746105,-1.2945520763242624,4.442052811072805,False,False,True
unigradicon,28fd0fbd33,9,UNCHANGED,0,5.490213403543419,1,-4.127272727273817,-0.6261662823009483,2.7846865158237315,5.6287388554800915,False,False,True
unigradicon,28fd0fbd33,10,UNCHANGED,0,6.429490154635558,1,6.1040491838041815,7.118860343980901,-21.060728831387628,19.111551813801697,False,False,True
unigradicon,28fd0fbd33,11,UNCHANGED,0,10.592554189140579,2,-9.934289732771571,-8.441062016544592,10.049972927722628,16.141245075262628,False,False,True
unigradicon,28fd0fbd33,14,UNCHANGED,0,5.754564267068973,1,-8.84210526315842,8.07891976214175,-1.636296838684941,12.792144274470312,False,False,True
unigradicon,2a452c50d7,3,UNCHANGED,0,13.027032152982075,2,5.459983591826199,4.887928489709853,-0.5095890407459587,7.830395617424047,False,False,True
unigradicon,2a452c50d7,7,UNCHANGED,0,10.30737164546492,2,-52.645787613911374,8.324653381364154,20.5295641312934,68.08253736000185,False,False,True
unigradicon,2a452c50d7,8,UNCHANGED,0,5.5264809254402065,1,-9.547615348764726,2.8061041829483595,2.7175675186264994,12.322059127457559,False,False,True
unigradicon,2a452c50d7,10,UNCHANGED,0,10.8235807604556,2,-47.10042533885373,3.7869283712664266,19.00597099008904,60.82718903945262,False,False,True
unigradicon,2a452c50d7,11,UNCHANGED,0,15.282477168914001,2,13.98984362755266,-2.5970996036766794,-14.472796430429314,20.98366874101599,False,False,True
unigradicon,2a452c50d7,14,UNCHANGED,0,12.661049194820025,2,8.272511844794394,1.3248779215490682,-4.6321416934901185,11.016204710673163,False,False,True
unigradicon,2a452c50d7,16,UNCHANGED,0,10.657037646951952,2,10.51787584143717,2.154671668955918,1.8193263785602134,13.332104065327123,False,False,True
unigradicon,2a452c50d7,18,UNCHANGED,0,10.06942373100658,2,5.445818682158551,-6.290837120010816,-3.244934069199923,8.776835861026061,False,False,True
unigradicon,2a452c50d7,21,UNCHANGED,0,19.313755952747464,2,1.492645161289579,-2.2680257682455034,-0.8469185678068459,2.658073238107442,False,False,True
unigradicon,2a452c50d7,23,UNCHANGED,0,8.139751661413818,1,35.27143896696784,-9.146008159438162,8.656723540333376,45.18340610992386,False,False,True
unigradicon,2a452c50d7,24,UNCHANGED,0,18.268620017113218,2,9.289102567356235,1.696914152227799,-4.498337858780613,12.213813363799492,False,False,True
unigradicon,2a79ea27c2,2,UNCHANGED,0,10.453574021317154,2,-8.251960784313429,2.4529387394164828,2.231418252504268,10.638043375540654,False,False,True
unigradicon,2a79ea27c2,3,UNCHANGED,0,5.2747418637543575,1,0.1327744070601966,-3.4072693112867847,0.8579980362042096,2.750845942447327,False,False,True
unigradicon,2a79ea27c2,4,UNCHANGED,0,100.10926795259091,5,-8.017085853161404,-7.359709872385716,-20.638241478153137,19.96549711807066,False,False,True
unigradicon,2a79ea27c2,5,MERGING,0,28.01951355792808,3,-6.546580804697851,6.684667067291095,3.84413437258921,10.169581099974968,False,False,True
unigradicon,2a79ea27c2,6,MERGING,0,28.01951355792808,3,5.026506752905834,-1.525822040375435,-6.644640711297527,8.269396382137675,False,False,True
unigradicon,2a79ea27c2,7,UNCHANGED,0,72.9277581664974,5,4.103088841181045,-8.964847552035769,-21.053417502945386,18.741852796824553,False,False,True
unigradicon,2a79ea27c2,8,UNCHANGED,0,14.154764564244186,2,-0.047491967492067036,0.5551813435340704,2.7109285114874178,2.1832361542337204,False,False,True
unigradicon,2a79ea27c2,9,UNCHANGED,0,59.648394548532494,5,-3.5323192254463947,4.524978535571343,-3.2237608395687642,6.2011769611777146,False,False,True
unigradicon,2a79ea27c2,10,UNCHANGED,0,11.778763672150886,2,2.4081645134157044,-0.9561273811430349,-3.494163011858965,4.149628876840408,False,False,True
unigradicon,2a79ea27c2,11,UNCHANGED,0,8.018905342912488,1,-0.6426975763959945,3.595553633010431,-3.0396058037878033,3.779230624467912,False,False,True
unigradicon,2a79ea27c2,12,UNCHANGED,0,63.504779778628716,5,1.7913087311032654,-2.027151531792549,1.6275850211184988,3.0280930438590152,False,False,True
unigradicon,2a79ea27c2,13,UNCHANGED,0,7.014128539758439,1,0.3043439319289746,-1.5762242753330138,-5.131570193142148,4.248884324241828,False,False,True
unigradicon,2b24d49505,10,UNCHANGED,0,1.443588819757384,0,-4.3844660194174825,-0.10959413161078517,5.184888719437173,6.839545835242133,False,False,True
unigradicon,2b24d49505,16,UNCHANGED,0,6.167962303538436,1,-0.14754919499000607,-9.163778562986257,4.621465586132282,8.034373744526457,False,False,True
unigradicon,2b44928ae1,1,UNCHANGED,0,23.799879833032637,3,4.966904087178227,8.093169673478611,-1.5323155129655188,8.94208242669266,False,False,True
unigradicon,2b44928ae1,2,UNCHANGED,0,12.215403313889418,2,4.536129837702788,0.80349973331431,-1.074713375154063,5.767456611478805,False,False,True
unigradicon,2b44928ae1,3,UNCHANGED,0,18.71376340509401,2,0.037314814814840246,-5.838496115824929,-2.2023793451981097,4.879966301179203,False,False,True
unigradicon,2ba100d604,1,UNCHANGED,0,5.924912878750008,1,-3.578203240058838,-20.57950640424826,2.7572018225251003,16.824575127803694,True,False,True
unigradicon,2ba100d604,4,UNCHANGED,0,4.295089317403216,0,-3.6791208791208874,-5.980519535482113,2.660102171078292,6.882672364185071,True,False,True
unigradicon,2ba100d604,5,UNCHANGED,0,5.829333054003939,1,-2.1884210526315884,-14.156135226430395,4.952007662931034,12.04087395510237,True,False,True
unigradicon,2ba100d604,6,UNCHANGED,0,5.575556486884969,1,-8.790503018107938,-0.1572005389140352,9.806378007164385,13.439449770735079,True,False,True
unigradicon,2ba100d604,8,UNCHANGED,0,9.781815640835678,1,6.1413663071120705,-18.79689386832581,16.20631641867966,20.927184813087525,True,False,True
unigradicon,2ba100d604,9,UNCHANGED,0,4.203676546157977,0,6.381818181818176,-11.842486565398291,-4.588272218381915,12.73915268189747,True,False,True
unigradicon,2ba100d604,10,UNCHANGED,0,5.296300567453813,1,-0.03184466019495176,-10.932627890763634,4.543552554132638,9.260496784516029,True,False,True
unigradicon,2ba100d604,11,UNCHANGED,0,4.984009653757075,0,2.8741463414633928,6.121461306642496,2.400880823209366,6.2731458318388285,True,False,True
unigradicon,2ba100d604,12,UNCHANGED,0,6.017504598020805,1,1.434965034965876,-39.671733416231675,11.387594503089021,32.30989281528411,True,False,True
unigradicon,2ba100d604,13,UNCHANGED,0,4.00786719918352,0,0.11506849315071577,-38.9470310162059,14.162704078805254,32.40554893018603,True,False,True
unigradicon,2ba100d604,14,UNCHANGED,0,10.305355147063567,2,4.2010859728511605,-4.581283318354594,-2.1320900513058665,6.573322851216001,True,False,True
unigradicon,2ba100d604,15,UNCHANGED,0,2.9146665270019696,0,2.0000000000000226,6.669740377526892,2.2364107648090403,6.04135256790161,True,False,True
unigradicon,2ba100d604,16,UNCHANGED,0,3.40901465037162,0,-1.7922077922078188,-0.4695820844488304,-1.4327192432884002,2.5359620939414023,True,False,True
unigradicon,2c62105ee1,1,UNCHANGED,0,4.699937759613287,0,-1.7625,-8.238141962006603,1.205659105098661,6.866940930255546,False,False,True
unigradicon,2c62105ee1,2,UNCHANGED,0,3.6637155084223685,0,1.0682926829268127,0.6082569728548246,-3.605829091402592,3.178504901322709,False,False,True
unigradicon,2c62105ee1,3,UNCHANGED,0,20.510123858998565,3,5.497802271839282,5.265191591935794,-2.5926896918519327,8.26570969812515,False,False,True
unigradicon,2c62105ee1,5,UNCHANGED,0,3.6637155084223685,0,-1.312941176470622,-1.2577554229117955,-0.6504106712397383,1.9803370408521352,False,False,True
unigradicon,2f1ee6251b,1,UNCHANGED,0,9.360438769980613,1,-6.8246110325322205,6.321815335142782,-2.6915195197326356,10.082705487046306,False,False,True
unigradicon,2f1ee6251b,2,UNCHANGED,0,26.598817503886412,3,-0.6426788738533673,7.646050252634286,1.7566604448672383,6.182715469428063,False,False,True
unigradicon,307fd7f231,1,UNCHANGED,0,36.982408587220334,4,-12.147047430014812,-24.098164859279304,2.585348306915872,24.267808060341387,True,False,True
unigradicon,307fd7f231,2,UNCHANGED,0,10.968322309378042,2,-4.085709114413885,-6.443199412694078,-0.028800530156693857,7.169782340597564,True,False,True
unigradicon,31b7b72368,1,UNCHANGED,0,10.765247036282982,2,-94.01379705562663,9.738729228052811,2.2294764451604694,117.77626204605927,False,True,False
unigradicon,31c8f1568c,1,UNCHANGED,0,11.816796208857179,2,0.19549230965870948,-0.051845407652081954,-1.0531988419832456,0.8671052903558155,False,False,True
unigradicon,31c8f1568c,2,UNCHANGED,0,20.587311603500243,3,-1.57398761875113,-21.345484682321533,6.269685814423141,17.500228740450034,False,False,True
unigradicon,31c8f1568c,3,UNCHANGED,0,4.09950329563561,0,-0.015196506550273626,1.8687950668231283,-2.7828164044988255,2.63655646678331,False,False,True
unigradicon,31c8f1568c,4,UNCHANGED,0,18.126734444918295,2,-0.7613288606135938,0.419372169019308,-0.9360405907010416,1.248346885174839,False,False,True
unigradicon,31c8f1568c,5,UNCHANGED,0,18.72530384271909,2,5.192739011985168,-13.314498428089633,-0.31064197347255373,12.260649639619036,False,False,True
unigradicon,31c8f1568c,6,UNCHANGED,0,55.55188751010323,5,13.60028348287192,-6.990496413098262,5.5861546402656845,18.391435006111784,False,False,True
unigradicon,31c8f1568c,7,UNCHANGED,0,6.7429702495381605,1,0.6041219903697765,-2.779347737985781,-0.08268990872182139,2.299200431505527,False,False,True
unigradicon,31c8f1568c,8,UNCHANGED,0,3.0205398539803316,0,-1.7134328358209132,-1.0452987368893516,-0.047059599124943195,2.292405083948806,False,False,True
unigradicon,31fefc0e57,1,UNCHANGED,0,8.690890767033395,1,8.9212382947793,-4.190662002134152,-9.976914912901773,14.036878320089363,True,False,True
unigradicon,31fefc0e57,3,UNCHANGED,0,9.368831851548698,1,-4.088617212321992,-0.8701154309979608,4.402219008707017,6.216586945211005,True,False,True
unigradicon,31fefc0e57,4,UNCHANGED,0,14.435411848552134,2,-8.178896882493973,-6.653685309394693,32.84029702034457,28.33559532155526,True,False,True
unigradicon,31fefc0e57,5,UNCHANGED,0,7.626797214322573,1,-0.4724020694752653,-0.9950891232715766,2.1988297010144775,1.990596660378382,True,False,True
unigradicon,31fefc0e57,6,UNCHANGED,0,36.74018974103646,4,-1.1245426573433406,-3.215100976834928,2.7316058037600124,3.595284155663945,True,False,True
unigradicon,31fefc0e57,7,UNCHANGED,0,9.899758237317414,1,4.99910557061753,-7.2217758129924325,0.7943347851179631,8.441164046098491,True,False,True
unigradicon,31fefc0e57,8,UNCHANGED,0,12.511434462170829,2,0.7413402185876521,0.41615856706013504,-3.292325955756921,2.77707137744911,True,False,True
unigradicon,31fefc0e57,10,UNCHANGED,0,21.914703104725827,3,5.064616525157248,4.382181303416205,-2.939457609233154,7.561143326357789,True,False,True
unigradicon,31fefc0e57,11,UNCHANGED,0,40.26700688648012,4,2.6208191460505077,1.1818884640360994,6.275773268407955,6.008540440645423,True,False,True
unigradicon,31fefc0e57,15,UNCHANGED,0,9.83803744196828,1,-0.30125725338518805,-1.0770703636764163,-3.386394075861366,2.826353168025835,True,False,True
unigradicon,31fefc0e57,16,UNCHANGED,0,7.847694621081046,1,2.1907277770443443,-1.8117903131200095,-4.04392452102938,4.4363751722488525,True,False,True
unigradicon,31fefc0e57,12,UNCHANGED,1,3.7515649103286646,0,-0.040752351097211204,-6.835463210295999,3.867581863773835,6.149303190693523,True,False,True
unigradicon,335f535208,1,UNCHANGED,0,7.20091514147103,1,0.6152604548792624,0.5709128828781024,-0.11034466921626394,0.8932349230140296,False,False,True
unigradicon,335f535208,2,UNCHANGED,0,15.91076495853344,2,0.0575966322229533,-0.41584163816686703,-0.43947190999444047,0.48051159717080083,False,False,True
unigradicon,335f535208,3,UNCHANGED,0,8.104259547245396,1,-0.4551931699529632,0.955510219384491,1.323674930574085,1.4040563111937896,False,False,True
unigradicon,335f535208,6,UNCHANGED,0,6.618903182939503,1,-4.812935099932133,-5.1217412758693825,-5.065331576158277,8.256349814785496,False,False,True
unigradicon,335f535208,7,UNCHANGED,0,8.223456896701672,1,1.7479825517984864,2.033335645596013,-6.709524936835817,5.943102254028036,False,False,True
unigradicon,335f535208,8,UNCHANGED,0,6.588540814825663,1,-6.984398782344215,-8.207779171983825,-6.045194814321508,11.83481644478622,False,False,True
unigradicon,335f535208,9,UNCHANGED,0,10.373226204735635,2,0.35212154393724404,1.1539027145138763,0.5463383308755222,1.0916524764602227,False,False,True
unigradicon,335f535208,10,UNCHANGED,0,7.3509771906758745,1,-2.3649586776859906,-12.775766344403744,-2.954856419361289,10.664539804831023,False,False,True
unigradicon,335f535208,11,UNCHANGED,0,5.324427780423723,1,1.8876003568244641,-0.4969453739911195,3.1530493596294087,3.4506238181085576,False,False,True
unigradicon,335f535208,12,UNCHANGED,0,10.66051915786045,2,-2.227744570042262,1.9173601522781039,-1.021915463020912,3.2629639331403406,False,False,True
unigradicon,335f535208,13,UNCHANGED,0,9.90985051218199,1,-4.744161232958277,-6.648394845991903,2.5308675637737617,8.131156028315925,False,False,True
unigradicon,34ed066df3,2,UNCHANGED,0,10.132661993476878,2,0.6023178807944533,12.043393759071764,-6.732956928745817,10.828582287041113,False,False,True
unigradicon,34ed066df3,8,UNCHANGED,0,6.793105698162142,1,1.0722561389222847,3.584770956580198,1.8418861455660778,3.427352148559843,False,False,True
unigradicon,34ed066df3,10,UNCHANGED,0,4.892688278591825,0,1.9291139240506028,-5.691883763191486,6.281045527990105,7.080639619897389,False,False,True
unigradicon,34ed066df3,13,UNCHANGED,0,8.366379270979035,1,-0.20287581699428756,-3.8254845036253333,-1.4886859391869804,3.220295656414774,False,False,True
unigradicon,34ed066df3,14,UNCHANGED,0,5.6730054117816575,1,-1.2859216255453476,-1.1644113755493195,5.403110445301434,4.645900329903608,False,False,True
unigradicon,34ed066df3,15,UNCHANGED,0,10.404881989596038,2,1.6515072083890119,-3.551185629892642,13.484196374952813,11.186725601187959,False,False,True
unigradicon,34ed066df3,19,UNCHANGED,0,7.214342235774277,1,-1.318009671442428,-4.262583181948897,8.206240465531527,7.464522770945807,False,False,True
unigradicon,34ed066df3,20,UNCHANGED,0,5.879475412773886,1,6.120141899881969,11.261260777275666,-6.098131388810723,12.61062415185687,False,False,True
unigradicon,34ed066df3,21,UNCHANGED,0,4.530809780970498,0,-1.502222222223213,9.511745147336454,0.4049298550963379,7.668983307484327,False,False,True
unigradicon,34ed066df3,22,UNCHANGED,0,23.559350276947452,3,-0.939698192735932,-4.837738505174232,0.8332845722242824,4.010903507176511,False,False,True
unigradicon,34ed066df3,26,UNCHANGED,0,7.407674834893167,1,2.5725086520536022,-5.10756207537925,-2.1956887076769456,5.408667728145231,False,False,True
unigradicon,34ed066df3,28,UNCHANGED,0,3.2537779220195335,0,-1.3858064516128707,11.052302865949354,-6.4544556707142515,10.170730102040308,False,False,True
unigradicon,34ed066df3,29,UNCHANGED,0,4.416056056008696,0,2.420111731843599,-2.4403348177562014,18.476709090514877,15.010183692025201,False,False,True
unigradicon,34ed066df3,30,UNCHANGED,0,3.5511500671534724,0,-3.2825396825396638,-3.5007228971799234,-2.2468882192917334,5.239651933784143,False,False,True
unigradicon,3636638817,1,UNCHANGED,0,9.519286240336331,1,-0.740540540540394,-12.663511783229648,9.210657306546072,12.30793670803698,False,False,True
unigradicon,3636638817,2,UNCHANGED,0,27.82452773238324,3,-10.839826839826799,-19.196857916865774,12.779343629807313,22.58415336245072,False,False,True
unigradicon,3636638817,3,UNCHANGED,0,20.122697783590457,3,-6.294706723891181,5.999201575691188,-2.4993835118425034,9.367659649291923,False,False,True
unigradicon,3636638817,4,UNCHANGED,0,14.708939505356103,2,-9.165940977261812,-1.3564711154733533,-8.34068291494395,13.255258029980396,False,False,True
unigradicon,3636638817,6,UNCHANGED,0,16.844382639999456,2,-0.15609756097563832,-14.486342946815997,0.2149409564440679,11.316787043965528,False,False,True
unigradicon,3636638817,7,UNCHANGED,0,38.74345207418874,4,-3.7805438631657466,-2.1839520215922503,-0.7327987859728191,5.057236224774725,False,False,True
unigradicon,3636638817,8,UNCHANGED,0,12.919659134089216,2,-0.875675675675609,-15.833231641237287,2.5106561684755166,12.571157564713383,False,False,True
unigradicon,3636638817,9,UNCHANGED,0,7.235828526309585,1,1.9560439560439704,-4.27939138326484,-5.182654006323522,5.819749061392681,False,False,True
unigradicon,3636638817,10,UNCHANGED,0,6.050320020285059,1,-6.038095238095252,-6.561748882449727,-2.392060236141463,9.316190422766654,False,False,True
unigradicon,3644a684f9,2,UNCHANGED,0,18.590473833665264,2,0.048312792178990094,-5.2193612637438696,-3.36189220246376,4.8637405568056185,False,False,True
unigradicon,3644a684f9,3,UNCHANGED,0,5.385365201461114,1,2.2909090909080305,-0.7129439556640631,1.3144515686289484,3.0961316018693035,False,False,True
unigradicon,36660e5985,9,UNCHANGED,0,6.594074055844071,1,3.7629399585924603,-0.4767622947837177,-1.56317173528162,4.876918829382807,False,False,True
unigradicon,36660e5985,10,UNCHANGED,0,5.106017048902243,1,4.680794701986724,-6.93367572987592,-5.0503311782875215,8.912712648462886,False,False,True
unigradicon,36660e5985,12,UNCHANGED,0,8.053003141328436,1,-2.462032085560486,0.786428127588555,7.5451326760110895,6.729636697471923,False,False,True
unigradicon,36660e5985,13,UNCHANGED,0,12.215403313889418,2,4.470679238891037,-0.4897998955853387,-4.59460515974853,6.672154248856288,False,False,True
unigradicon,36660e5985,14,UNCHANGED,0,5.170657038185259,1,3.4415094339622785,-0.8219384221116877,-1.527993942300141,4.513507467930891,False,False,True
unigradicon,36660e5985,15,UNCHANGED,0,5.039697632622966,1,-1.7511295336787953,3.90622719477488,-0.9154092952317125,3.8236304038725066,False,False,True
unigradicon,36660e5985,16,UNCHANGED,0,7.457377891529666,1,2.1777777777767824,-1.0086561032859491,-1.1315527742566172,2.97121918768086,False,False,True
unigradicon,36660e5985,17,UNCHANGED,0,5.039697632622966,1,0.4331098265895662,-0.5746891028250395,-0.5990573510773131,0.8473219313060962,False,False,True
unigradicon,36660e5985,18,UNCHANGED,0,4.829461462108396,0,-1.2,0.7152288732393365,-0.49013783269971883,1.6466870890186143,False,False,True
unigradicon,36660e5985,19,UNCHANGED,0,5.106017048902243,1,-1.1208791208791127,-1.682571389877737,-2.5542225518461255,2.784109547882868,False,False,True
unigradicon,36660e5985,21,UNCHANGED,0,3.713280964441279,0,-3.0155440414507666,-4.123469769393571,-3.3466509633759483,5.61712132949499,False,False,True
unigradicon,37a749d808,1,UNCHANGED,0,9.922168458358616,1,-46.699671471673696,-1.439892964876924,2.4145022941317418,58.41649162589692,False,True,False
unigradicon,37a749d808,2,UNCHANGED,0,9.025419736776385,1,-37.120612720612804,-7.36816408956524,-17.942499224432765,48.85238979762754,False,True,False
unigradicon,37a749d808,3,UNCHANGED,0,6.719022051647255,1,-18.962774349762572,-15.298182636282746,-6.152848670502563,26.984687544609347,False,True,False
unigradicon,37a749d808,4,UNCHANGED,0,8.29461798043701,1,-94.64481427240145,-10.106297577555164,-5.3961553231473784,118.64544015593115,False,True,False
unigradicon,37a749d808,5,UNCHANGED,0,9.79878944697832,1,-50.960090446581106,-3.1160506033121917,-8.554549785666804,64.10291157767045,False,True,False
unigradicon,37a749d808,6,UNCHANGED,0,4.978430818668258,0,4.123809523810292,-4.473728220014997,-9.597574796118161,9.804184346485032,False,True,False
unigradicon,37a749d808,7,UNCHANGED,0,12.093208577052522,2,-63.69864279950089,1.5548053883955941,9.811462066892451,80.00794862994508,False,True,False
unigradicon,37a749d808,8,UNCHANGED,0,7.4367878337288,1,-15.6151948051948,-8.817657283447604,8.351117948907863,21.721684499712687,False,True,False
unigradicon,37a749d808,9,UNCHANGED,0,10.29123154308241,2,-41.926277036356076,-12.777745689481504,15.334182653133306,54.70419529679119,False,True,False
unigradicon,37a749d808,10,UNCHANGED,0,10.076423715107587,2,-10.972711383002116,-14.024830487268177,-1.8366248750341838,17.612561120073718,False,True,False
unigradicon,37a749d808,11,UNCHANGED,0,10.872649770574323,2,-27.469322448979618,-2.4855366253644653,6.722492755249856,34.79808800936616,False,True,False
unigradicon,37a749d808,12,UNCHANGED,0,9.004332230650494,1,-110.03358188345767,-0.021549057163706396,-0.32758438663529105,137.54222123210266,False,True,False
unigradicon,37a749d808,13,UNCHANGED,0,8.765549792881169,1,-19.4549618320616,-8.743159081050596,6.840703490038132,25.829390939941817,False,True,False
unigradicon,37a749d808,14,UNCHANGED,0,13.147085450418155,2,-61.08959276018078,-10.216528355242533,-6.91073513303012,76.97110078776822,False,True,False
unigradicon,37a749d808,15,UNCHANGED,0,3.951383159352449,0,-43.78888888888891,-8.012922931633987,-3.057058241503554,55.14547506921118,False,True,False
unigradicon,37a749d808,16,UNCHANGED,0,6.358364158107075,1,-56.83768720379148,-7.494269019166703,16.55790201016346,72.47497851399042,False,True,False
unigradicon,37a749d808,17,MERGING,0,22.65949606742132,3,-33.01613732621727,-16.324956327368998,22.402732979196706,46.671368074528516,False,True,False
unigradicon,37a749d808,19,UNCHANGED,0,10.143490073260502,2,-43.380258153021984,-5.842880743226081,20.001875249245924,56.65919460064987,False,True,False
unigradicon,37a749d808,20,UNCHANGED,0,9.310834633365618,1,-4.337882923870756,-8.211468830339944,3.5635957733416403,8.85641190273086,False,True,False
unigradicon,37a749d808,22,UNCHANGED,0,8.897382300093597,1,-42.21911014928669,-2.4254870735908853,-7.812379192396536,53.1664001598267,False,True,False
unigradicon,37a749d808,23,UNCHANGED,0,6.272429783885505,1,-13.286206896552539,-9.098403586848516,6.140087103177869,18.702413071140484,False,True,False
unigradicon,37a749d808,24,UNCHANGED,0,7.61824402349885,1,-21.58636675562268,2.0460955626268253,3.268049402085894,27.152942164185788,False,True,False
unigradicon,37a749d808,25,UNCHANGED,0,10.635567829307698,2,-46.93075224995871,-23.982876875272446,22.292601590446118,64.04376394769189,False,True,False
unigradicon,37a749d808,26,UNCHANGED,0,4.684882767658506,0,-34.53373134328358,-8.967829282484814,-7.633603016287392,44.14446513445603,False,True,False
unigradicon,37a749d808,27,UNCHANGED,0,10.605180327040994,2,-36.3448275862077,-8.23753184352349,-1.995808618731948,45.9113126977521,False,True,False
unigradicon,37a749d808,28,UNCHANGED,0,5.591328839350449,1,-33.419294117647226,-8.504486141447188,-12.33076702639218,43.40329568311633,False,True,False
unigradicon,37a749d808,29,UNCHANGED,0,9.38924535341764,1,-19.867733445626595,-6.540091785401419,11.688596313745924,26.979645640096976,False,True,False
unigradicon,37a749d808,30,UNCHANGED,0,5.302590163520498,1,-24.478094765566745,-13.764369557325661,-14.484371042729018,34.38574134289788,False,True,False
unigradicon,37a749d808,31,UNCHANGED,0,3.8384241018130365,0,-7.22790697674418,-16.869914757500617,-7.105310771690512,16.930700711903494,False,True,False
unigradicon,37a749d808,32,UNCHANGED,0,11.489366093507117,2,-44.219765319426095,-9.655822914180506,-7.0224349033857,56.06123640237708,False,True,False
unigradicon,37a749d808,33,UNCHANGED,0,7.044632901581901,1,-23.750688360450273,-12.776880763921799,-8.708222923592258,32.06527407932144,False,True,False
unigradicon,37a749d808,34,UNCHANGED,0,8.675409217505516,1,-91.88591735767629,1.4338550255110285,7.793713209778556,115.0273392222913,False,True,False
unigradicon,37a749d808,35,UNCHANGED,0,6.093118457118105,1,-39.39609175870769,-15.268015012892155,-8.01192463876466,51.0610509928274,False,True,False
unigradicon,37a749d808,36,UNCHANGED,0,4.761697777152792,0,-12.442553191489356,-14.992132842185848,-9.096264549087886,20.748679932726965,False,True,False
unigradicon,37a749d808,37,UNCHANGED,0,13.176762944913843,2,-35.771837910193106,-3.7511860303634874,-3.7304395332786084,44.90722906532881,False,True,False
unigradicon,37a749d808,38,UNCHANGED,0,10.193213858428397,2,-28.33280193419098,-8.275529577420865,-10.644913629399923,36.96764118286874,False,True,False
unigradicon,37a749d808,39,UNCHANGED,0,8.48928374585096,1,-11.775236344538394,-6.824287320392748,7.084719337975184,16.62236687591248,False,True,False
unigradicon,37a749d808,40,UNCHANGED,0,7.246016230160225,1,-1.46366366366276,-1.3833177242341816,-0.5995439529157401,2.176770602208311,False,True,False
unigradicon,37a749d808,41,MERGING,0,22.65949606742132,3,-24.792445018524973,-10.882354117738837,-3.9340589296825756,32.2844272021473,False,True,False
unigradicon,37a749d808,42,UNCHANGED,0,4.908302733509689,0,-18.007317073170725,-10.515341314310815,-11.037026483078115,25.49391126808116,False,True,False
unigradicon,37a749d808,43,UNCHANGED,0,10.419086001923787,2,-33.33818181818158,-9.360033687653617,-3.9978502963523668,42.4264617335258,False,True,False
unigradicon,37a749d808,44,UNCHANGED,0,8.037651781563723,1,-36.08776748642667,-9.973109152833395,-1.7865696542400342,45.79892306578592,False,True,False
unigradicon,37a749d808,45,UNCHANGED,0,8.090359200903032,1,-33.35788416471289,-14.176010628723876,-3.976444061031978,43.25609924424198,False,True,False
unigradicon,37a749d808,46,UNCHANGED,0,5.6988806636959985,1,-6.983739837398138,-14.277320266875622,-11.301083462083113,16.734627745694727,False,True,False
unigradicon,37a749d808,47,UNCHANGED,0,6.272429783885505,1,-28.544827586206132,-13.265092530758858,-4.307289646476665,37.309731528550465,False,True,False
unigradicon,37a749d808,48,UNCHANGED,0,7.1467432276028795,1,-40.68192488262848,-9.156807085544044,-10.264082831566265,51.987442078243944,False,True,False
unigradicon,37a749d808,49,UNCHANGED,0,5.591328839350449,1,-26.527693324521373,-6.021151818151988,15.831840246539029,35.74502750351781,False,True,False
unigradicon,37a749d808,52,UNCHANGED,0,11.553914448422155,2,-31.423111111111915,-5.5033675590999875,-6.068909076284232,39.802431013335905,False,True,False
unigradicon,37a749d808,53,UNCHANGED,0,11.489366093507117,2,-2.708938447813489,-8.541734087672745,-0.8372307042927565,7.510394584479295,False,True,False
unigradicon,37a749d808,54,UNCHANGED,0,8.465437317578214,1,-41.550219928448904,-8.898911298908946,-2.7305310865792007,52.44499066558606,False,True,False
unigradicon,37a749d808,55,UNCHANGED,0,6.719022051647255,1,-31.127829414981647,-0.4980202193948457,4.914444108105622,39.104446931029074,False,True,False
unigradicon,37a749d808,56,UNCHANGED,0,4.605462632154227,0,-24.059221708661813,-15.99947181398332,-4.843621359607606,32.79011395575104,False,True,False
unigradicon,37a749d808,57,UNCHANGED,0,13.816387896462683,2,-8.628426137807082,-9.14374142653011,5.8029541246953915,13.721817775960913,False,True,False
unigradicon,37a749d808,58,UNCHANGED,0,4.1597261570989374,0,-52.45667574931879,1.4949825789325009,-7.010530469621471,65.81408886707382,False,True,False
unigradicon,37a749d808,59,UNCHANGED,0,11.397761327391997,2,-61.22314049586696,3.07182851427989,10.493139958749087,77.0128263129283,False,True,False
unigradicon,37a749d808,60,UNCHANGED,0,3.590069854514727,0,1.4433566433566738,-6.942300207395024,1.4650558072314417,5.829981940313338,False,True,False
unigradicon,37a749d808,61,UNCHANGED,0,9.12940837625876,1,-36.419803660162984,-8.754667934170847,12.395500308014855,47.062752060130016,False,True,False
unigradicon,37a749d808,62,UNCHANGED,0,20.14440467789482,3,-38.27072270281337,-5.009627539864324,-17.312172974357633,49.90388003322152,False,True,False
unigradicon,37a749d808,63,UNCHANGED,0,8.831958004497459,1,-25.46203230423173,-3.3574508921571606,-0.037188592738268966,31.935387247291587,False,True,False
unigradicon,37a749d808,64,UNCHANGED,0,4.978430818668258,0,-42.04983277592055,1.4439385792978268,9.21974932581833,53.0752561190653,False,True,False
unigradicon,37a749d808,65,UNCHANGED,0,4.437840640742517,0,-41.01559322033895,-7.320983043587445,-13.831923658286987,52.7290692796874,False,True,False
unigradicon,37a749d808,66,UNCHANGED,0,7.61824402349885,1,-47.806184513162364,3.4384277949773523,-12.058981471652311,60.56999432188759,False,True,False
unigradicon,37a749d808,67,UNCHANGED,0,6.442036439699347,1,-44.19401056958323,-12.612528987353668,-5.248498847200301,56.2664533944434,False,True,False
unigradicon,37a749d808,68,UNCHANGED,0,10.242457201771957,2,-63.02203802849549,2.011854795651247,14.830323889775153,79.65731095395213,False,True,False
unigradicon,37a749d808,69,UNCHANGED,0,7.676848203626073,1,-31.125219941350064,-3.41058093868658,6.351949257209868,39.31831383077624,False,True,False
unigradicon,37a749d808,70,UNCHANGED,0,6.642226502291261,1,-41.557565789474396,-12.844877562025635,-5.7403216343868815,53.10025649283947,False,True,False
unigradicon,37a749d808,71,UNCHANGED,0,8.720712436945933,1,-27.785846461615527,-3.911076396493027,2.459173288880064,34.92031243533737,False,True,False
unigradicon,37a749d808,72,UNCHANGED,0,7.984243880193833,1,-27.807792207793433,0.18739634077271883,0.8257614968689092,34.7661537857959,False,True,False
unigradicon,37a749d808,73,UNCHANGED,0,11.237208091623984,2,-62.87377148634889,-12.170557664061437,-21.174472947604812,80.90857525690211,False,True,False
unigradicon,37a749d808,74,UNCHANGED,0,12.70612219927013,2,-38.93699849624161,-5.6175992608360765,-13.84542220868257,50.07468221408349,False,True,False
unigradicon,37a749d808,75,UNCHANGED,0,4.8361113242980664,0,8.571428571428601,-11.602883841196512,1.9874333164173832,14.119914140078079,False,True,False
unigradicon,37a749d808,76,UNCHANGED,0,5.645616980519994,1,-47.995735607674874,-5.178954706871332,-13.75174896160174,61.101929608395054,False,True,False
unigradicon,37a749d808,77,UNCHANGED,0,12.566601135650222,2,-14.357806237168962,-15.547512760703402,-7.763401564254233,22.518138701110022,False,True,False
unigradicon,37bc1b6433,1,UNCHANGED,0,44.35096882120764,4,-0.5287894502879908,-2.975694697378388,-5.490950586493239,4.960575013011696,False,False,True
unigradicon,37bc1b6433,2,UNCHANGED,0,22.772946650717632,3,1.4956679337660035,3.6530678060031976,0.8382051704127107,3.474563961042965,False,False,True
unigradicon,37bc1b6433,3,UNCHANGED,0,18.112190289071727,2,-0.18909032310017437,-1.5606377490957526,-5.091006601348867,4.204307136214948,False,False,True
unigradicon,37bc1b6433,4,UNCHANGED,0,10.098313532463935,2,-3.964391224947326,-6.066604736156319,12.254134562934464,11.852671282192029,False,False,True
unigradicon,37bc1b6433,6,UNCHANGED,0,10.783188899340837,2,0.6343418844403004,-0.43043239192580396,0.19110567025518893,0.8743442323708558,False,False,True
unigradicon,37bc1b6433,7,UNCHANGED,0,31.726927811657337,4,7.343991465176418,-10.654149129449214,11.293361045659182,15.261250046748378,False,False,True
unigradicon,37bc1b6433,13,UNCHANGED,0,10.504296621155886,2,-0.3673963926759939,4.642125022895389,2.3234684721179564,4.088500614374538,False,False,True
unigradicon,37bc1b6433,15,UNCHANGED,0,5.518288719570262,1,-2.3380156075819967,1.3651469919653818,-0.34328910938146323,3.1226946920731895,False,False,True
unigradicon,37bc1b6433,16,UNCHANGED,0,6.674200468707143,1,-3.78199052132702,0.17415319450792277,-0.05356200919186445,4.729633165396499,False,False,True
unigradicon,37bc1b6433,18,UNCHANGED,0,39.116565919771936,4,-3.191137022171995,0.2561863395779645,-8.452003918822054,7.7731696378934885,False,False,True
unigradicon,37bc1b6433,19,UNCHANGED,0,51.71731057937884,5,-10.415003780087522,-16.123421525703684,2.7444436005213886,18.24130275282312,False,False,True
unigradicon,37bc2f75bf,2,UNCHANGED,0,4.874234491686858,0,3.6400000000000317,-2.7442263667233875,3.7874508093993655,5.850291458264233,False,False,True
unigradicon,37bc2f75bf,5,UNCHANGED,0,8.471484483264037,1,4.594338380512772,-0.07555495441262954,2.2312603997963936,6.006986049307082,False,False,True
unigradicon,37bc2f75bf,9,UNCHANGED,0,9.704753288448725,1,3.8052312106833597,6.091897398559552,15.07343122454151,13.663931082943446,False,False,True
unigradicon,37bc2f75bf,17,UNCHANGED,0,6.141150638199909,1,-1.1693617021276395,-2.269023009856015,0.45208353046638505,2.324686380535497,False,False,True
unigradicon,37bc2f75bf,22,UNCHANGED,0,9.276258540781452,1,-0.17978452175277654,-6.890345896787445,1.6112712064918668,5.534051565202579,False,False,True
unigradicon,37bc2f75bf,23,UNCHANGED,0,11.301312492842678,2,0.7882394455666827,4.617177967682654,4.10052469838976,4.943826722186312,False,False,True
unigradicon,37bc2f75bf,25,UNCHANGED,0,7.895313790731248,1,2.3935240151109385,0.5663167351940119,5.001379874210543,4.971793967916337,False,False,True
unigradicon,37bc2f75bf,28,UNCHANGED,0,13.079350048732085,2,-1.2,0.33909476824447177,-2.0003444986935452,2.193417067014152,False,False,True
unigradicon,37bc2f75bf,30,UNCHANGED,0,6.708540224618307,1,-11.197085397843273,-8.99152491257158,-3.3628984270844753,15.882442504842125,False,False,True
unigradicon,37bc2f75bf,38,UNCHANGED,0,9.195450789200757,1,2.4382978723391715,-1.6410504020862433,2.004121771600269,3.665042595355308,False,False,True
unigradicon,38af86134b,1,UNCHANGED,0,34.9348798303751,4,1.587500896122674,3.71791393760004,11.396433410036641,9.65512213917858,False,False,True
unigradicon,38af86134b,2,UNCHANGED,0,4.0510224444360565,0,6.824427480916006,1.9920973948304512,1.2007980074306965,8.722857340618791,False,False,True
unigradicon,38af86134b,3,UNCHANGED,0,5.404877484871389,1,0.4297766749387392,1.4649529171000277,-0.365972745696124,1.2965391014999108,False,False,True
unigradicon,38b18881fc,1,UNCHANGED,0,10.924163042865858,2,46.61244019138746,10.42296932147461,-0.24279798308323472,58.831761511251216,True,True,False
unigradicon,38b18881fc,2,UNCHANGED,0,90.16122609559372,5,60.140320627331334,-0.9784377250745213,3.35708734270394,75.22593074917805,True,True,False
unigradicon,38b3eff8ba,3,UNCHANGED,0,4.258919875892125,0,1.2789041095890525,5.3803244435479725,4.9968151553032625,5.979624395924233,False,False,True
unigradicon,38b3eff8ba,4,UNCHANGED,0,4.809356456798409,0,4.947593582887703,-3.9951613987657315,7.963780050561536,9.352278773595254,False,False,True
unigradicon,38b3eff8ba,5,UNCHANGED,0,4.671870328315728,0,-5.35867768594967,5.239004305069531,-8.07818397420499,10.11105547490019,False,False,True
unigradicon,38b3eff8ba,6,UNCHANGED,0,4.809356456798409,0,-15.37887223411899,-7.644055662408383,-2.986071720754909,20.266677054926028,False,False,True
unigradicon,38b3eff8ba,13,UNCHANGED,0,6.646005074335633,1,-15.389514170040718,-2.6221832281875743,0.6154554110672972,19.35168830612321,False,False,True
unigradicon,38b3eff8ba,14,UNCHANGED,0,4.896818406795263,0,-10.478810408921959,2.138628011912992,8.950367122380042,14.97432533595119,False,False,True
unigradicon,38b3eff8ba,19,UNCHANGED,0,5.7336266724407645,1,-7.4303064861006645,1.1446917943652184,3.9152575799461014,9.828875383357795,False,False,True
unigradicon,38b3eff8ba,22,UNCHANGED,0,5.329888945854208,1,-0.9497362990150577,2.292428142471847,-4.247090372335112,3.980421036699833,False,False,True
unigradicon,38b3eff8ba,27,UNCHANGED,0,23.596660931540097,3,-20.465216851548814,46.317065635212714,-0.4443746839874874,44.30652920343197,False,False,True
unigradicon,38b3eff8ba,28,UNCHANGED,0,5.062937469074885,1,6.908108108108093,-1.0528465634102302,5.720562190381614,9.778220030373834,False,False,True
unigradicon,38b3eff8ba,34,UNCHANGED,0,8.020934265527242,1,5.805725774727807,-1.64085157278736,1.4104703051228418,7.452989059519589,False,False,True
unigradicon,38b3eff8ba,39,UNCHANGED,0,4.718592131068301,0,-16.492452488687082,13.88513826687018,5.5590783768903655,23.70312683319906,False,False,True
unigradicon,38b3eff8ba,42,UNCHANGED,0,4.671870328315728,0,5.74909090909199,3.444513499731526,3.1968414454159437,8.077304464906462,False,False,True
unigradicon,38db3aed92,1,UNCHANGED,0,9.68817573538304,1,0.8016448959845206,-9.238999255120412,5.858728294850625,8.627727842401537,True,False,True
unigradicon,38db3aed92,2,UNCHANGED,0,12.998304540993072,2,1.281212349397606,-11.65361485187685,5.284716519506014,10.138420732307823,True,False,True
unigradicon,39059724f7,2,UNCHANGED,0,2.8141400085700154,0,-0.6388888888888686,-2.646348968218186,-2.6834071796807852,3.0646381132868803,True,False,True
unigradicon,39059724f7,3,MERGING,0,103.92727135285172,5,9.098348104780097,-49.93906299273565,-11.167235074359569,41.57119569714005,True,False,True
unigradicon,39059724f7,5,UNCHANGED,0,4.114297651436616,0,2.6436047430830056,-1.5520356999920533,1.30082724212242,3.6663936476017325,True,False,True
unigradicon,39059724f7,6,MERGING,0,103.92727135285172,5,21.04711211608269,-43.257993568243,-65.99212596459209,67.41367924721727,True,False,True
unigradicon,39059724f7,7,UNCHANGED,0,7.2536382684756955,1,5.728467153284782,-0.7128615863778528,-2.4047120287486776,7.428576045659472,True,False,True
unigradicon,39059724f7,8,UNCHANGED,0,8.1872448798519,1,2.736898132176884,-0.49058217962132306,-1.7866969730883182,3.719965760178788,True,False,True
unigradicon,39059724f7,9,UNCHANGED,0,16.234768872579963,2,-0.6291105121293867,0.3569527038751319,-0.0019753727911382057,0.8343422912336332,True,False,True
unigradicon,39059724f7,10,MERGING,0,103.92727135285172,5,1.9794320467722628,-1.1944342074582273,9.031566997623186,7.600714946438595,True,False,True
unigradicon,39059724f7,11,MERGING,0,103.92727135285172,5,27.531132192659378,-11.39908955271203,-44.83848330562245,50.15124544428791,True,False,True
unigradicon,3988c7f88e,2,UNCHANGED,0,9.807323537117648,1,-113.06031746031735,-7.746927960284322,-15.972936665034641,142.0151444178636,True,True,False
unigradicon,3988c7f88e,3,UNCHANGED,0,5.813933904023593,1,-8.60235294117731,139.67303360604828,-136.93623470855414,153.9100612363675,True,True,False
unigradicon,3988c7f88e,7,UNCHANGED,0,13.084939147997133,2,-132.51767881241443,37.03448025095443,-24.406479157259025,169.2524028750408,True,True,False
unigradicon,3988c7f88e,8,UNCHANGED,0,15.299263915622989,2,-243.6864144195687,-24.186296048467433,-22.061198260512736,305.6891174415072,True,True,False
unigradicon,3988c7f88e,12,UNCHANGED,0,18.131906436571665,2,-153.07468531468436,31.379416288337072,-48.850368628915064,196.71920942388002,True,True,False
unigradicon,3988c7f88e,17,UNCHANGED,0,14.540861525547657,2,-212.26824001470246,-0.042311708853160504,-47.01527995517467,267.91578098150194,True,True,False
unigradicon,3988c7f88e,18,UNCHANGED,0,5.726493042920507,1,-13.84260736717074,9.633608344553245,-0.052749723927359556,18.868301511454778,True,True,False
unigradicon,3988c7f88e,19,UNCHANGED,0,11.06249659891578,2,-138.56544640409317,-56.04589013581686,28.279804895611502,180.04008404474212,True,True,False
unigradicon,3988c7f88e,20,MERGING,0,65.18439125566861,5,-158.04598158842293,36.782959370511804,-72.61085692911495,207.69296012421117,True,True,False
unigradicon,3988c7f88e,22,UNCHANGED,0,5.898820826184706,1,-187.382017844886,-3.0166046408706726,-39.332004449968,236.2861123117875,True,True,False
unigradicon,3988c7f88e,28,UNCHANGED,0,15.67552568375827,2,-243.33158207664442,-86.62572533994079,36.45924189627303,312.9228165787669,True,True,False
unigradicon,3988c7f88e,32,UNCHANGED,0,11.766181125283811,2,-79.09191346094005,13.47778583242248,-9.431031578672759,99.7017372714157,True,True,False
unigradicon,3988c7f88e,33,UNCHANGED,0,8.301495767063257,1,-239.87575800813255,26.65964444410946,-88.00910834094913,308.4836541486902,True,True,False
unigradicon,3988c7f88e,39,UNCHANGED,0,15.110364799099699,2,189.94830031887147,-68.10444159987995,129.75221032978533,263.9795915234362,True,True,False
unigradicon,3988c7f88e,44,MERGING,0,65.18439125566861,5,-128.74750327817992,47.06769041176727,-76.0377785709476,175.64287361834866,True,True,False
unigradicon,3988c7f88e,48,UNCHANGED,0,7.21492912685209,1,-253.3531112507845,-31.63235208239609,-26.335741119994005,318.3324190745168,True,True,False
unigradicon,3994f23bfb,15,UNCHANGED,0,13.891810940223788,2,-4.662766798418398,14.337655737583415,11.099941935681723,15.364232106161998,True,False,True
unigradicon,3994f23bfb,17,UNCHANGED,0,5.791608124969665,1,2.3485805422641306,2.6530658869854267,-4.050082353705225,4.808655681061477,True,False,True
unigradicon,3b8a614226,3,UNCHANGED,0,6.180194672352063,1,2.8888888888880047,-2.8342402902264143,-6.023579425433694,6.366092720961154,False,False,True
unigradicon,3b8a614226,4,UNCHANGED,0,6.401100593018397,1,-0.45970149253730597,-4.327877458100033,2.1746956756143607,3.8339501973483827,False,False,True
unigradicon,3cec07e9ba,1,UNCHANGED,0,16.568849533685047,2,-13.328221778222268,-4.641380815037296,13.703554217438027,20.18926619704668,False,True,False
unigradicon,3cec07e9ba,2,UNCHANGED,0,21.01012629833593,3,-2.4844812695678913,2.6660733913803094,-5.360204640926831,5.645040024727134,False,True,False
unigradicon,3cec07e9ba,3,UNCHANGED,0,4.395396554534389,0,-12.800000000000022,16.00018593565229,-9.518142607677024,21.64603795939534,False,True,False
unigradicon,3cec07e9ba,5,UNCHANGED,0,6.687294627724213,1,-25.400435729848233,8.231215143530255,0.5825894490493478,32.398071004363636,False,True,False
unigradicon,3def184ad8,1,UNCHANGED,0,10.567984235501498,2,2.8201506591335375,-6.369250181400871,-1.7758743807565203,6.25577459905155,False,False,True
unigradicon,3def184ad8,2,UNCHANGED,0,3.6637155084223685,0,1.1576470588234997,-0.8090824357911928,-0.20386006113471053,1.5871798224115594,False,False,True
unigradicon,3def184ad8,3,UNCHANGED,0,7.258946346396815,1,1.0480349344978095,-2.1738085320176572,0.9707970173555889,2.2771130034717038,False,False,True
unigradicon,3def184ad8,4,UNCHANGED,0,6.895376585991248,1,5.492881355933013,-1.4799933718898581,-0.879341900102403,6.997196480437587,False,False,True
unigradicon,3fe94a0023,1,UNCHANGED,0,5.374988472152324,1,-5.180095693779049,-9.089760397967984,3.1587576283143313,9.926519751787227,False,False,True
unigradicon,3fe94a0023,3,UNCHANGED,0,7.592192423325035,1,-2.0017029638124084,-9.219793300943682,1.8674797317849137,7.764094393248226,False,False,True
unigradicon,3fe94a0023,7,UNCHANGED,0,4.471543131066463,0,1.2,-4.51176999519305,1.1431101084888462,3.9344448821827953,False,False,True
unigradicon,3fe94a0023,9,UNCHANGED,0,10.54239634302731,2,8.063209359176607,3.1318409062772807,6.141106877133319,11.447553891198323,False,False,True
unigradicon,3fe94a0023,10,UNCHANGED,0,4.964368445748457,0,-1.2699029126213646,-2.5742218092313673,-5.464241327968303,5.014871876129656,False,False,True
unigradicon,3fe94a0023,11,UNCHANGED,0,4.623235207465468,0,3.6743362831858577,2.752031092427485,0.6098792018574057,5.093732635914849,False,False,True
unigradicon,3fe94a0023,12,UNCHANGED,0,4.391677012037953,0,-1.2367346938775428,2.2746961567385524,1.3218082966179145,2.575578434701719,False,False,True
unigradicon,3fe94a0023,13,UNCHANGED,0,4.623235207465468,0,2.301176470588257,7.9701582937912745,-0.4661988369492287,6.8670367232616645,False,False,True
unigradicon,3fe94a0023,15,UNCHANGED,0,6.772061119006995,1,-0.5759665621732211,-11.975145177770226,4.724046549142182,10.093652028609121,False,False,True
unigradicon,3fe94a0023,17,UNCHANGED,0,4.222596189027107,0,4.930569948186507,5.164554211751912,1.987742731994998,7.5308765436938065,False,False,True
unigradicon,3fe94a0023,19,UNCHANGED,0,5.088528769859745,1,-1.8222760290567521,2.2254498356344263,0.6264490635461122,2.9075399348417563,False,False,True
unigradicon,42a0e188f5,6,UNCHANGED,0,8.423067718718656,1,1.226266866566641,1.3061605822241216,-0.6000806121923373,1.9011506714702142,False,False,True
unigradicon,42a0e188f5,10,UNCHANGED,0,8.077109240917629,1,0.5832402234647815,6.5937580472674355,5.849341847310868,6.953460561828539,False,False,True
unigradicon,432aca3a1e,15,UNCHANGED,1,10.18641004506411,2,-55.32596685082882,6.738149502645085,-2.720449773450693,69.39059812928002,False,True,False
unigradicon,441954d29a,1,UNCHANGED,0,4.785937303365614,0,-1.492307692307668,-3.6097056756172363,-1.0357598068754303,3.4778263186170624,False,False,True
unigradicon,441954d29a,2,UNCHANGED,0,11.880346320245595,2,-2.0356863475517457,0.6469046110921127,-1.2870038645407353,2.7859325366965675,False,False,True
unigradicon,441954d29a,3,UNCHANGED,0,4.180901333672923,0,-1.2497925311203062,1.229906018058566,0.48254715709784174,1.8730242880702717,False,False,True
unigradicon,441954d29a,6,UNCHANGED,0,5.916104123214199,1,-10.039215686274133,3.908420629241736,-0.4702334324977806,12.92026151017675,False,False,True
unigradicon,441954d29a,7,UNCHANGED,0,6.447040455516588,1,1.478386514149065,-1.3234585759793154,2.3737440007525565,2.8268549507406657,False,False,True
unigradicon,441954d29a,9,UNCHANGED,0,8.283650406518378,1,-2.3403726708081876,0.6056461877319745,-1.4897065827489444,3.1880406406353603,False,False,True
unigradicon,441954d29a,10,UNCHANGED,0,7.620578063209366,1,0.4004421355149589,0.25188831676321555,1.2630639039177456,1.1324223169066219,False,False,True
unigradicon,441954d29a,11,UNCHANGED,0,7.735363033971082,1,1.543859649123533,-1.1345735898640883,-0.6364061492446355,2.182092690656251,False,False,True
unigradicon,45fbc6d3e0,1,UNCHANGED,0,10.117837644222144,2,-0.6870179250406636,-2.3319133768646125,2.1379724646978358,2.626755747174959,False,False,True
unigradicon,45fbc6d3e0,2,UNCHANGED,0,11.807588716019396,2,2.2601807549168598,2.202821463208385,0.3636013415708971,3.3202396032001515,False,False,True
unigradicon,45fbc6d3e0,3,UNCHANGED,0,7.853637057383848,1,3.2096558636816326,3.5041899592304686,-8.617854104788094,8.355815292793846,False,False,True
unigradicon,45fbc6d3e0,4,UNCHANGED,0,6.97057504473493,1,-0.07781753130643665,-1.0657927531442335,-0.03895280995011015,0.8386117973067888,False,False,True
unigradicon,45fbc6d3e0,5,UNCHANGED,0,15.286388248957127,2,-1.6464780105362706,-8.76698450523613,8.066657142258148,9.572116584038152,False,False,True
unigradicon,45fbc6d3e0,6,UNCHANGED,0,12.739593127028192,2,2.7123494687122047,-0.5603661530600982,-1.2253285074403804,3.5526423411219312,False,False,True
unigradicon,45fbc6d3e0,7,UNCHANGED,0,6.539159134282689,1,1.5945144551520798,-0.9022818732678646,0.31375284237410167,2.1284918862687703,False,False,True
unigradicon,45fbc6d3e0,9,UNCHANGED,0,8.296440269305979,1,-6.886971689253414,-0.9745626650982725,4.173746873786562,9.248443579820188,False,False,True
unigradicon,46ba9f2a69,1,UNCHANGED,0,10.13091716212678,2,78.33632286995513,3.1852494741520494,33.80267178856057,101.51797535767714,False,True,False
unigradicon,46ba9f2a69,2,UNCHANGED,1,8.441525337915348,1,-18.36212382478111,0.8370696608207114,5.957252853249851,23.438095357345475,False,True,False
unigradicon,4734ba6f3d,2,UNCHANGED,0,2.8583777389500336,0,-1.2,-3.7386769967940023,-0.5425635064501186,3.3104546600459472,False,False,True
unigradicon,4734ba6f3d,3,UNCHANGED,0,3.146051781290976,0,-1.1623529411764366,0.5892302203371785,0.2770336885546216,1.539671662646729,False,False,True
unigradicon,4734ba6f3d,5,UNCHANGED,0,18.909025329779876,2,0.7301660688181073,-0.8245383751088727,0.9892525988963284,1.3626948730292825,False,False,True
unigradicon,4734ba6f3d,6,UNCHANGED,0,6.544051416746986,1,1.873913043479024,-1.0846526444019973,1.2155893009942578,2.669133080171485,False,False,True
unigradicon,4734ba6f3d,7,UNCHANGED,0,2.8583777389500336,0,1.1911764705882433,-1.0359381178447868,0.5415214891802553,1.7476199254139637,False,False,True
unigradicon,4734ba6f3d,8,UNCHANGED,0,7.373634599906407,1,-7.415604504102089,9.911017561022396,1.5014372849530346,12.134352295386577,False,False,True
unigradicon,4734ba6f3d,9,UNCHANGED,0,6.482888479335511,1,-2.260359508040574,-1.0832936738431787,-0.4505677379544611,2.970748661732689,False,False,True
unigradicon,4734ba6f3d,10,UNCHANGED,0,7.0753783480256125,1,1.1754266211603863,2.3186912929937122,1.3773280730505204,2.5727586739140573,False,False,True
unigradicon,4734ba6f3d,13,UNCHANGED,0,4.941473098584475,0,1.8533352795208429,-3.049018672400498,-0.5587612050337722,3.351391806908954,False,False,True
unigradicon,4734ba6f3d,14,UNCHANGED,0,12.510035222801314,2,4.863691609209388,-8.660438940064065,-1.5767212407610443,9.17923522645326,False,False,True
unigradicon,4734ba6f3d,15,UNCHANGED,0,13.688767346936991,2,-1.016838217819077,-0.576939942524294,-0.45228396123711523,1.3949685500155609,False,False,True
unigradicon,4734ba6f3d,16,UNCHANGED,0,6.053791919676864,1,-0.03578146888212359,0.7970823293696486,-0.018640547710104902,0.6242992593748596,False,False,True
unigradicon,4734ba6f3d,17,UNCHANGED,0,5.095993239050147,1,2.179104477611941,3.5486772799778556,4.047854501952971,5.030001670765959,False,False,True
unigradicon,4734ba6f3d,20,UNCHANGED,0,3.9637768633077624,0,-1.179487179487205,0.41942908910337023,-0.7589244608018382,1.624681608391304,False,False,True
unigradicon,4734ba6f3d,21,UNCHANGED,0,12.451731948791647,2,-0.2264767490577242,9.356975825268036,3.6881229219960954,7.870942978158487,False,False,True
unigradicon,47d1e99058,1,UNCHANGED,0,10.314755307247989,2,1.0990626394882568,-0.69325611264952,-3.5797998471051073,3.187183702480095,False,False,True
unigradicon,47d1e99058,2,UNCHANGED,0,11.032982608184525,2,10.753081413211158,10.825217141681804,-4.128821532283733,16.209893141061553,False,False,True
unigradicon,47d1e99058,3,UNCHANGED,0,5.989624471048259,1,-0.017234367056084922,-0.7258137296358024,0.37966030762346803,0.6415031892234877,False,False,True
unigradicon,48aedb8880,1,UNCHANGED,0,21.621359801851227,3,-224.10210803689014,10.259897917317847,29.463681366856235,281.2047573444924,True,True,False
unigradicon,48aedb8880,3,UNCHANGED,0,14.163924073269527,2,-74.54240785869733,-46.02881043832724,-3.4644477809240573,99.90949894997618,True,True,False
unigradicon,48aedb8880,4,UNCHANGED,0,49.8030559254414,4,-30.664105525781157,-8.588571061708002,4.741446731394542,39.09203236608953,True,True,False
unigradicon,49182f81e6,1,UNCHANGED,0,7.896932999391832,1,12.435994546280915,1.5534100336945689,1.8014216709978468,15.656910767518967,False,False,True
unigradicon,49182f81e6,2,UNCHANGED,0,8.511321387273501,1,18.41877810905162,5.90035165287992,1.642559966534992,23.51584847360177,False,False,True
unigradicon,49182f81e6,3,UNCHANGED,0,12.686645603645955,2,11.760212295444529,-15.336337083859595,2.0180134457887884,19.028866057508125,False,False,True
unigradicon,49182f81e6,4,UNCHANGED,0,6.544192957656789,1,18.34285714285703,3.9147842079443755,0.9832989432477945,23.1445299751319,False,False,True
unigradicon,496e05e1ae,1,UNCHANGED,0,4.906880078370939,0,1.2248275862069022,1.0597270436884703,-0.8148029307886573,1.8553597805711075,True,False,True
unigradicon,496e05e1ae,2,UNCHANGED,0,3.214915934451429,0,4.684337349397606,-5.770702046341571,2.2861019887534915,7.606032718265616,True,False,True
unigradicon,496e05e1ae,3,UNCHANGED,0,5.6557144985249925,1,4.8078431372548724,0.7473935276731566,0.6203918314786148,6.0578928056949035,True,False,True
unigradicon,496e05e1ae,4,UNCHANGED,0,3.43731774260119,0,1.9175257731958482,-0.7556998839440251,0.6893959624372608,2.527719466918146,True,False,True
unigradicon,496e05e1ae,5,UNCHANGED,0,3.3298304318121685,0,4.897021276595774,0.3149092816084139,3.6691604390826114,6.775791688985435,True,False,True
unigradicon,496e05e1ae,6,UNCHANGED,0,4.802446509477631,0,4.9358139534875365,0.11951498898252295,5.699058364281805,7.635035570716989,True,False,True
unigradicon,496e05e1ae,8,UNCHANGED,0,6.926326414718427,1,0.7045614035092967,-6.546699110381546,-1.6342476927124039,5.3460944556941055,True,False,True
unigradicon,496e05e1ae,10,UNCHANGED,0,2.808487756106212,0,4.768586387434562,-8.709639178778051,-5.795493002607835,10.134580363065387,True,False,True
unigradicon,496e05e1ae,11,UNCHANGED,0,5.76885866837977,1,1.4052923076911839,-0.7332373282531243,2.598458293726238,2.759871005540602,True,False,True
unigradicon,496e05e1ae,12,UNCHANGED,0,5.841889948715872,1,3.161608300907619,1.865985680052159,0.27572192882459434,4.217764388054821,True,False,True
unigradicon,496e05e1ae,13,UNCHANGED,0,6.3697364663579465,1,3.762706766917995,0.5136568513951657,0.6773790837002523,4.750619871492421,True,False,True
unigradicon,496e05e1ae,14,UNCHANGED,0,3.974096652335969,0,1.2088235294117566,4.523202939646925,1.264278213068016,3.9695921338560036,True,False,True
unigradicon,496e05e1ae,15,UNCHANGED,0,3.974096652335969,0,3.6198347107437714,4.495065061558983,1.5241325496861169,5.851879448817902,True,False,True
unigradicon,496e05e1ae,17,UNCHANGED,0,4.264111473919974,0,1.9714285714286006,4.520349573087551,2.370489842800711,4.694088057423898,True,False,True
unigradicon,496e05e1ae,18,UNCHANGED,0,5.537852641693275,1,3.760039081583341,-6.211159530013882,-4.618343337463149,7.674610802057059,True,False,True
unigradicon,496e05e1ae,19,UNCHANGED,0,2.9565697655303165,0,8.789189189189187,-2.8076793454211124,0.2978895304525083,11.205645357192164,True,False,True
unigradicon,496e05e1ae,20,UNCHANGED,0,3.8117043205829,0,3.6441176470588514,-1.6369686829197116,3.389612179531966,5.434730312845071,True,False,True
unigradicon,496e05e1ae,21,UNCHANGED,0,3.091140750024676,0,2.6646153846153537,1.7123893107332806,0.9711022426757424,3.6701035824280086,True,False,True
unigradicon,496e05e1ae,22,UNCHANGED,0,6.575352294918613,1,1.1001443001453937,-2.9805719889050866,0.9473453595260295,2.8051003592909027,True,False,True
unigradicon,496e05e1ae,23,UNCHANGED,0,6.149912941003972,1,2.753113553114349,-0.04078686131930562,0.35217945671280043,3.4527387268246112,True,False,True
unigradicon,496e05e1ae,24,UNCHANGED,0,5.196169590268531,1,0.8984719864179169,0.07918121659744251,-2.1974011649928804,2.066650129168161,True,False,True
unigradicon,496e05e1ae,25,UNCHANGED,0,3.538472842290235,0,3.566077738515901,-0.00726380851768024,-3.231975901530333,5.135450571503654,True,False,True
unigradicon,496e05e1ae,26,UNCHANGED,0,5.6557144985249925,1,1.818886198548239,0.2779333264192594,0.07346377652104481,2.284681489778191,True,False,True
unigradicon,496e05e1ae,27,UNCHANGED,0,36.40942931364764,4,0.18859072446115874,-1.4084075739278505,1.532731821638586,1.6516556636287276,True,False,True
unigradicon,496e05e1ae,28,UNCHANGED,0,8.545110562136422,1,-0.9046312518586319,-15.45703341309985,-7.3115872243810305,13.427212507692062,True,False,True
unigradicon,496e05e1ae,30,UNCHANGED,0,3.43731774260119,0,8.336842105263191,-11.99338632860108,-4.285442951377341,14.414178509006772,True,False,True
unigradicon,496e05e1ae,31,UNCHANGED,0,5.103360936337525,1,7.767765567766105,-7.026007479903195,-2.235749478723964,11.291621622053315,True,False,True
unigradicon,496e05e1ae,32,UNCHANGED,0,6.117200019431929,1,-0.9269284712485841,-8.752582996965478,-0.8782807925460331,6.967812260500204,True,False,True
unigradicon,496e05e1ae,33,UNCHANGED,0,5.877730660933077,1,-0.035387086412060856,2.78841100337441,0.8059186344003103,2.2691138621187705,True,False,True
unigradicon,496e05e1ae,34,UNCHANGED,0,5.616975512212424,1,1.1931034482750875,-3.2902339093341237,0.4665205155014008,2.993813000616427,True,False,True
unigradicon,496e05e1ae,35,UNCHANGED,0,3.725044483074395,0,3.4657342657342722,2.163472031329733,-9.50427157205882,8.823589052327181,True,False,True
unigradicon,496e05e1ae,36,UNCHANGED,0,5.49742891849958,1,-1.3864026402635319,-9.495827443660342,-6.579793628720809,9.217112457387234,True,False,True
unigradicon,496e05e1ae,37,UNCHANGED,0,7.197735931412397,1,0.3105793132513554,1.970196662637056,-1.174015604261929,1.837502882642991,True,False,True
unigradicon,496e05e1ae,38,UNCHANGED,0,3.538472842290235,0,7.667999999999983,-4.897604733514711,0.6731845096644739,10.333691816589516,True,False,True
unigradicon,496e05e1ae,39,UNCHANGED,0,5.456401800554086,1,2.5267080745341444,-1.3647316040058317,-0.9086866332281646,3.4096138752739713,True,False,True
unigradicon,496e05e1ae,40,UNCHANGED,0,5.150183376872743,1,5.367032967032969,-6.213221153251641,-4.25078035804642,8.93326930655873,True,False,True
unigradicon,496e05e1ae,41,UNCHANGED,0,6.87463548520238,1,3.515702479339893,-2.9624407496351832,2.0652948167406304,5.226962327733585,True,False,True
unigradicon,496e05e1ae,42,UNCHANGED,0,3.974096652335969,0,1.1152941176470677,-5.427339689877582,2.2562503494739286,4.804126488807933,True,False,True
unigradicon,496e05e1ae,44,UNCHANGED,0,6.182281500049351,1,6.945833333333349,-0.8975658669107707,-4.442325361579808,9.389279845705493,True,False,True
unigradicon,496e05e1ae,45,UNCHANGED,0,6.741887203510773,1,0.1799443929561221,1.3261755346515114,0.1880176269571315,1.0702167948519123,True,False,True
unigradicon,4c56ff4ce4,1,UNCHANGED,0,5.913139531060633,1,-6.930891950688215,0.11161521287956662,4.651558228378409,9.40932015500131,True,False,True
unigradicon,4c56ff4ce4,2,UNCHANGED,0,10.075084743362018,2,-6.494364606998829,1.67889131809296,2.6118436886189924,8.477449897477811,True,False,True
unigradicon,4c56ff4ce4,3,UNCHANGED,0,7.314602664029566,1,6.385629361592805,-2.4184574163245958,-2.617893254152988,8.458539863368065,True,False,True
unigradicon,4c56ff4ce4,4,UNCHANGED,0,13.998614567105664,2,-4.2709682527108495,-1.6176801076578617,-7.023516695871191,7.797875109307578,True,False,True
unigradicon,4c56ff4ce4,5,UNCHANGED,0,6.741887203510773,1,-22.347763937103785,2.0075931138886625,-12.961711075872119,29.78914867404642,True,False,True
unigradicon,4c56ff4ce4,6,UNCHANGED,0,5.805603981804964,1,-5.657275781856629,2.0619007619788996,3.7605152160661333,7.836072124862444,True,False,True
unigradicon,4c56ff4ce4,7,UNCHANGED,0,13.729712948312544,2,0.20934553425515787,2.086061271558291,4.371359936023488,3.823406442812409,True,False,True
unigradicon,4c56ff4ce4,8,UNCHANGED,0,5.329462413342345,1,-19.105882352941194,-0.9075632562059729,0.7809367516128994,23.900812564966127,True,False,True
unigradicon,4c56ff4ce4,9,UNCHANGED,0,7.33753260293166,1,-7.756971774762382,-1.084426350016063,-9.440176245520513,12.256061396979224,True,False,True
unigradicon,4c56ff4ce4,10,UNCHANGED,0,7.686414875612481,1,-15.730081300813072,0.1909886231345957,2.4411954906872273,19.757277791722775,True,False,True
unigradicon,4c56ff4ce4,11,UNCHANGED,0,6.084133427522237,1,-22.001789854777076,1.204875705854871,-1.2328039916357494,27.535516417740585,True,False,True
unigradicon,4c56ff4ce4,12,UNCHANGED,0,9.428242344260592,1,-9.412435906693645,3.2843093562603523,1.5775066907873199,12.106059057764943,True,False,True
unigradicon,4c56ff4ce4,13,UNCHANGED,0,9.657959803163687,1,0.9092232755451505,2.0773120386003288,2.331196533219154,2.703126662557153,True,False,True
unigradicon,4c56ff4ce4,14,UNCHANGED,0,8.612002603556254,1,-5.021000650768428,-4.103367780441844,-5.6361670375569695,8.332878140604105,True,False,True
unigradicon,4c56ff4ce4,15,UNCHANGED,0,14.680777571253726,2,-15.787997241965218,3.73627854909503,-13.845884823531842,22.744836608782943,True,False,True
unigradicon,4c56ff4ce4,16,UNCHANGED,0,8.459994241364617,1,3.8349430428403366,5.619352310777061,1.6166068324498286,6.623222461367802,True,False,True
unigradicon,4c56ff4ce4,17,UNCHANGED,0,26.50618007062084,3,-1.6383796362509884,-5.1544853725147375,0.5736950200753408,4.5392697934549275,True,False,True
unigradicon,4c56ff4ce4,18,UNCHANGED,0,22.482520076427633,3,-8.69796714007282,0.6055537047819111,6.172866046016196,11.922866451432968,True,False,True
unigradicon,4c56ff4ce4,19,UNCHANGED,0,5.329462413342345,1,-25.897177308851248,9.949786596824808,-6.966061611266077,33.74175028761994,True,False,True
unigradicon,4c56ff4ce4,20,UNCHANGED,0,5.948129336702898,1,-15.509269949065152,-1.236128583217554,-0.16962546479540877,19.411071917038708,True,False,True
unigradicon,4c56ff4ce4,21,UNCHANGED,0,15.107910735342838,2,-7.362802080147048,-0.3918420841745995,-4.91160723251509,9.990782704508677,True,False,True
unigradicon,4c56ff4ce4,23,UNCHANGED,0,10.449005181667497,2,-0.4054553860388069,2.5519507550786233,8.1842963502469,6.7769719976612155,True,False,True
unigradicon,4c56ff4ce4,24,UNCHANGED,0,5.007048026594835,1,-22.24446142093302,0.8244616887030783,-1.4347075407678012,27.836057574726123,True,False,True
unigradicon,4c56ff4ce4,25,UNCHANGED,0,7.02745493474198,1,-22.854996944614253,-11.068360079769432,-10.188711741536967,30.9115275116297,True,False,True
unigradicon,4c56ff4ce4,26,UNCHANGED,0,13.36081520939562,2,-17.295042934750473,4.194237199422327,-4.92639927914844,22.20835642146647,True,False,True
unigradicon,4c56ff4ce4,27,UNCHANGED,0,6.084133427522237,1,-1.560737704917574,6.38006890176155,7.642803395439967,8.062115284022292,True,False,True
unigradicon,4c56ff4ce4,28,UNCHANGED,0,21.33678924291921,3,-16.108481058380107,4.159787907061513,-14.031429470458276,23.20688842748343,True,False,True
unigradicon,4c5bde74a8,3,UNCHANGED,0,18.263549487716652,2,14.0550612244896,3.07323069727352,-9.257865304105696,19.177582391312814,False,False,True
unigradicon,4c5bde74a8,4,UNCHANGED,0,6.071238969522797,1,0.3466666666656124,1.2142595307919501,1.3805469101352028,1.5078425377711213,False,False,True
unigradicon,4c5bde74a8,5,UNCHANGED,0,33.93756443702523,4,-1.6846528535077994,-1.2814264141410938,-0.5921602577027973,2.377885475159587,False,False,True
unigradicon,4c5bde74a8,6,UNCHANGED,0,20.29933543038579,3,2.722473246134416,-3.626161858120271,-0.16567517056018985,4.4292806241542975,False,False,True
unigradicon,4c5bde74a8,8,UNCHANGED,0,6.607175165228696,1,-0.08934169278992385,1.5651898301810772,-1.279802400935595,1.5894620084315596,False,False,True
unigradicon,4c5bde74a8,11,UNCHANGED,0,5.0566660391156955,1,2.1446015867541064,1.3842201149758304,-0.5798032841566025,2.9265048017490733,False,False,True
unigradicon,4c5bde74a8,13,UNCHANGED,0,3.907811184318856,0,6.0,-3.7803318160077084,4.5826578090998,8.83404247390781,False,False,True
unigradicon,4c5bde74a8,14,UNCHANGED,0,17.38727348794037,2,1.3862665287893379,-2.061284446010261,-1.2619070596319764,2.5662576725761785,False,False,True
unigradicon,4c5bde74a8,15,UNCHANGED,0,6.68226312933942,1,2.4057142857142706,-1.2014023058810896,1.4731718495387045,3.357725881515741,False,False,True
unigradicon,4c5bde74a8,16,UNCHANGED,0,10.064474639524951,2,-4.319324577861039,2.0689671820681683,3.0343778646410238,6.123212173082966,False,False,True
unigradicon,4c5bde74a8,17,UNCHANGED,0,38.13616842205899,4,0.3105728600626776,-4.63383449572176,3.0584750657727855,4.367067796975855,False,False,True
unigradicon,4c5bde74a8,18,UNCHANGED,0,6.115882035797086,1,0.3685125858122319,-0.4847958669425085,0.08997755990566414,0.6004890623254355,False,False,True
unigradicon,502e4a1693,1,UNCHANGED,0,7.008435640867947,1,-0.6014701182480394,-2.4638357268892377,3.411942915856494,3.393377002116847,False,False,True
unigradicon,5072d348b2,1,UNCHANGED,0,8.783106215253639,1,-7.627164685907156,2.6939860144036207,-4.056510033558332,10.274575253944091,False,False,True
unigradicon,5072d348b2,2,UNCHANGED,0,9.851905920288376,1,-0.03487684729166176,-0.23788400465510917,0.6309942318021393,0.5331759835999167,False,False,True
unigradicon,5072d348b2,5,UNCHANGED,0,17.19850908050547,2,1.2515574650919916,-14.948168662808051,6.787528086579536,12.939156920144377,False,False,True
unigradicon,53c3bce66e,2,UNCHANGED,0,6.066569743980813,1,0.8023553299492505,-4.335195384350392,3.4319007224977907,4.449884405090907,True,False,True
unigradicon,53c3bce66e,3,UNCHANGED,0,5.942727448757724,1,1.211111111111086,-2.9219939427108668,0.14636523574228608,2.7409984244031413,True,False,True
unigradicon,53c3bce66e,5,UNCHANGED,0,10.015685972484972,2,-1.1965591397851767,-1.8522536530681168,2.3918804314246676,2.8091450613148754,True,False,True
unigradicon,53c3bce66e,6,UNCHANGED,0,8.341951184881957,1,-1.9632270168861397,-0.5060118299768579,0.34679617964631626,2.500665936778117,True,False,True
unigradicon,53c3bce66e,7,UNCHANGED,0,8.550585852947844,1,4.748861985472121,1.7760090008464007,-4.449051846362045,7.03442813563427,True,False,True
unigradicon,53c3bce66e,8,UNCHANGED,0,6.688234025409369,1,-1.2829093966793834,-0.4868452305969742,4.6018713339219754,3.9874160492425346,True,False,True
unigradicon,53c3bce66e,9,UNCHANGED,0,18.3688943124696,2,0.3044492865678734,-1.2513669096122115,-3.132756262347653,2.685050942003427,True,False,True
unigradicon,53c3bce66e,10,UNCHANGED,0,4.394111373070333,0,0.028186167898138593,-0.9931842826499429,-0.5246519123598699,0.8799266645736022,True,False,True
unigradicon,555d6702c9,3,UNCHANGED,0,37.108911330321014,4,1.200368523420957,-3.012954466662425,-3.739413007638061,4.061204932478474,False,False,True
unigradicon,555d6702c9,5,UNCHANGED,0,32.82201560395418,4,2.5291403597314686,0.32673709142199686,-5.8275880008193575,5.5857880797058055,False,False,True
unigradicon,555d6702c9,6,UNCHANGED,0,3.4924056562788204,0,-4.489655172413791,0.8224758359452967,-2.6201432365642225,6.015117343929905,False,False,True
unigradicon,555d6702c9,7,UNCHANGED,0,12.736162623993083,2,1.220715585202015,1.1762003683503228,2.5559084516329893,2.6905252080970117,False,False,True
unigradicon,555d6702c9,8,UNCHANGED,0,5.465755638517304,1,-1.3799999999999728,-1.1863823597459047,0.5999177022629233,2.0144957399449988,False,False,True
unigradicon,568628e0d9,9,UNCHANGED,0,7.384196593736038,1,-0.4383386581477907,-0.4599226564316575,-0.7271134778433365,0.8708429479209586,False,False,True
unigradicon,568628e0d9,22,UNCHANGED,0,4.096453018810232,0,4.467505551442923,6.537670329857334,2.2127524930488103,7.765550799094547,False,False,True
unigradicon,568628e0d9,26,UNCHANGED,0,6.37104360134338,1,-0.01681012658234522,4.4473101645689,-2.9188582176204623,4.167530366399305,False,False,True
unigradicon,568628e0d9,38,UNCHANGED,0,4.030369640095475,0,1.1845659163987192,-0.8774081821938342,-0.8333954980102386,1.7591022254684394,False,False,True
unigradicon,568628e0d9,42,UNCHANGED,0,8.273391603176856,1,-0.38482821328868794,5.2589439356454415,-1.3230707445014733,4.265033308299219,False,False,True
unigradicon,568628e0d9,43,UNCHANGED,0,4.561778697314829,0,-2.7319148936169997,-1.3957974438829845,1.2985318073181347,3.7282087821549688,False,False,True
unigradicon,56d9ba4ec6,1,UNCHANGED,0,9.515619688667922,1,-1.1978245506221128,-7.980544940458848,3.050741940305441,6.847155209370645,False,False,True
unigradicon,56d9ba4ec6,2,UNCHANGED,0,9.142630892093237,1,1.9770308123248015,8.260899790453712,8.936673825898861,9.871657056987416,False,False,True
unigradicon,56d9ba4ec6,4,UNCHANGED,0,12.520977253032264,2,-1.2937969080761604,0.6754326372571468,-1.583071827147404,2.11041820592269,False,False,True
unigradicon,5737c6ec2e,1,UNCHANGED,0,10.276242343806429,2,-0.24748617395744077,4.723402095340351,2.0504480586933393,4.039992821371373,False,False,True
unigradicon,5737c6ec2e,2,UNCHANGED,0,18.436701108293704,2,2.508899553004426,14.533760803307771,-4.486238482529645,12.296606404074778,False,False,True
unigradicon,5737c6ec2e,3,UNCHANGED,0,14.075618196293775,2,0.4232662566759018,-0.8527099392355495,-0.8243515434012318,1.0707369002162468,False,False,True
unigradicon,5737c6ec2e,4,UNCHANGED,0,8.006351659312687,1,-0.15339619346906375,1.0569110245192102,0.12002810935157625,0.8527006112051048,False,False,True
unigradicon,5737c6ec2e,5,UNCHANGED,0,22.065658971556413,3,2.3943268242554154,-2.1392101382000486,-6.485762571365999,6.159158657426252,False,False,True
unigradicon,5737c6ec2e,6,UNCHANGED,0,7.705826100724582,1,16.557136083452008,7.875060559919441,0.42424995162308954,21.59355334104339,False,False,True
unigradicon,5737c6ec2e,7,MERGING,0,35.895705766243935,4,1.4625447213061307,-2.719542043317703,3.721266625697669,4.058820452596193,False,False,True
unigradicon,5737c6ec2e,8,UNCHANGED,0,13.194559728569661,2,0.48031429042595164,5.40458710090552,0.07823862976074433,4.263915536274244,False,False,True
unigradicon,5737c6ec2e,10,UNCHANGED,0,54.87823810616615,5,1.6984644100086257,-3.7930078932510947,-4.103808686939915,4.875136236823409,False,False,True
unigradicon,5737c6ec2e,11,UNCHANGED,0,59.087983005086144,5,-11.962110040137077,14.827139830121869,1.7866825650748577,18.96483363851709,False,False,True
unigradicon,5737c6ec2e,12,UNCHANGED,0,7.28397818585863,1,-3.3509841269841445,-9.064546369123825,4.2532348939787035,8.883970153669347,False,False,True
unigradicon,5737c6ec2e,13,MERGING,0,35.895705766243935,4,-5.056642274133992,9.923419161454802,-10.329951313033856,12.901391561865998,False,False,True
unigradicon,5737c6ec2e,14,MERGING,0,48.49945194392895,4,13.853894800123896,16.74585307280454,-15.030401175268066,24.730027693822798,False,False,True
unigradicon,5737c6ec2e,15,UNCHANGED,0,6.916078139418796,1,0.14378416504933966,-0.9228273096762968,-0.8144135235771544,0.9821665363324794,False,False,True
unigradicon,5737c6ec2e,16,UNCHANGED,0,23.42950297350607,3,-0.6062910707375408,-0.6048407755653146,6.362113780754067,5.098525982919178,False,False,True
unigradicon,5737c6ec2e,19,UNCHANGED,0,9.519190832119351,1,0.2324410889957278,0.9990575921225329,-1.5992396379642175,1.5117444885905342,False,False,True
unigradicon,5737c6ec2e,21,MERGING,0,48.49945194392895,4,-6.533529469185851,7.286468367348925,2.647381435333963,10.170835546133208,False,False,True
unigradicon,5737c6ec2e,22,UNCHANGED,0,10.6617211868781,2,-18.71473922902527,-16.010996534763837,15.939426243142039,29.356055708054846,False,False,True
unigradicon,5737c6ec2e,23,UNCHANGED,0,6.850828229204285,1,2.8787433940099447,0.593362218834643,-1.9734402083065579,3.948143149782267,False,False,True
unigradicon,5737c6ec2e,24,UNCHANGED,0,12.854372408260192,2,1.9200941064960944,-4.701862403761981,-0.009709963341822149,4.386951366529609,False,False,True
unigradicon,5759d9ff2a,1,UNCHANGED,0,45.174107488879145,4,1.6076721756260213,34.50741736162826,-27.21366024226417,34.51645118349984,False,True,False
unigradicon,5759d9ff2a,2,UNCHANGED,0,23.15406739883844,3,-50.82291855722569,6.76503482793389,23.97866313432402,66.49615961744567,False,True,False
unigradicon,5759d9ff2a,3,UNCHANGED,0,6.821314177872385,1,-48.24827586206902,-0.7109720251548345,36.142279713765525,66.71448888334112,False,True,False
unigradicon,577bcc914f,3,UNCHANGED,0,3.8211037704024826,0,-124.95310344827585,8.647676739315195,-3.524596349045049,156.3620628744387,False,True,False
unigradicon,577bcc914f,4,UNCHANGED,0,3.5259572995715134,0,-157.56302521008402,11.7741309126225,42.23010807654367,199.96385624888524,False,True,False
unigradicon,577bcc914f,9,UNCHANGED,0,3.727868671604149,0,-150.13333333333335,17.2283596295689,-43.3604591966923,191.2334809565675,False,True,False
unigradicon,577bcc914f,15,UNCHANGED,0,3.99502481303546,0,-56.721951219512206,0.8160741518586775,-48.79453544416622,80.68287608093944,False,True,False
unigradicon,577bcc914f,18,UNCHANGED,0,6.20673548057801,1,-27.728543689321167,-2.1916673529704487,-72.72481538157624,67.05775983403753,False,True,False
unigradicon,577bcc914f,19,UNCHANGED,0,8.660481167322024,1,-104.99625500133489,5.406362849306914,-10.461773642208254,131.57239914375884,False,True,False
unigradicon,577bcc914f,23,UNCHANGED,0,7.969187782763538,1,-151.23233459453945,12.73992815496233,-40.68743469223414,192.00479969017886,False,True,False
unigradicon,577bcc914f,24,UNCHANGED,0,8.834083933409929,1,-60.426339040418995,13.839180675225975,-55.623841696529176,88.02347066973685,False,True,False
unigradicon,577bcc914f,27,UNCHANGED,0,5.422082865618613,1,-177.81438515081203,17.266331490578153,-8.435759837814908,222.77612259074292,False,True,False
unigradicon,577bcc914f,29,UNCHANGED,0,5.597108326534772,1,-124.21658806310015,7.374038318867688,-48.48651821161271,160.01774815372843,False,True,False
unigradicon,577ef1154f,1,UNCHANGED,0,10.279748576383835,2,-4.617059891107088,0.8353467301742057,5.177415324645068,7.100766948331198,True,False,True
unigradicon,577ef1154f,2,UNCHANGED,0,7.73923847873168,1,1.4763052208835035,0.6494595816159231,-0.6485913584523356,1.9810576794405375,True,False,True
unigradicon,577ef1154f,5,UNCHANGED,0,17.93453277546786,2,-1.8596256684491137,-1.2193329919248366,1.188442702871083,2.6813371917116697,True,False,True
unigradicon,577ef1154f,7,UNCHANGED,0,13.224993911306958,2,-2.014198958935745,-1.767407135827417,-0.07577201866974646,2.8719305172120886,True,False,True
unigradicon,577ef1154f,8,UNCHANGED,0,9.157307131889805,1,-7.27053394858265,1.9019365057242448,-0.07653466186678072,9.208956717303135,True,False,True
unigradicon,577ef1154f,9,UNCHANGED,0,15.626883244942398,2,-0.07236271135711832,2.4611089341491863,1.9674979227544716,2.4723590340078423,True,False,True
unigradicon,57aeee35c9,1,UNCHANGED,0,5.150162226960052,1,0.34311111111112497,-0.8339088261330568,2.54206664945469,2.151954851802536,False,False,True
unigradicon,57aeee35c9,3,UNCHANGED,0,20.54901799234249,3,-2.8580198949762234,-3.461822145038014,3.873149427426247,5.423232622945465,False,False,True
unigradicon,58a2fc6ed3,1,UNCHANGED,0,10.526891329966345,2,3.3092105263153826,-14.964496324230039,-3.809967532366125,12.756938594962792,False,False,True
unigradicon,58a2fc6ed3,2,UNCHANGED,0,12.426026628087355,2,3.701000000000022,-8.970774397807318,-8.930188777328894,10.960549632215164,False,False,True
unigradicon,58a2fc6ed3,3,MERGING,0,15.171298125761718,2,14.611974232663442,-2.173727517777073,-3.2350439269576103,18.520425726373606,False,False,True
unigradicon,58a2fc6ed3,4,UNCHANGED,0,11.583166157592375,2,-7.585391766267605,-9.557763995767134,3.0941733304427577,12.311937477260825,False,False,True
unigradicon,58a2fc6ed3,5,MERGING,0,15.171298125761718,2,2.7174825174821535,-17.20138231446829,4.755701315082389,14.356108348926039,False,False,True
unigradicon,58a2fc6ed3,6,UNCHANGED,0,14.429884863144698,2,-4.578796781429276,-19.594899434469113,2.7883465173758526,16.48633090379475,False,False,True
unigradicon,58a2fc6ed3,7,UNCHANGED,0,9.42239072980605,1,0.497121420345934,-17.887083856433755,2.0006072594240583,14.072433960804,False,False,True
unigradicon,58a2fc6ed3,9,UNCHANGED,0,4.696743754584442,0,7.4688232536339,1.552553779234598,-4.949892321336554,10.192367737656731,False,False,True
unigradicon,58a2fc6ed3,10,UNCHANGED,0,15.336216460624962,2,4.106426548544391,-3.1237769940854934,-4.248819262477,6.598337458673048,False,False,True
unigradicon,58a2fc6ed3,11,UNCHANGED,0,15.85165930738418,2,1.6984684382539967,-2.284400665337469,-3.7984609597564556,4.083195892406409,False,False,True
unigradicon,58a2fc6ed3,12,UNCHANGED,0,16.268214778291952,2,-1.6365086558507755,-6.05203410854186,-9.085771305811525,8.826982459638295,False,False,True
unigradicon,58a2fc6ed3,13,UNCHANGED,0,18.184384704774477,2,4.089365084695487,3.386955462801651,-4.3504376447257895,6.701396386932806,False,False,True
unigradicon,58a2fc6ed3,14,UNCHANGED,0,9.17080862958884,1,1.1436133287043049,-2.7102312101210124,-0.4687616769449064,2.5808308911650446,False,False,True
unigradicon,58a2fc6ed3,15,UNCHANGED,0,11.705798366715946,2,5.332535885167886,-9.082706107102831,-6.435004468589879,10.978541383345453,False,False,True
unigradicon,58a2fc6ed3,16,UNCHANGED,0,19.058459323279028,2,-1.447410472072761,-21.752198706658085,-2.065469077760067,17.162086881964477,False,False,True
unigradicon,58a2fc6ed3,17,UNCHANGED,0,5.0216556106743635,1,2.052059052059576,-1.5465438450789135,3.75961891601691,4.103373744084927,False,False,True
unigradicon,58a2fc6ed3,18,MERGING,0,12.858161218402165,2,4.487835504630766,-14.304695125262095,-3.246170011225393,12.760976719220226,False,False,True
unigradicon,58a2fc6ed3,19,UNCHANGED,0,5.4848543199815305,1,-5.594274066524065,-11.505739999498168,0.3855681730809786,11.390359191379847,False,False,True
unigradicon,58a2fc6ed3,20,UNCHANGED,0,7.041892797194606,1,-12.145299145299077,-12.093602095527377,13.840069151380888,20.95075250165976,False,False,True
unigradicon,58a2fc6ed3,21,UNCHANGED,0,15.248704047931314,2,3.641594516594182,-6.004201173921042,-7.24929840463085,8.684752522188516,False,False,True
unigradicon,58a2fc6ed3,22,MERGING,0,17.121620228841227,2,-0.9042813455660053,-23.90723288333024,6.416043218247812,19.378619394483803,False,False,True
unigradicon,58a2fc6ed3,23,UNCHANGED,0,9.493883529485831,1,3.5203795643810736,-11.93748000721593,-5.506746344598631,11.187635817202517,False,False,True
unigradicon,58a2fc6ed3,24,UNCHANGED,0,7.041892797194606,1,3.0774548032609346,-16.00961594310684,-3.7024095924117923,13.404073727015337,False,False,True
unigradicon,58a2fc6ed3,25,UNCHANGED,0,9.479671107743044,1,5.147298718276488,-3.6253223292513552,-3.2316011828196203,7.477685350985055,False,False,True
unigradicon,58a2fc6ed3,26,UNCHANGED,0,12.661762677460684,2,4.964048805636139,-0.877338326886317,2.2571291703642853,6.491825497934219,False,False,True
unigradicon,58a2fc6ed3,27,MERGING,0,10.1313046638777,2,2.9655242595584923,-19.048313032975727,9.4491816694072,17.048207241801567,False,False,True
unigradicon,58a2fc6ed3,28,UNCHANGED,0,6.8291760610704895,1,-5.73877676310326,-17.27372506343488,0.09172837848180593,15.279563112591616,False,False,True
unigradicon,58a2fc6ed3,29,UNCHANGED,0,11.389269116540808,2,3.6720538720529703,-10.273771373072941,-6.907220631080283,10.730825719863695,False,False,True
unigradicon,58a2fc6ed3,30,UNCHANGED,0,13.204623677228334,2,6.344244604316486,-2.2195129419831634,-10.730085252140483,11.728953457234208,False,False,True
unigradicon,58a2fc6ed3,31,UNCHANGED,0,8.968673793587907,1,5.964616943341184,-3.8097860300563613,-5.449177442445388,9.106406164976805,False,False,True
unigradicon,58a2fc6ed3,32,UNCHANGED,0,15.749189350462443,2,3.439068552882361,-6.416434159769358,-2.2761940127940545,6.842352187523112,False,False,True
unigradicon,58a2fc6ed3,33,UNCHANGED,0,9.124953820267438,1,-1.3177226813594416,-6.271635022380936,-0.2441482968297053,5.171273074125528,False,False,True
unigradicon,58a2fc6ed3,34,MERGING,0,17.121620228841227,2,0.10565654263280067,-15.38877405725123,-4.743344936966759,12.588537273720593,False,False,True
unigradicon,58a2fc6ed3,35,UNCHANGED,0,14.337145251989922,2,-1.4530019685039406,-16.684607344527407,-1.7736331063374884,13.230860195834964,False,False,True
unigradicon,58a2fc6ed3,36,UNCHANGED,0,8.75699217007246,1,-8.894857142857973,-17.681310876623684,7.339603985605966,18.650711827925022,False,False,True
unigradicon,58a2fc6ed3,37,MERGING,0,10.1313046638777,2,-8.594223497791177,-17.271489053618854,7.3701022998230075,18.198232557061196,False,False,True
unigradicon,58a2fc6ed3,38,UNCHANGED,0,7.314910258089344,1,-0.9839452559543815,-14.837155607915577,-1.8294940366060595,11.741970783543143,False,False,True
unigradicon,58a2fc6ed3,39,UNCHANGED,0,7.432533426719329,1,-10.32272318460889,-17.675733806866518,12.652089762110268,21.37098938326951,False,False,True
unigradicon,58a2fc6ed3,40,MERGING,0,18.837575041525227,2,-4.8390286330590015,-22.232009060767687,7.816571343821253,19.393395011107454,False,False,True
unigradicon,58a2fc6ed3,41,UNCHANGED,0,9.37896895819419,1,2.6840435542402474,0.4536999964738358,-2.578149917491575,3.939512025602466,False,False,True
unigradicon,58a2fc6ed3,42,UNCHANGED,0,20.334011789191937,3,0.5278143206159029,-6.7669947970751725,0.35520604566591757,5.333414049925505,False,False,True
unigradicon,58a2fc6ed3,43,MERGING,0,18.837575041525227,2,-13.317540192421689,-18.310504386511482,13.953283785851958,24.55250936275948,False,False,True
unigradicon,58a2fc6ed3,44,UNCHANGED,0,5.309217055150693,1,-12.46755852842739,-16.50663914793904,8.73756002660917,21.368128345165857,False,False,True
unigradicon,58a2fc6ed3,45,MERGING,0,12.858161218402165,2,0.3927989521105246,-22.66162410398201,-8.479969506305766,18.92753232069474,False,False,True
unigradicon,58a2fc6ed3,46,UNCHANGED,0,12.645785672885124,2,3.2480246578911647,-22.78014102761721,-1.4091377133309657,18.282504640403896,False,False,True
unigradicon,5b8add2a5d,1,UNCHANGED,0,10.837020953371438,2,-0.48077690219972735,-1.3019341286489206,2.1658494042604537,2.0773194328656595,False,False,True
unigradicon,5b8add2a5d,2,UNCHANGED,0,7.96401854315764,1,4.434674922601152,-3.7437418570431378,-0.04195225468578078,6.267274189592051,False,False,True
unigradicon,5b8add2a5d,3,UNCHANGED,0,14.642951522712849,2,2.613005812744336,-1.905802734263045,2.390368395489962,4.054733611287439,False,False,True
unigradicon,5b8add2a5d,4,UNCHANGED,0,9.867325359390739,1,-1.532127077634982,-2.835513402580556,1.0272106593612196,3.0379044259368917,False,False,True
unigradicon,5b8add2a5d,5,UNCHANGED,0,5.11352197555743,1,-3.922528032619448,-0.30255009499777347,-0.8263792798269906,4.951962580392859,False,False,True
unigradicon,5b8add2a5d,6,UNCHANGED,0,4.1081051440265925,0,1.1873015873015675,-1.1903809218950063,1.112849422616213,1.9590566157140152,False,False,True
unigradicon,5b8add2a5d,7,UNCHANGED,0,9.329968009590406,1,0.2326617179218374,-0.012833728568094005,0.4038079403257002,0.43149704298752395,False,False,True
unigradicon,5b8add2a5d,8,UNCHANGED,0,4.1081051440265925,0,-1.2609137055837665,-1.4187027158331977,-1.190273703138948,2.1433293468410497,False,False,True
unigradicon,5b8add2a5d,9,UNCHANGED,0,5.829333054003939,1,3.1254545454544997,0.33637279080817484,-0.8944452845949896,3.9787284779772945,False,False,True
unigradicon,5b8add2a5d,10,UNCHANGED,0,5.236786534673142,1,-1.459700452803986,2.2991503339353114,0.25904239740966295,2.568139711923816,False,False,True
unigradicon,5b8add2a5d,11,UNCHANGED,0,11.646508991674544,2,1.3286231010376242,-0.2588439827143693,-1.8762670626017433,2.233956865864842,False,False,True
unigradicon,5b8add2a5d,12,UNCHANGED,0,34.30469762453658,4,-5.688896211827739,-12.831251436437892,-3.390639957631795,12.575746638405336,False,False,True
unigradicon,5b8add2a5d,13,UNCHANGED,0,7.610190720511263,1,7.132728089887604,-2.83278559251361,1.3413329286580702,9.247065212970714,False,False,True
unigradicon,5b8add2a5d,14,UNCHANGED,0,8.407353092315955,1,0.7999999999992042,0.4463928457106274,0.9721067015208991,1.3076015653232025,False,False,True
unigradicon,5b8add2a5d,15,UNCHANGED,0,7.6667741417287925,1,1.849091193165964,-6.425273367827777,2.362298770530588,5.830786245059639,False,False,True
unigradicon,5b8add2a5d,16,UNCHANGED,0,14.57333263500985,2,2.1598254545454436,-6.532117914096151,2.592455928102318,6.1236295207505,False,False,True
unigradicon,5b8add2a5d,17,UNCHANGED,0,6.321045706651343,1,0.7967014843309925,0.7898789294817474,-1.7266566131270136,1.7967413176982743,False,False,True
unigradicon,5b8add2a5d,18,UNCHANGED,0,13.25251052909432,2,-8.864513428671206,-0.03209502799566577,13.384209112986591,15.306790272068145,False,False,True
unigradicon,5b8add2a5d,19,UNCHANGED,0,4.1081051440265925,0,0.9217391304347984,-1.3916530584473359,0.2598139499638078,1.5971340998141308,False,False,True
unigradicon,5b8add2a5d,20,UNCHANGED,0,11.0574017115523,2,-1.5886639676109326,0.8467149433833937,0.3190549479257983,2.108124244935148,False,False,True
unigradicon,5b8add2a5d,21,UNCHANGED,0,26.78404178420389,3,-2.696090214982905,-1.71344110928995,-0.5610918625344925,3.6530011278331633,False,False,True
unigradicon,5b8add2a5d,22,UNCHANGED,0,7.581580710885599,1,1.2559015570064844,0.2899722486788093,-10.802689778471859,8.66964955776594,False,False,True
unigradicon,5b8add2a5d,23,UNCHANGED,0,16.29059523894062,2,-0.496687870147548,-0.05168442427311598,-0.5126196279432348,0.7420793000002074,False,False,True
unigradicon,5b8add2a5d,24,UNCHANGED,0,5.730511707983376,1,-2.3322207958930674,-1.852807275735494,0.13749484446734783,3.256460459923957,False,False,True
unigradicon,5b8add2a5d,25,UNCHANGED,0,9.405212936547695,1,3.363157894736844,-0.5008400933910715,3.5792308718558696,5.079490810810021,False,False,True
unigradicon,5b8add2a5d,26,UNCHANGED,0,15.010866867867565,2,0.01229868228479063,-4.004841346395131,1.2532661558416793,3.280400848441318,False,False,True
unigradicon,5b8add2a5d,27,UNCHANGED,0,5.780344745871587,1,-2.6866717440984305,-0.7538474764325022,-0.49328131299551087,3.4316983466005437,False,False,True
unigradicon,5b8add2a5d,28,UNCHANGED,0,6.9229384888041725,1,-0.47129060579454746,-3.407582963861304,-0.33138923569685125,2.7382577146099845,False,False,True
unigradicon,5b8add2a5d,29,UNCHANGED,0,13.776646435969154,2,-0.4897175639885745,2.0842391468773935,2.5963838399448362,2.687186426908456,False,False,True
unigradicon,5b8add2a5d,30,UNCHANGED,0,7.6667741417287925,1,0.5969791165010065,-16.17067415602997,4.315530422426046,13.10151475774833,False,False,True
unigradicon,5b8add2a5d,31,UNCHANGED,0,14.885277943093637,2,1.262824589295792,-5.586954867599794,-1.014930017350589,4.708754576571222,False,False,True
unigradicon,5b8add2a5d,32,UNCHANGED,0,4.467072903846736,0,0.5990867579903352,-5.775249906453677,3.950122245468152,5.533409012189188,False,False,True
unigradicon,5b8add2a5d,33,UNCHANGED,0,12.59023647686919,2,5.931835557641989,-3.6460122518304394,0.816228013079968,7.968837840810866,False,False,True
unigradicon,5b8add2a5d,34,UNCHANGED,0,5.780344745871587,1,1.840758293838053,1.1396787086094156,0.2801513879632418,2.4769897212909493,False,False,True
unigradicon,5b8add2a5d,35,UNCHANGED,0,4.467072903846736,0,1.7976190476185365,0.9175852939603055,0.9889397179974747,2.4842518173519084,False,False,True
unigradicon,5b8add2a5d,36,UNCHANGED,0,7.858522432116126,1,0.6925288376228764,2.4780414204592707,0.48282528005443137,2.154082699200001,False,False,True
unigradicon,5b8add2a5d,37,UNCHANGED,0,8.61249088732794,1,-0.5823563328846149,-0.541158499696882,0.1875152094909249,0.854647412978633,False,False,True
unigradicon,5b8add2a5d,38,UNCHANGED,0,13.871660793171843,2,13.75542469952428,-2.0806460438885677,-1.2590545045542787,17.2994422238536,False,False,True
unigradicon,5b8add2a5d,39,UNCHANGED,0,6.362092608132761,1,-1.7649230769240376,0.6684446715250989,-0.43597512674271766,2.2930289503970624,False,False,True
unigradicon,5b8add2a5d,40,UNCHANGED,0,5.924912878750008,1,-1.6162195882716333,0.2584233068117007,0.626398931910845,2.0896185885155414,False,False,True
unigradicon,5b8add2a5d,41,UNCHANGED,0,4.776096564560851,0,1.3375494071135563,0.4163980695166305,-0.10479051759120248,1.7052765125808624,False,False,True
unigradicon,5b8add2a5d,42,UNCHANGED,0,3.5455181133924745,0,1.279245283018895,-0.32816580970492726,-1.3746963455855195,1.9491291430593771,False,False,True
unigradicon,5b8add2a5d,43,UNCHANGED,0,5.575556486884969,1,-3.219987413466879,-1.4740796349986007,0.576697661401527,4.211048245835035,False,False,True
unigradicon,5b8add2a5d,44,UNCHANGED,0,11.203962639944132,2,5.755182592561914,-0.26037386530568024,-3.0212545909096185,7.581360943972418,False,False,True
unigradicon,5b8add2a5d,45,UNCHANGED,0,7.722534458263267,1,2.3612903225808166,-1.836770562278672,0.9059058867219102,3.3586815222291495,False,False,True
unigradicon,5b8add2a5d,46,UNCHANGED,0,3.5455181133924745,0,1.7333333333328027,-1.5210422890883268,0.45823211519517315,2.4972678242929116,False,False,True
unigradicon,5b8add2a5d,47,UNCHANGED,0,15.888901702361437,2,-1.4589229720521644,-2.536368784113936,-0.5953046063295738,2.7331862939857823,False,False,True
unigradicon,5b8add2a5d,48,UNCHANGED,0,3.9023476233533603,0,-3.5818867924528375,-0.4492003478849259,1.15830209603753,4.583124635143977,False,False,True
unigradicon,5b8add2a5d,49,UNCHANGED,0,16.4079310903752,2,3.968071748880038,-2.5053514882609673,1.175810104274011,5.4121842165219975,False,False,True
unigradicon,5b8add2a5d,50,UNCHANGED,0,4.5483101567844475,0,0.11729323308359199,-0.10740278994506916,1.6257150123405566,1.2937634913347866,False,False,True
unigradicon,5b8add2a5d,51,UNCHANGED,0,5.296300567453813,1,-1.8406722689068147,-0.4564794067438639,0.1435757287706182,2.3310509585104775,False,False,True
unigradicon,5b8add2a5d,52,UNCHANGED,0,7.464922454730365,1,-0.02857142857196777,-0.7652448783609015,-1.2063661808201658,1.1244711503905807,False,False,True
unigradicon,5b8add2a5d,53,UNCHANGED,0,5.780344745871587,1,-0.1470687902418149,-1.1474207158010652,-0.09283542634875783,0.9177253356099268,False,False,True
unigradicon,5c7d5705ab,1,UNCHANGED,0,7.7666042900391075,1,-4.649289099526072,2.1136305481896827,-3.455453340461455,6.628181221203179,True,False,True
unigradicon,5c7d5705ab,2,UNCHANGED,0,25.882093573684333,3,3.876633081312548,8.391152856080568,0.6964440064716796,8.168957950752727,True,False,True
unigradicon,5c7d5705ab,3,UNCHANGED,0,23.74056369574863,3,2.210741373784174,2.4843203804498595,3.5430513733847553,4.383577577734036,True,False,True
unigradicon,5c7d5705ab,4,UNCHANGED,0,34.81547134325786,4,-0.24100818419316283,3.3821014701829646,-2.296423515149675,3.2172606950317677,True,False,True
unigradicon,5c7d5705ab,5,UNCHANGED,0,27.12040382263634,3,-4.488899876389951,1.8478344054848879,8.298574616932843,8.742892670185846,True,False,True
unigradicon,5c7d5705ab,6,UNCHANGED,0,13.517230468045746,2,-3.624612312812019,2.1779910503143367,6.640439238757884,7.13243343528196,True,False,True
unigradicon,5c7d5705ab,8,UNCHANGED,0,17.698381177230143,2,0.8109475566854485,7.550090967629746,-2.560784282382592,6.315057376638321,True,False,True
unigradicon,5ef059938b,1,UNCHANGED,0,22.96091957296126,3,1.0364719982921542,-7.5467894451790665,-5.72647014949761,7.538719143627452,False,False,True
unigradicon,5ef059938b,2,UNCHANGED,0,7.893374236526974,1,1.4863776032782199,-2.65514462750295,2.6226382594662416,3.46900594782697,False,False,True
unigradicon,5f93f98352,1,UNCHANGED,0,8.936756535039287,1,-1.3333044185414793,-2.781330117803797,-5.019302984440863,4.814521159761841,True,False,True
unigradicon,5f93f98352,2,UNCHANGED,0,3.4605903865863197,0,-2.0394088669950747,-0.14984474834904377,0.3778100065088435,2.569296926834139,True,False,True
unigradicon,5f93f98352,3,UNCHANGED,0,5.336305366167049,1,2.699029126212781,-4.643307349967392,1.7023372190232933,5.131999101143923,True,False,True
unigradicon,5f93f98352,4,UNCHANGED,0,10.844993187316526,2,1.7750718962239944,-7.74706841207216,2.600945924148369,6.76332953209,True,False,True
unigradicon,621bf66ddb,2,UNCHANGED,0,22.907000102747116,3,2.035822635745217,1.6976045546342613,0.7791042172457837,2.9345513924672773,False,False,True
unigradicon,621bf66ddb,5,UNCHANGED,0,7.4386842881962165,1,2.2935576760196796,0.4790548276675646,-0.972922992710639,2.9914266072104962,False,False,True
unigradicon,64b2c11867,1,UNCHANGED,0,5.8830969565472495,1,-2.9677419354839003,3.0234286680225044,0.013793130330627372,4.39744837858629,True,False,True
unigradicon,64b2c11867,2,UNCHANGED,0,5.494889686101466,1,-8.851851851851848,16.949194786103014,5.707481113948554,17.830749596618514,True,False,True
unigradicon,64b2c11867,3,UNCHANGED,0,13.753855253546762,2,-14.234036275274946,12.60756008528593,-0.7062048746163468,20.343027951434582,True,False,True
unigradicon,64b2c11867,4,UNCHANGED,0,30.54525218748396,4,0.04087142762801932,0.8560821286295788,-1.397935551201038,1.2908065784608898,True,False,True
unigradicon,65b9eea6e1,1,UNCHANGED,0,23.3447123119613,3,2.5083745955864516,-5.106139744543295,-0.00461743789710109,5.072916521715676,False,False,True
unigradicon,65b9eea6e1,2,UNCHANGED,0,29.29255805712917,3,2.408568646543222,0.7475809980714365,-1.1165961991996474,3.1908343880328482,False,False,True
unigradicon,65b9eea6e1,3,UNCHANGED,0,28.157356798647072,3,-4.246813143310169,3.5065704398329287,1.4001415206532877,6.074605921086604,False,False,True
unigradicon,65cfedc125,1,UNCHANGED,0,3.9073474042071763,0,4.5740528128586675,1.3653473589160579,-2.2561278227898147,6.082461369113901,False,False,True
unigradicon,65cfedc125,2,UNCHANGED,0,25.07320333384082,3,0.687545151282194,-1.554419482683417,0.12863464351272313,1.490879974079148,False,False,True
unigradicon,65cfedc125,3,UNCHANGED,0,6.913188640459868,1,4.840650406504085,-2.2227234666309252,-1.7289313183947945,6.441016386857992,False,False,True
unigradicon,65cfedc125,4,UNCHANGED,0,5.910693145012475,1,4.512469775474864,-0.7043704762722517,-3.5475082005162664,6.320851219061531,False,False,True
unigradicon,65cfedc125,5,UNCHANGED,0,3.019613272671317,0,3.4476190476190482,-0.1618375022867162,-1.4767789244978582,4.466051084209079,False,False,True
unigradicon,65cfedc125,6,UNCHANGED,0,5.4357180723150265,1,4.398322411533383,4.013385200695391,-4.239619254842314,7.158293240462705,False,False,True
unigradicon,65ded5353c,1,UNCHANGED,0,36.95624055214954,4,-0.417911531246034,-0.06779088725133876,4.059744027240231,3.2458877255079117,False,False,True
unigradicon,65ded5353c,2,UNCHANGED,0,46.39945138859978,4,2.324983172476834,-0.48203401592239586,4.598155017872401,4.6636761564161,False,False,True
unigradicon,65ded5353c,3,UNCHANGED,0,35.29654095322295,4,-3.254137875623883,-0.23566750476814186,0.68563573903678,4.1076124320699225,False,False,True
unigradicon,65ded5353c,4,UNCHANGED,0,10.576251671473141,2,1.292682926827979,-1.2944735930995674,7.809389713440065,6.449689182641234,False,False,True
unigradicon,65ded5353c,5,UNCHANGED,0,37.88851721619995,4,5.056763925727978,1.3339461290557173,8.516409013979525,9.283900427350865,False,False,True
unigradicon,65ded5353c,6,UNCHANGED,0,19.768800451881386,2,-3.761441968091674,-11.364762398875754,14.750842862367731,15.373382394029818,False,False,True
unigradicon,65ded5353c,7,UNCHANGED,0,14.35418192729401,2,1.1060651845475036,0.28778608032211295,0.778305007548081,1.5294268625926986,False,False,True
unigradicon,65ded5353c,8,UNCHANGED,0,12.488350582314922,2,-3.7502645502655696,1.030422327737656,2.3202961542137093,5.096558395649488,False,False,True
unigradicon,65ded5353c,9,UNCHANGED,0,29.442166895183092,3,-4.087054833240018,5.412979210202576,1.8826267166749342,6.79547531762496,False,False,True
unigradicon,65ded5353c,10,UNCHANGED,0,14.092706347506727,2,11.947885380307866,-24.115096945074317,-10.552212324863257,25.43781812188662,False,False,True
unigradicon,65ded5353c,11,UNCHANGED,0,32.29193798730314,4,3.098459263740608,-1.690735591146498,1.968266883431669,4.376759310343158,False,False,True
unigradicon,65ded5353c,12,UNCHANGED,0,12.30052730349864,2,5.861559507522884,9.194485212924251,1.1143813831906582,10.296722099321236,False,False,True
unigradicon,65ded5353c,13,UNCHANGED,0,19.682283806685035,2,-3.2325932486575084,6.265553080812436,4.054091993546869,7.1066497597828375,False,False,True
unigradicon,65ded5353c,14,UNCHANGED,0,29.77947728040558,3,-1.3525308343670872,-5.8261617342869325,-3.428491628348603,5.557014897252281,False,False,True
unigradicon,65ded5353c,15,UNCHANGED,0,14.91545265548808,2,8.626086956519998,5.267354364399402,3.7966127786981314,11.923137864904342,False,False,True
unigradicon,65ded5353c,16,UNCHANGED,0,10.76628474346349,2,3.4104046242759978,3.112956209045358,2.7698496807621944,5.372156560655173,False,False,True
unigradicon,65ded5353c,17,UNCHANGED,0,16.44033759730795,2,5.805759457932709,2.870505836006399,6.503382409233147,9.166340239451557,False,False,True
unigradicon,671f8ff3e6,3,UNCHANGED,0,7.258946346396815,1,0.295510204081279,-1.9164295839974963,2.699412306113646,2.629230917464159,False,False,True
unigradicon,671f8ff3e6,4,UNCHANGED,0,11.90767756053102,2,-1.7093891334500426,1.3762092466339002,-2.2481335988216316,2.977778635556019,False,False,True
unigradicon,671f8ff3e6,6,UNCHANGED,0,5.411365963385673,1,-0.44462991434144217,-4.5788043344530704,-4.145267046658151,4.877902520627191,False,False,True
unigradicon,671f8ff3e6,7,UNCHANGED,0,11.284772873534681,2,1.075058169230647,-0.3298848984307517,-0.7187908440933836,1.4811717580146955,False,False,True
unigradicon,671f8ff3e6,10,UNCHANGED,0,4.34381505382131,0,-2.068860759493714,-4.244501700460188,-0.15145119068631763,4.2060670477756545,False,False,True
unigradicon,671f8ff3e6,11,UNCHANGED,0,6.401100593018397,1,1.860762331837759,-2.0190504309655593,-4.354921377247134,4.438797692598914,False,False,True
unigradicon,671f8ff3e6,13,UNCHANGED,0,5.533010202030276,1,2.398709677419151,-3.409917338422352,2.855854511063298,4.5999881470410875,False,False,True
unigradicon,671f8ff3e6,14,UNCHANGED,0,5.533010202030276,1,-2.265215701515558,2.037428113801817,0.13733757241709135,3.2498095907567155,False,False,True
unigradicon,671f8ff3e6,15,UNCHANGED,0,3.5226614118338326,0,8.163380281690138,6.298230222403569,-7.873043771979164,12.919319580729079,False,False,True
unigradicon,671f8ff3e6,16,UNCHANGED,0,15.304137284343605,2,1.1279674796757717,-3.005619657368537,9.895359376448994,8.273712403900875,False,False,True
unigradicon,671f8ff3e6,23,UNCHANGED,0,5.761429533225511,1,6.379213806328925,3.013548228050447,-5.807086890757029,9.49300318155172,False,False,True
unigradicon,671f8ff3e6,25,UNCHANGED,0,7.008435640867947,1,4.1613899613908645,-10.28307930266498,1.6663579742834491,9.65841510068531,False,False,True
unigradicon,671f8ff3e6,28,UNCHANGED,0,1.7613307059169163,0,-2.210526315789468,0.5969955498541327,-1.1865378155464417,2.954465057834341,False,False,True
unigradicon,671f8ff3e6,29,UNCHANGED,0,4.141477985370134,0,-0.47557354925847906,-3.0213784470411467,0.809279638295595,2.515803789153384,False,False,True
unigradicon,682670d9ab,2,UNCHANGED,0,9.326870924546393,1,-2.0643400272963617,-1.506750438557353,0.5843475499420245,2.8733174584339114,False,False,True
unigradicon,6974ce5ac6,1,UNCHANGED,0,10.157794280350673,2,-1.0641338760742627,-3.3189224690302956,5.020828557103871,4.917435618049279,False,False,True
unigradicon,6974ce5ac6,2,UNCHANGED,0,8.517396091189052,1,-2.034525528841982,1.9081264232397825,-2.648605200946527,3.6132444419948744,False,False,True
unigradicon,6974ce5ac6,3,UNCHANGED,0,62.3774195556371,5,1.2477964248499347,-1.700613514151876,-2.3535091632531318,2.7649616918439017,False,False,True
unigradicon,6974ce5ac6,4,UNCHANGED,0,31.181169716172384,4,-4.24845201238401,6.386536241907434,11.560247844478697,11.673662026218173,False,False,True
unigradicon,6974ce5ac6,5,UNCHANGED,0,12.571170572198376,2,2.6005086320731094,-1.0963039521993099,1.9147689112397615,3.6853911646078257,False,False,True
unigradicon,6974ce5ac6,6,UNCHANGED,0,6.788666552368364,1,2.0100000000000136,5.2621147640964985,2.084933500629386,5.090034594030251,False,False,True
unigradicon,6974ce5ac6,7,UNCHANGED,0,14.390397999562799,2,-9.885153486248509,-17.44958720580353,36.21683775075201,33.9844523186367,False,False,True
unigradicon,6974ce5ac6,8,UNCHANGED,0,5.955054425381243,1,-0.5685113685119972,0.5542571563693435,0.41492194088454565,0.8941823441055942,False,False,True
unigradicon,6974ce5ac6,9,UNCHANGED,0,13.063095453325325,2,-1.2687171052631983,2.8251073649484564,-7.607597700710334,6.5887819906083855,False,False,True
unigradicon,6974ce5ac6,10,UNCHANGED,0,22.345414012871036,3,-0.5400836090374697,-3.73360752273814,-1.2141097113582793,3.142634336584662,False,False,True
unigradicon,6974ce5ac6,11,UNCHANGED,0,13.619630365837642,2,-5.5554833810390845,-2.598924885707975,-0.8415803158369308,7.265320898844616,False,False,True
unigradicon,6974ce5ac6,12,UNCHANGED,0,8.710639692828872,1,3.6846153846151766,-3.961346302145187,1.0579555249793788,5.610842056439092,False,False,True
unigradicon,698d51a19d,1,UNCHANGED,0,14.038326547201464,2,1.5795708574692298,-0.5537888391182951,0.5673899707268518,2.0702607438686544,False,False,True
unigradicon,698d51a19d,2,MERGING,0,29.61500135373965,3,8.483237597003704,8.470324565514154,0.37387260669377387,12.501813226733992,False,False,True
unigradicon,698d51a19d,3,UNCHANGED,0,16.538959631230405,2,1.864191085939521,2.5312093275958434,-1.3061183355241306,3.224908140565758,False,False,True
unigradicon,698d51a19d,4,UNCHANGED,0,21.555118822491114,3,-1.000054090601833,-0.5224534708889065,-0.45915924888345605,1.3639673439721547,False,False,True
unigradicon,698d51a19d,5,UNCHANGED,0,7.26669477520337,1,-2.20858299595144,-2.1133607896227242,0.84786739431479,3.2853318857985045,False,False,True
unigradicon,698d51a19d,6,UNCHANGED,0,6.572755723752785,1,0.15972972972984395,-0.08000364170555609,-1.1058910472971233,0.8972787529505852,False,False,True
unigradicon,698d51a19d,7,UNCHANGED,0,4.86456492071108,0,1.2475247524752604,-3.0546301219034038,10.229021506000063,8.55916558100002,False,False,True
unigradicon,698d51a19d,8,UNCHANGED,0,10.763777350928182,2,-0.4776108597279517,0.03527554156708112,-4.0680255037447735,3.2648398667313647,False,False,True
unigradicon,698d51a19d,9,MERGING,0,29.61500135373965,3,-5.919451478626547,-10.667785624144264,-3.3385869097490275,11.45002800845688,False,False,True
unigradicon,698d51a19d,10,UNCHANGED,0,8.148480358033115,1,0.6618611342470843,2.461940902788172,-3.334213695569508,3.361858126248969,False,False,True
unigradicon,698d51a19d,11,UNCHANGED,0,8.586804334958961,1,-0.8254545454536242,-0.7010517175016078,2.2113694916985525,2.0996791738328966,False,False,True
unigradicon,698d51a19d,12,UNCHANGED,0,5.263380708353873,1,0.8210526315789707,0.8484237741697707,0.881096652148093,1.4055854793215687,False,False,True
unigradicon,698d51a19d,13,UNCHANGED,0,12.772331894048783,2,4.040709508578038,0.310557178529671,4.46923325520199,6.164783005620698,False,False,True
unigradicon,698d51a19d,14,UNCHANGED,0,11.457739423764792,2,2.6673469387761997,-7.74382368684545,-3.540275871517534,7.449603572825915,False,False,True
unigradicon,698d51a19d,15,UNCHANGED,0,5.989624471048259,1,-2.369361702127674,1.9701055477565785,-7.087082163177907,6.512014067985879,False,False,True
unigradicon,698d51a19d,16,UNCHANGED,0,16.576283221007994,2,2.5392690789335064,0.6478322567142785,-0.08475582832237478,3.2148543572060917,False,False,True
unigradicon,698d51a19d,17,UNCHANGED,0,11.658793299108824,2,2.3323866239131235,2.0040824533428228,0.2428258543903132,3.3145986250190527,False,False,True
unigradicon,698d51a19d,18,UNCHANGED,0,32.761613234184146,4,4.419063197908237,-7.7708964254698705,0.6935020525541056,8.224700431893128,False,False,True
unigradicon,698d51a19d,19,UNCHANGED,0,8.888339106307939,1,-3.142222795920361,3.010931604046911,1.5247548692853556,4.733334756719219,False,False,True
unigradicon,698d51a19d,20,UNCHANGED,0,12.693439628651701,2,-0.23323007112028335,-2.5556272928581247,1.0130896852064781,2.169726974263859,False,False,True
unigradicon,698d51a19d,21,UNCHANGED,0,10.2906553238597,2,-0.9983323943664232,-0.8254580902505478,-1.3542467873623383,1.7648237101738171,False,False,True
unigradicon,698d51a19d,22,UNCHANGED,0,6.7458018651712575,1,0.11999999999999318,-0.2952120477639529,-1.2714713365333803,1.040216393524055,False,False,True
unigradicon,698d51a19d,23,UNCHANGED,0,7.362320146188244,1,1.6276923076911998,-2.3602415664753806,1.6498597093472,3.038440272769351,False,False,True
unigradicon,698d51a19d,24,UNCHANGED,0,6.937079469009391,1,0.928841569999156,-6.568438239555055,-3.8287359922958943,6.06548458402068,False,False,True
unigradicon,698d51a19d,25,UNCHANGED,0,17.81706153679231,2,6.0498534392575065,0.9821794123304497,-1.6050840065241538,7.705896955121228,False,False,True
unigradicon,698d51a19d,26,UNCHANGED,0,14.80677145887018,2,2.174119288453608,0.5053999270233444,-2.784808476988754,3.516982703990323,False,False,True
unigradicon,698d51a19d,27,UNCHANGED,0,37.516321627762764,4,3.1578084621168303,-0.20455319369707292,-6.971221186293048,6.771972890045463,False,False,True
unigradicon,698d51a19d,28,UNCHANGED,0,6.094726984486639,1,-1.4393672316381185,1.0445595886348291,-0.9522416162740027,2.11356669978309,False,False,True
unigradicon,698d51a19d,29,UNCHANGED,0,18.000508818974552,2,5.84795321628917e-05,1.1783806758706277,-1.1470733351473568,1.2907669162462834,False,False,True
unigradicon,698d51a19d,30,UNCHANGED,0,20.221778249070844,3,3.3585385343462804,2.057919860966052,-5.610434458095401,6.308957239550027,False,False,True
unigradicon,69adc1e107,1,UNCHANGED,0,5.412058529588076,1,-0.24369501466192106,1.5092164536637234,1.0352399504830843,1.4660460383347196,False,False,True
unigradicon,69adc1e107,3,UNCHANGED,0,14.389535083384805,2,1.9127254213368587,0.6443271354884332,-2.2708174934047523,3.0298125992436806,False,False,True
unigradicon,69adc1e107,4,UNCHANGED,0,21.480371558337932,3,-1.9519858677481579,2.8794593301093303,-0.3457856936827287,3.329460669055922,False,False,True
unigradicon,6a9aeddfc6,1,UNCHANGED,0,21.24863577966861,3,-0.16130393996252793,10.606885863302232,15.804643171330454,14.972055255188058,False,False,True
unigradicon,6a9aeddfc6,2,UNCHANGED,0,60.07714971203129,5,61.104088119246015,-3.0712974228883616,-26.080608856104867,79.13982907235197,False,False,True
unigradicon,6a9aeddfc6,3,UNCHANGED,0,15.776519646551451,2,0.0257321821568695,6.397591145988721,8.594538744695479,8.42314844136854,False,False,True
unigradicon,6a9aeddfc6,5,UNCHANGED,0,95.72258694534271,5,37.46796629210511,-19.749381468024932,18.239288882145498,51.366490849929555,False,False,True
unigradicon,6a9aeddfc6,6,UNCHANGED,0,16.447755251318824,2,5.854042095948424,-2.5361360355765274,4.828990338476684,8.484485611462725,False,False,True
unigradicon,6a9aeddfc6,7,UNCHANGED,0,12.419960209937498,2,2.29276891047884,1.63332957038968,1.7807804135598022,3.437308772393745,False,False,True
unigradicon,6a9aeddfc6,8,UNCHANGED,0,39.36181576347208,4,-3.975251798561044,-0.03685785537872016,1.561414550773593,5.119584835626997,False,False,True
unigradicon,6a9aeddfc6,9,UNCHANGED,0,37.55685749695868,4,34.750568511005724,5.464206767397695,6.2785981341339685,43.92755809737254,False,False,True
unigradicon,6a9aeddfc6,10,UNCHANGED,0,16.00337737190694,2,-2.8494503533931406,6.0929779729475495,2.8078939932405853,6.343426404983641,False,False,True
unigradicon,6a9aeddfc6,11,UNCHANGED,0,8.074778280510081,1,-4.8926126126126634,9.244300894004251,5.1849626926114665,10.308435490850309,False,False,True
unigradicon,6c4b761a28,1,UNCHANGED,0,6.175257637035716,1,-1.2604269293916333,-0.9054310214520699,0.35695266665644065,1.7497640534016414,False,False,True
unigradicon,6c4b761a28,2,UNCHANGED,0,18.294176471120895,2,4.670026525199001,-2.2750873180767552,8.000085829761167,8.77930316096735,False,False,True
unigradicon,6c4b761a28,3,UNCHANGED,0,9.78850597422896,1,6.041558441558413,-10.281331211432464,-2.1194905994844886,11.149207659891816,False,False,True
unigradicon,6c4b761a28,4,UNCHANGED,0,80.58232668843891,5,6.275970698940762,0.18995268776555996,-6.830762001574174,9.519026157362205,False,False,True
unigradicon,6c4b761a28,5,UNCHANGED,0,8.438520738641033,1,-1.288244072292639,-2.46929425723267,-2.40007494088381,3.1461424312779256,False,False,True
unigradicon,6c4b761a28,6,UNCHANGED,0,12.628147398298154,2,6.340876263842063,-5.231660439718105,7.424622003457046,10.66931406180471,False,False,True
unigradicon,6c4b761a28,7,UNCHANGED,0,8.802692088599771,1,0.062397372741043,-8.349832078996764,-0.7268257059099379,6.546849737431325,False,False,True
unigradicon,6c4b761a28,8,UNCHANGED,0,20.072841791349163,3,1.6313607370662795,-8.102981751998781,-0.11320074048053208,6.6494607343660785,False,False,True
unigradicon,6c4b761a28,9,UNCHANGED,0,12.252136246047034,2,3.8908609271511976,-12.853776425895836,-6.255473298695945,12.198020412035302,False,False,True
unigradicon,6c9882bbac,1,UNCHANGED,0,49.78660874513287,4,47.58612902238622,33.28298601183435,0.8972576608657955,64.91823187884935,False,True,False
unigradicon,6cdd60ea00,1,UNCHANGED,0,33.21916915923047,4,-158.89748141856072,10.761082960435917,-11.464033634929825,199.00524686615776,False,False,False
unigradicon,6d4a60c0cd,1,UNCHANGED,0,18.927151323748266,2,1.3941601762500795,-0.44144053383715254,1.164151188890605,1.9998843308323553,False,False,True
unigradicon,6d4a60c0cd,2,UNCHANGED,0,16.374657970944227,2,3.46563457239929,0.1397804798154441,0.0993337922130212,4.33412721720564,False,False,True
unigradicon,6d4a60c0cd,3,UNCHANGED,0,33.99342714287073,4,0.4020768925881953,5.309294995764331,0.3286724020015048,4.184949918033204,False,False,True
unigradicon,6d4a60c0cd,4,UNCHANGED,0,12.801635552685328,2,-0.9249287298068168,2.1769115988154315,-0.4372232981506369,2.084774059564966,False,False,True
unigradicon,6d4a60c0cd,5,UNCHANGED,0,6.292103562581952,1,1.1065476190476147,-5.350499362176855,4.70216282847173,5.756667043510709,False,False,True
unigradicon,6d4a60c0cd,6,UNCHANGED,0,7.627299871284374,1,1.9943730293477528,-5.071661738450741,-2.2265155208076175,4.9990213781074555,False,False,True
unigradicon,6d4a60c0cd,7,UNCHANGED,0,9.948922424452782,1,-1.2701182764987606,-5.46204155323208,-1.787645395649425,4.765240324835533,False,False,True
unigradicon,6d4a60c0cd,8,UNCHANGED,0,7.559798102256003,1,-2.0327413127415412,-4.14067250554909,-2.9123463326172034,4.711079169327547,False,False,True
unigradicon,6d4a60c0cd,9,UNCHANGED,0,9.335078324163453,1,-2.0536848989714143,-0.2964652175672046,-5.878282221948837,5.306068282929803,False,False,True
unigradicon,6d4a60c0cd,10,UNCHANGED,0,21.64681511788561,3,-1.703780573258939,-1.5847188580077456,-2.0056910477260708,2.9277675264389385,False,False,True
unigradicon,6d4a60c0cd,11,UNCHANGED,0,9.567461211172612,1,0.3353043478269001,-2.4553171024387543,-1.8245176243652752,2.43416481925058,False,False,True
unigradicon,6d4a60c0cd,12,UNCHANGED,0,20.037768877766425,3,0.78204551204376,0.3710425229043965,-0.850658582743015,1.2206805573489754,False,False,True
unigradicon,6d4a60c0cd,13,UNCHANGED,0,5.42413499569217,1,-3.32444444444443,-0.32146330186125904,-0.5109002525127341,4.18260258398439,False,False,True
unigradicon,6d4a60c0cd,14,UNCHANGED,0,12.44335821933351,2,3.400346320347012,2.6818978898648256,4.390867914959086,5.869872408680535,False,False,True
unigradicon,6d4a60c0cd,15,UNCHANGED,0,5.045534546217663,1,1.189565217391305,-1.7000809165383757,-0.21498330761776474,2.0006914721719626,False,False,True
unigradicon,6d4a60c0cd,16,UNCHANGED,0,10.03984450926276,2,-0.3090172460987105,-0.8216640411707985,-0.8524245263062458,1.0066532200255562,False,False,True
unigradicon,6d4a60c0cd,17,UNCHANGED,0,8.815360827455754,1,-0.4774777853718433,-1.5321963434998818,3.4295678445347173,3.018317181773704,False,False,True
unigradicon,6d4a60c0cd,18,UNCHANGED,0,7.737218435226305,1,-3.1361344537824607,-1.2803729546399976,10.110351901110775,8.944342822342367,False,False,True
unigradicon,6d4a60c0cd,19,UNCHANGED,0,10.07831172220606,2,4.758474145858145,-0.013015894507006154,-1.510300960890331,6.066290950171577,False,False,True
unigradicon,6d4a60c0cd,20,UNCHANGED,0,3.9637768633077624,0,0.3490196078431381,-2.8077673581036384,-2.615860306284539,3.0428174748072374,False,False,True
unigradicon,6d4a60c0cd,21,UNCHANGED,0,18.14562775567786,2,-2.086664996241211,-0.30972614819852945,-0.23518078759392003,2.626087823591723,False,False,True
unigradicon,6d4a60c0cd,22,UNCHANGED,0,6.833981858544003,1,-0.11779584462501305,2.4312065718701557,0.46449290289184186,1.9394144957179056,False,False,True
unigradicon,6d4a60c0cd,23,UNCHANGED,0,9.9357971817406,1,2.0878787878790264,2.142655346680246,1.8789902864883896,3.436495073182019,False,False,True
unigradicon,6d4a60c0cd,24,UNCHANGED,0,19.841979424868466,2,-0.35270745937598347,2.8864335274137836,-1.948429626548276,2.7639814007715358,False,False,True
unigradicon,6d4a60c0cd,25,UNCHANGED,0,9.379531748510082,1,2.2076185941323048,-2.53138776267216,1.1559186362154172,3.515015275026391,False,False,True
unigradicon,6d4a60c0cd,26,UNCHANGED,0,8.627742712158527,1,1.0786147186157904,2.839970117998618,0.17817621489218435,2.599459292693875,False,False,True
unigradicon,6da9003b74,2,UNCHANGED,0,5.482921436978639,1,-21.705999263893567,-5.0475735415310075,4.659466352888661,27.662762206581856,False,True,False
unigradicon,6da9003b74,3,UNCHANGED,0,5.0313836781980745,1,-30.086274509805026,-0.45676381147866973,2.987423581600097,37.68332438219526,False,True,False
unigradicon,6da9003b74,5,UNCHANGED,0,3.830230267980962,0,16.709172932330908,-18.39231035134249,25.324178882329406,32.27710876076482,False,True,False
unigradicon,6da9003b74,6,UNCHANGED,0,6.244517922887641,1,-18.328540031396642,27.87121627743531,13.50286709996931,33.349996224653346,False,True,False
unigradicon,6f3ef77ac0,3,UNCHANGED,0,7.467876548665564,1,1.1787743837419782,0.10498435708376648,-0.49581444425349885,1.5267174797910452,False,False,True
unigradicon,6f3ef77ac0,5,UNCHANGED,0,7.906855058722916,1,4.658267716535517,-0.7720559135589418,-3.892051726542612,6.610519840503815,False,False,True
unigradicon,6f3ef77ac0,10,UNCHANGED,0,41.54612394856027,4,5.894512174755397,1.863784295784637,3.601385493200934,8.030092789589096,False,False,True
unigradicon,6f3ef77ac0,12,UNCHANGED,0,5.467879908979955,1,4.252380952380987,-0.6051440429189633,-4.445926174256436,6.386122931004477,False,False,True
unigradicon,705f217283,5,UNCHANGED,0,18.333497135990616,2,4.7285347952957295,6.329170805079817,-8.349488760329487,10.137478549150751,False,False,True
unigradicon,73278a4a86,2,UNCHANGED,0,79.41330299528923,5,52.529270893235754,-25.013940044808592,20.18131769069768,70.33234630121103,False,True,False
unigradicon,738cccd4fd,1,UNCHANGED,0,9.106470079487064,1,-11.72113999373721,-0.29199368852821894,-0.7455827315076643,14.665003075805844,False,False,True
unigradicon,738cccd4fd,2,UNCHANGED,0,3.318383587623823,0,-9.031578947368406,3.723607490069496,12.371704344944442,15.204997987889525,False,False,True
unigradicon,738cccd4fd,3,UNCHANGED,0,6.543279128391977,1,-48.383194919394214,-2.876447046673106,-10.189562150533527,61.052355041600215,False,False,True
unigradicon,73f7634ab3,1,MERGING,0,72.37903593521413,5,-59.52234442806254,-5.563467317622151,-29.49981906105008,78.07956161843187,False,True,False
unigradicon,73f7634ab3,2,MERGING,0,72.37903593521413,5,-37.370885854795155,2.88970683976528,-17.140008491647233,48.68407010565434,False,True,False
unigradicon,73f7634ab3,3,UNCHANGED,0,18.28595311413044,2,-46.29677654536715,-9.090311318344531,27.917237800015382,62.32678524384637,False,True,False
unigradicon,73f7634ab3,4,MERGING,0,72.37903593521413,5,-26.66073523266025,-3.594311301067502,31.50076299480165,41.6680140805502,False,True,False
unigradicon,73f7634ab3,5,MERGING,0,72.37903593521413,5,-84.27897802273401,17.97218974309175,-29.531919276740467,108.80391715929845,False,True,False
unigradicon,73f7634ab3,6,MERGING,0,72.37903593521413,5,-64.214758221166,12.266421549900762,-28.22525762878841,83.84952204421666,False,True,False
unigradicon,73f7634ab3,7,UNCHANGED,0,27.71967822731784,3,-121.76095007406431,16.401854570801877,13.376991516112934,153.1035272551248,False,True,False
unigradicon,73f7634ab3,8,MERGING,0,72.37903593521413,5,-47.10079502339266,7.07013705631253,4.7220882070672925,59.25161357548372,False,True,False
unigradicon,73f7634ab3,9,MERGING,0,72.37903593521413,5,-76.88187344404234,-1.4394867944013874,-10.45230592541777,96.462090318707,False,True,False
unigradicon,73f7634ab3,10,UNCHANGED,0,21.819005176769434,3,-20.749506451713888,-11.75103633961266,12.57711215544226,29.247601707576084,False,True,False
unigradicon,73f7634ab3,11,MERGING,0,72.37903593521413,5,-39.46149066231085,-10.367400297578476,20.322297984860437,52.49569918305902,False,True,False
unigradicon,73f7634ab3,12,MERGING,0,72.37903593521413,5,-33.63633862470199,2.7931021216657,-2.174757081648653,42.136924853532996,False,True,False
unigradicon,73f7634ab3,13,MERGING,0,72.37903593521413,5,-12.104594881783044,-14.356208399487038,27.66007179084609,28.825872110036123,False,True,False
unigradicon,74db120f0a,1,UNCHANGED,0,9.939547164888323,1,7.606837606836052,-12.6591791424536,-1.6702897005299313,13.780363043049137,False,False,True
unigradicon,74db120f0a,4,UNCHANGED,0,6.096668289067001,1,-4.370370370372029,-5.988973858692357,-0.46208280523886386,7.201031127833444,False,False,True
unigradicon,74db120f0a,16,UNCHANGED,0,9.305257363491,1,6.0,0.2634176269744305,1.5331247359531344,7.59970672666207,False,False,True
unigradicon,74db120f0a,20,UNCHANGED,0,2.930972406737895,0,-3.8974358974357983,-1.046488722544673,-4.783318709174623,6.216570070860975,False,False,True
unigradicon,757b505cfd,1,UNCHANGED,0,6.978847288204561,1,-1.9710144927536248,-7.534176417349048,-1.2471539247661059,6.454620903422914,False,False,True
unigradicon,758874998f,1,MERGING,0,22.420719699328775,3,-6.737429538523315,-15.380092613918398,-6.061894725128047,15.430055134620126,False,False,True
unigradicon,758874998f,2,UNCHANGED,0,20.987694172175257,3,1.3640751992351738,-11.561726215009248,-1.399802493185979,9.255418530248496,False,False,True
unigradicon,758874998f,3,UNCHANGED,0,11.757963130077389,2,1.3660022735884922,2.078779015019212,-4.87495145791713,4.510621905433381,False,False,True
unigradicon,758874998f,4,UNCHANGED,0,18.009784386114166,2,-10.843703195999268,-2.7478409943584374,-8.866708813694181,15.403741104511,False,False,True
unigradicon,758874998f,5,UNCHANGED,0,57.13010809156925,5,2.4207815284805223,-0.07819582623529521,2.0426911030884125,3.4289632426366423,False,False,True
unigradicon,758874998f,6,MERGING,0,22.420719699328775,3,4.017287442608745,6.784075391541477,-0.05478711936962342,7.300073820716808,False,False,True
unigradicon,758874998f,7,UNCHANGED,0,8.94899831869167,1,1.1976186881214688,-2.511429722522837,-1.2082060286499556,2.645185377328779,False,False,True
unigradicon,758874998f,8,UNCHANGED,0,25.70678468993853,3,1.34536884279984,0.7100228146317684,-0.2501691197237027,1.7817444792242916,False,False,True
unigradicon,758874998f,9,UNCHANGED,0,7.394869951402361,1,-3.5205836373112334,-4.573301914143001,-2.9093183013768904,6.114974286365204,False,False,True
unigradicon,758874998f,10,UNCHANGED,0,12.785378334137803,2,-11.826179447589643,-0.5463110922097217,-5.351311399675585,15.37978634466206,False,False,True
unigradicon,758874998f,11,UNCHANGED,0,15.772436032166528,2,1.9950948166877764,0.0773712460662936,-0.3501081087066283,2.5098481138369073,False,False,True
unigradicon,758874998f,12,UNCHANGED,0,14.278027687087064,2,3.506475019875586,-3.3335301017911165,-2.2033051827301904,5.386252620251954,False,False,True
unigradicon,758874998f,13,UNCHANGED,0,10.723592978246318,2,-1.5952669552668681,-1.1854596741759562,1.4683286006752976,2.4850966288822143,False,False,True
unigradicon,758874998f,14,UNCHANGED,0,9.854230496616267,1,0.7667662881052024,0.7347008843193664,-0.022576696670302807,1.1172317615516372,False,False,True
unigradicon,758874998f,15,UNCHANGED,0,19.986272333318745,2,-0.39941122067500034,-0.3082869179112484,-0.10628849094384979,0.5605965881104317,False,False,True
unigradicon,758874998f,16,MERGING,0,42.73931224262741,4,-17.265154514966117,1.5400894439054287,-5.56457918264563,22.056326009575134,False,False,True
unigradicon,758874998f,17,MERGING,0,42.73931224262741,4,-4.2185347966562405,-7.119999037929882,-0.6265730067276204,7.6793425754052675,False,False,True
unigradicon,758874998f,18,UNCHANGED,0,14.09903632623814,2,5.981419354838709,-1.009377378641822,-2.6026832257191583,7.793621686065173,False,False,True
unigradicon,758874998f,19,UNCHANGED,0,17.852050586256823,2,3.942213230119671,-0.6524918287010533,-2.3376043541458316,5.286234136234457,False,False,True
unigradicon,758874998f,20,UNCHANGED,0,8.085025485659372,1,3.8181818181818414,-0.5509068632532906,-1.9927818589838429,5.043430424539136,False,False,True
unigradicon,758874998f,21,UNCHANGED,0,22.426028263443175,3,1.5719083612563396,-2.5635461631490313,-1.180042069203369,2.9556991785230475,False,False,True
unigradicon,758874998f,22,UNCHANGED,0,39.88548741656311,4,-1.6440164805878568,4.886994136385031,0.4898702825193463,4.352013389199592,False,False,True
unigradicon,7658d0d211,3,MERGING,0,88.65368381251098,5,164.15663406404644,30.42554422489546,18.37844928343676,207.07542072968212,False,False,False
unigradicon,7658d0d211,4,UNCHANGED,0,7.640775696779145,1,188.72696553277768,9.917092144863918,-10.28708843104025,236.1753261030405,False,False,False
unigradicon,7658d0d211,5,MERGING,0,88.65368381251098,5,199.13162606916316,5.373592518801679,21.75084576591107,249.5407215336868,False,False,False
unigradicon,7658d0d211,6,MERGING,0,88.65368381251098,5,162.546354298269,23.196008506061403,15.944742355575613,204.37653297823306,False,False,False
unigradicon,7658d0d211,8,MERGING,0,88.65368381251098,5,177.85704979797674,-3.856437361946616,-3.66914890391345,222.360558711799,False,False,False
unigradicon,7658d0d211,10,MERGING,0,88.65368381251098,5,171.8996110032498,25.22438627468679,2.2904349433425346,215.7832758660848,False,False,False
unigradicon,7658d0d211,11,UNCHANGED,0,32.7688008709308,4,153.23027966582384,34.41069862613354,9.729819217273864,193.5663555243217,False,False,False
unigradicon,7658d0d211,12,MERGING,0,88.65368381251098,5,155.92310306674187,8.87261898693248,-15.815470349171635,195.42581914201335,False,False,False
unigradicon,7658d0d211,13,UNCHANGED,0,44.107054731323366,4,124.15600040684858,24.114611564665125,2.6905217197422706,156.34799555781638,False,False,False
unigradicon,7658d0d211,14,UNCHANGED,0,20.818861018107413,3,134.72478340559275,41.99826617885267,8.772233991519098,171.71010602625051,False,False,False
unigradicon,7658d0d211,15,UNCHANGED,0,20.76277545269043,3,201.12071045290512,4.413785300966349,-15.209608733842186,251.71074396458934,False,False,False
unigradicon,7658d0d211,18,UNCHANGED,0,8.83020846037729,1,98.40727699530511,28.057065115297274,4.389586173701161,124.99357349082433,False,False,False
unigradicon,76dc611d6e,1,UNCHANGED,0,9.445764989061898,1,13.183015214718726,10.333120158744702,-14.991893246912989,21.831016660750723,False,False,True
unigradicon,76dc611d6e,2,UNCHANGED,0,7.8412420003238505,1,-2.8608219147641516,-0.2105301200701946,0.47077961187515627,3.5990246805043524,False,False,True
unigradicon,76dc611d6e,3,UNCHANGED,0,9.002959605584483,1,4.2074124598817475,1.502969387973331,3.9358237394794076,6.219406482844638,False,False,True
unigradicon,7a614fd06c,1,UNCHANGED,0,7.773290772825335,1,2.192163009405374,2.4110365199307577,1.7191354397600722,3.5908626173087876,False,False,True
unigradicon,7a614fd06c,2,UNCHANGED,0,7.773290772825335,1,8.403808974174831,4.578362288937432,-3.3251940514441984,11.402578988533982,False,False,True
unigradicon,7a614fd06c,3,UNCHANGED,0,5.129540922275196,1,-0.9033962264150887,-0.7508978344767835,-1.8331402487325665,1.9264063621616336,False,False,True
unigradicon,7a614fd06c,4,UNCHANGED,0,2.7847432488936557,0,3.5035175879397,1.386549223389695,0.9088112258058584,4.567925465989197,False,False,True
unigradicon,7a614fd06c,5,UNCHANGED,0,8.88681787864243,1,7.547031618689175,1.4378080221160363,-3.427815676792381,9.87785018891726,False,False,True
unigradicon,7a614fd06c,6,UNCHANGED,0,12.327499329217321,2,5.2370259365984,5.388182527726296,0.23461888232094794,7.784393377034918,False,False,True
unigradicon,7a614fd06c,7,UNCHANGED,0,4.681119158514957,0,0.15502392344419605,1.0169163223140432,-1.7009276351799154,1.5714236934936898,False,False,True
unigradicon,7a614fd06c,9,UNCHANGED,0,7.890641157204303,1,-7.292307692308805,0.8409920519292892,-3.626041773865958,9.57635942640358,False,False,True
unigradicon,7a614fd06c,10,UNCHANGED,0,9.543487770591682,1,-1.053465838509601,1.3263880311258964,0.45845699788555433,1.714058950177618,False,False,True
unigradicon,7a614fd06c,11,UNCHANGED,0,2.7847432488936557,0,2.1600000000000135,-1.6406249999999913,1.9848766899028436,3.374073181038097,False,False,True
unigradicon,7ba15e3f07,2,UNCHANGED,0,8.43248653364427,1,6.560974509362177,-0.5692956417836791,-2.2172832552737716,8.39751116729783,False,False,True
unigradicon,7ba15e3f07,3,UNCHANGED,0,7.253107393774856,1,0.35382635382604805,-0.3950642980136568,1.1343543232205935,1.0449159325377335,False,False,True
unigradicon,7ba15e3f07,4,UNCHANGED,0,32.50278692930909,4,2.1391903288420506,6.555039172998157,-0.558100791202921,5.792516271427978,False,False,True
unigradicon,7ba15e3f07,5,UNCHANGED,0,8.105470275512918,1,6.556499777150793,16.0212709531913,-5.85932479972502,15.655859452752345,False,False,True
unigradicon,7ba15e3f07,6,UNCHANGED,0,37.504383532968305,4,8.940386296797204,15.388212022934876,1.3841616724444596,16.44752518615923,False,False,True
unigradicon,7ba15e3f07,7,UNCHANGED,0,10.710247755006307,2,3.689726962457621,18.482856066842455,3.0107361002746456,15.339077124698282,False,False,True
unigradicon,7d06a9cf10,2,UNCHANGED,0,10.811678033078445,2,0.6674680413325831,-8.304891002093349,1.8928614045251118,6.707929009519917,False,False,True
unigradicon,7d06a9cf10,3,UNCHANGED,0,19.438431525134973,2,-1.5176212409030683,1.6728322370192055,-1.124296347893556,2.4682985546887566,False,False,True
unigradicon,7e7757b1e1,1,UNCHANGED,0,52.68288347093858,5,18.423202489528343,-3.1207006895487854,-49.3192926293346,45.28234474398527,False,True,False
unigradicon,7e7757b1e1,2,UNCHANGED,0,18.358649872654343,2,14.449852362204002,16.48275233507826,-4.514463517883822,22.464401727842414,False,True,False
unigradicon,7e7757b1e1,3,UNCHANGED,0,36.83038762096433,4,20.246364550139276,16.580214786049773,-18.839861920264322,32.080070128911665,False,True,False
unigradicon,7eabe3a164,1,UNCHANGED,0,7.890554800117404,1,-0.47933884297574425,4.392292241506194,-0.19545434360000252,3.485727949683892,False,False,True
unigradicon,7eabe3a164,2,UNCHANGED,0,7.095886184932082,1,4.871146245059322,-22.191676435273777,-12.164636832268245,20.72637349046514,False,False,True
unigradicon,7eabe3a164,3,UNCHANGED,0,6.210545589532158,1,3.8278387635020863,-16.65879496209977,2.8648016167199026,14.045532464577967,False,False,True
unigradicon,7eabe3a164,10,UNCHANGED,0,4.9570066534915975,0,-16.9672131147541,4.883285328901246,-25.183886231101482,29.31191094968789,False,False,True
unigradicon,7eabe3a164,13,UNCHANGED,0,7.712678554650698,1,-0.2157832314577604,-5.45761622553248,-1.4166984497279866,4.4147722373184175,False,False,True
unigradicon,7eabe3a164,15,UNCHANGED,0,3.9343787881829626,0,-2.5179190751445275,-8.503760220611628,-0.7505416213360028,7.373294742039772,False,False,True
unigradicon,7eabe3a164,17,UNCHANGED,0,5.168192989385793,1,7.270588235294122,-19.59873200147987,-9.621556422730276,19.352462291619084,False,False,True
unigradicon,7ef605fc8d,1,UNCHANGED,0,33.09740333491638,4,8.411948026938973,5.934308998508158,-36.935452293205785,31.325781902438322,True,True,False
unigradicon,7f100b7b36,2,UNCHANGED,0,7.075688611231365,1,-19.758511758511805,-6.304987058827975,10.496103295533477,26.51089980003495,False,True,False
unigradicon,7f100b7b36,5,UNCHANGED,0,9.480505029781895,1,-31.61622362291116,1.185876877148078,11.85298159061288,40.622287415758855,False,True,False
unigradicon,7f100b7b36,6,UNCHANGED,0,64.21151810761229,5,-107.31327919939318,-14.36387255136948,15.268362284456837,135.14784547803583,False,True,False
unigradicon,7f100b7b36,7,UNCHANGED,0,10.852469134189837,2,-9.692403634212656,1.8227812901199205,2.525981721566103,12.360587055698238,False,True,False
unigradicon,7f100b7b36,8,UNCHANGED,0,12.886272568702655,2,-43.84775178506445,0.3907396774329645,7.316476771877923,55.11369415172655,False,True,False
unigradicon,7f100b7b36,10,UNCHANGED,0,9.033687141493651,1,-33.873593073593725,2.6616309426804126,6.119360875182786,42.66704402417623,False,True,False
unigradicon,7f1de29e6d,4,UNCHANGED,0,4.693669085213641,0,23.630769230769214,-14.329370317529836,5.627372316819632,31.89793244274272,False,True,False
unigradicon,7f1de29e6d,8,UNCHANGED,0,19.521691203032518,2,30.108588149232038,-25.585062814468195,-1.4308345593564087,42.62629154897204,False,True,False
unigradicon,7f5144f962,1,UNCHANGED,0,10.551271362949537,2,2.7235639461255916,0.3772188643669398,2.5430342946860223,3.962696696899843,False,False,True
unigradicon,7f5144f962,2,UNCHANGED,0,3.4972754397332477,0,-3.58361774744028,4.332261881690995,-0.08258194229093486,5.614126220524118,False,False,True
unigradicon,7f5144f962,3,UNCHANGED,0,9.38224193558775,1,-0.39047808764880754,3.929950811351014,-3.0901324892914457,3.9500876677824928,False,False,True
unigradicon,7f5144f962,4,UNCHANGED,0,4.9562053851211765,0,-1.6738817420029364,1.1692854188257098,-0.831302049700013,2.375309437071003,False,False,True
unigradicon,7f5144f962,5,UNCHANGED,0,7.849726020444352,1,1.9454524006126348,-2.4856408692756378,2.51686296592709,3.691305611510191,False,False,True
unigradicon,7f5144f962,6,UNCHANGED,0,11.741865143045773,2,0.1503927242659074,0.0603352091545089,-0.28247038926016516,0.2953501255303692,False,False,True
unigradicon,7f5144f962,7,UNCHANGED,0,9.191492874805693,1,1.5626973157785415,-3.8362979943503452,-2.5566884615475165,4.106308996790032,False,False,True
unigradicon,7f5144f962,8,UNCHANGED,0,3.824415130099601,0,-1.239024390243935,-1.0454852008879332,-0.9850466064347643,1.9155873622030235,False,False,True
unigradicon,7f5144f962,9,UNCHANGED,0,3.7479062141268042,0,3.306550218340635,-2.501250727743794,0.32819625818430664,4.578904488641544,False,False,True
unigradicon,7f5144f962,10,UNCHANGED,0,5.000459560515593,1,-0.3938999442075442,-5.340858228436078,5.7054937467784415,6.156796408006757,False,False,True
unigradicon,7f6ffaa6bb,4,UNCHANGED,0,5.973044844837667,1,-8.002977667494656,-6.749988780528734,5.480681269597808,12.106399726240046,True,False,True
unigradicon,7f6ffaa6bb,5,UNCHANGED,0,14.863887069370103,2,0.2104112193971332,-1.386774090187104,-2.603839706483245,2.3372845166395377,True,False,True
unigradicon,7f6ffaa6bb,6,UNCHANGED,0,19.2672968491238,2,2.031642565578818,-0.7815135041599404,-1.4312653211924407,2.845543761624618,True,False,True
unigradicon,8216124282,1,UNCHANGED,0,12.086311552948214,2,18.647657117476832,-4.6603853939459725,6.941961854327179,24.219491844417927,False,True,False
unigradicon,8216124282,2,UNCHANGED,0,17.57749553410186,2,12.142689249912848,14.906920555919578,10.367032011680147,20.804604981162605,False,True,False
unigradicon,82aa4b0af3,1,UNCHANGED,0,6.091888191484869,1,0.4401098901098976,-1.211495164716695,-1.9889543258351463,1.9132586594212984,False,False,True
unigradicon,82aa4b0af3,2,UNCHANGED,0,6.130691073270534,1,-2.2915691425852858,-0.9575233886166958,0.0546266806707589,2.9607837306637297,False,False,True
unigradicon,82aa4b0af3,3,UNCHANGED,0,2.965750138953996,0,-2.605524861878462,-0.9345992559243679,-0.4595116262510006,3.3573306720225804,False,False,True
unigradicon,82aa4b0af3,4,UNCHANGED,0,15.669864203908846,2,2.208396349413215,-0.9371227823757954,-1.530259014625872,3.100605604491333,False,False,True
unigradicon,82aa4b0af3,5,UNCHANGED,0,3.6297917092870495,0,-2.045901639344288,0.9645094627002035,-0.09049572503064371,2.6669662725606447,False,False,True
unigradicon,839ab46820,1,UNCHANGED,0,3.8761402111526544,0,2.5,8.92587060150882,-2.7670817985583014,7.945338983877501,False,True,False
unigradicon,839ab46820,2,UNCHANGED,0,7.355468621598541,1,11.84390243902439,50.95160939305463,-15.230106369208078,44.12574419234662,False,True,False
unigradicon,839ab46820,7,UNCHANGED,0,17.05942049676777,2,75.59450771783855,75.76450979464916,-20.809564904863358,112.69366905429511,False,True,False
unigradicon,839ab46820,14,UNCHANGED,0,5.430548661392307,1,-28.327272727272714,21.627640541943165,-0.8241351850250747,39.23695632549579,False,True,False
unigradicon,839ab46820,15,UNCHANGED,0,5.790184380193532,1,1.6483516483516496,2.741385485113486,1.357042941710565,3.1584489682848234,False,True,False
unigradicon,839ab46820,20,UNCHANGED,0,5.641652139680036,1,6.900000000000006,-30.564966600122737,-8.247216330220688,26.202450648289165,False,True,False
unigradicon,839ab46820,30,UNCHANGED,0,14.536961257543007,2,25.255296587245,24.899723440727325,25.008423156348794,42.001437493863044,False,True,False
unigradicon,839ab46820,36,UNCHANGED,0,4.266244327913707,0,88.06060606060606,61.1484263979625,22.92896043220945,121.34528575458464,False,True,False
unigradicon,839ab46820,37,UNCHANGED,0,16.352368297208482,2,24.937354829113048,5.341484453234706,-6.711840074091791,31.892340392787816,False,True,False
unigradicon,84150c44ef,2,UNCHANGED,0,62.75325975501954,5,-5.156417704003116,-5.0175795694596275,-1.3466186896634775,7.61774677053752,True,False,True
unigradicon,84150c44ef,7,UNCHANGED,0,13.863450463388734,2,-3.891518044616614,-17.306794741254922,1.626744561913003,14.422496180198241,True,False,True
unigradicon,842f3298f9,2,UNCHANGED,0,10.828743289379078,2,-1.6630857387671825,1.9797216328096927,-0.4509053282883596,2.615116471311995,False,False,True
unigradicon,84d9ee44e4,2,UNCHANGED,0,23.695109318593932,3,-0.060589704394004684,-1.0320266299426633,-1.0236278067696911,1.1435378839683996,False,False,True
unigradicon,84d9ee44e4,3,UNCHANGED,0,10.199784557811128,2,5.713046272493614,-4.603533622404305,2.179606612175345,8.178159367401793,False,False,True
unigradicon,84eb13cfed,2,UNCHANGED,0,21.035641991061976,3,1.1115959053534652,-2.7870779122968763,0.660245470030495,2.6344116958019947,False,False,True
unigradicon,854d6fae5e,1,UNCHANGED,0,4.645394826777925,0,-0.29172932330723145,-3.8863927684929354,0.1035355836515197,3.0581909667230525,False,False,True
unigradicon,854d6fae5e,2,UNCHANGED,0,10.358030663997942,2,-0.26580575149325797,-4.402984239818274,-2.2186881179392874,3.8729408905628477,False,False,True
unigradicon,854d6fae5e,4,UNCHANGED,0,6.502649737100162,1,-0.5798387096766191,-14.259225250467244,-2.0770735220590577,11.279701344615988,False,False,True
unigradicon,85d8ce590a,2,UNCHANGED,0,6.910787759893248,1,-0.6769230769231172,-0.879392330852046,-0.5673650497434186,1.1781635890738513,True,False,True
unigradicon,85d8ce590a,4,UNCHANGED,0,5.188008366341995,1,1.9570646221240167,1.5332215545923034,3.2455153312867893,3.7384027549521326,True,False,True
unigradicon,85d8ce590a,5,UNCHANGED,0,22.01339212243138,3,-7.422292740975843,-6.735102729223561,-5.25561243206154,11.443013089302774,True,False,True
unigradicon,85d8ce590a,13,UNCHANGED,0,10.243316535605407,2,0.4588311782116648,-2.8872816560560612,-2.573138054977639,3.087970061990687,True,False,True
unigradicon,85d8ce590a,15,UNCHANGED,0,7.773268707824347,1,1.4630449545010833,-1.5098520693177393,-2.5874857472544863,2.9837662658359676,True,False,True
unigradicon,85d8ce590a,3,UNCHANGED,2,8.8221881956024,1,8.875862068965592,6.964245566969128,8.803199597673752,14.174689879528946,True,False,True
unigradicon,871c14878f,1,UNCHANGED,0,11.72505562413743,2,-0.36438231696622553,0.7898954364674066,-1.2578350493311912,1.2541758224001367,False,False,True
unigradicon,871c14878f,2,UNCHANGED,0,7.0818277386739945,1,-2.6487495442947533,8.253598132809534,-6.508575651376239,8.881720190302742,False,False,True
unigradicon,871c14878f,3,UNCHANGED,0,6.488797800120428,1,1.181725888324877,-2.5253004819410285,6.221405484999957,5.49245201045216,False,False,True
unigradicon,871c14878f,6,UNCHANGED,0,7.804540235469123,1,-2.5517241379320126,-0.05349732348606417,-2.6480833214238735,3.81326343168361,False,False,True
unigradicon,871c14878f,7,UNCHANGED,0,23.532624634857626,3,2.3170929419983395,-0.0714764014486441,-1.2267082957283597,3.054313522540279,False,False,True
unigradicon,871c14878f,9,UNCHANGED,0,6.856854125302076,1,-0.026174640635395006,-3.2206991497954283,2.5961354162667494,3.244052706109867,False,False,True
unigradicon,871c14878f,10,UNCHANGED,0,4.141477985370134,0,-5.847619047619014,-20.25945921742578,-11.764402136907083,19.746965021036093,False,False,True
unigradicon,871c14878f,11,UNCHANGED,0,6.657412896632759,1,0.8848484848475209,0.38943438331255975,-5.515571723786832,4.500435356497239,False,False,True
unigradicon,871c14878f,12,UNCHANGED,0,8.922543839684774,1,1.1446153846151674,-0.23084310056092983,2.808676391732762,2.6439483630061544,False,False,True
unigradicon,871c14878f,13,UNCHANGED,0,6.264865394868636,1,2.280303030301957,4.840879889646061,-9.477167058336313,8.850499218555864,False,False,True
unigradicon,871c14878f,14,UNCHANGED,0,7.683049015013026,1,2.417976668580013,1.7197684683209569,1.7903846636676626,3.5965024248901885,False,False,True
unigradicon,871c14878f,15,UNCHANGED,0,6.445247509400564,1,0.2815089672228169,1.7773931319118268,-1.3188587884740521,1.7701902834750112,False,False,True
unigradicon,871c14878f,17,UNCHANGED,0,9.660558196813872,1,2.321818181817605,0.16397619233918564,3.364870226124417,3.935478293192045,False,False,True
unigradicon,871c14878f,18,UNCHANGED,0,4.141477985370134,0,6.0,8.31122602589511,1.195526738391523,9.963619676021048,False,False,True
unigradicon,871c14878f,19,UNCHANGED,0,6.264865394868636,1,0.5181981981985018,0.2001391195939153,-4.678439727751116,3.750949695270818,False,False,True
unigradicon,871c14878f,20,UNCHANGED,0,25.111560402164173,3,0.4847582192449863,-1.259411300416336,-2.2927944497874577,2.1464334909112375,False,False,True
unigradicon,871c14878f,21,UNCHANGED,0,6.310932235990622,1,1.8782608695648038,4.756957008851577,-1.2915357910403835,4.511461017534227,False,False,True
unigradicon,871c14878f,22,UNCHANGED,0,18.36729739267158,2,1.0476190476191847,3.0918183060204205,-1.3457768775027008,2.9450186472584288,False,False,True
unigradicon,871c14878f,23,UNCHANGED,0,18.098843265790997,2,1.6639746065745384,0.9718844202278223,0.4992565078962739,2.2489064144785447,False,False,True
unigradicon,871c14878f,24,UNCHANGED,0,7.589343946891502,1,-3.6973584905660233,4.684871800485585,-8.567428561500105,8.968895774932292,False,False,True
unigradicon,871c14878f,25,UNCHANGED,0,7.327431016844737,1,1.7135593220346892,2.1723053071893967,1.828611585501205,3.0899669614226735,False,False,True
unigradicon,871c14878f,26,UNCHANGED,0,6.574186510679691,1,-7.2573200992557645,7.97789411718411,-8.558861601597114,12.911975891575137,False,False,True
unigradicon,871c14878f,27,UNCHANGED,0,4.438275264421838,0,0.8132231404958474,0.9423211708738507,-3.337885080824674,2.9173208459366364,False,False,True
unigradicon,871c14878f,28,UNCHANGED,0,6.401100593018397,1,5.990909090909918,0.7080864361444104,1.6727327894301451,7.62412855834413,False,False,True
unigradicon,871c14878f,29,UNCHANGED,0,7.5255649319770335,1,2.8866950638939217,-7.9615491991261305,-4.00639164871578,7.853385799190231,False,False,True
unigradicon,8c19f571e2,1,UNCHANGED,0,6.401100593018397,1,8.819620253164544,12.617434203418078,-2.6797721455486427,14.93707361668341,False,False,True
unigradicon,8c19f571e2,2,UNCHANGED,0,27.069264023557754,3,-1.1503666397661618,-0.7552984434516917,-6.1316400023842625,5.081399387708891,False,False,True
unigradicon,8c19f571e2,3,UNCHANGED,0,12.999188977167792,2,1.1716417910456358,0.3356691886017207,0.42702770495704356,1.5255026211771898,False,False,True
unigradicon,8c19f571e2,4,UNCHANGED,0,3.794671973445751,0,-1.2786885245901884,-2.347062535421176,2.536991514125202,3.149856911221838,False,False,True
unigradicon,8c19f571e2,5,UNCHANGED,0,5.348437397413284,1,2.166352429297649,-2.7803041280675087,1.5601667283612393,3.682836809737511,False,False,True
unigradicon,8c19f571e2,6,UNCHANGED,0,5.761429533225511,1,-0.26826608505889454,-2.979824863476621,0.40074111487961095,2.3724421476441875,False,False,True
unigradicon,8c19f571e2,7,UNCHANGED,0,3.6637155084223685,0,1.1155778894472632,-0.9323893752088533,0.16205793525489176,1.5783446580015827,False,False,True
unigradicon,8c19f571e2,8,UNCHANGED,0,4.34381505382131,0,1.145762711864404,0.6661736275381532,-0.5559258931064734,1.5856518696246942,False,False,True
unigradicon,8c19f571e2,9,UNCHANGED,0,6.698256942281336,1,2.23236589497551,-1.0252433799704619,-0.3894874980230987,2.9192865086303366,False,False,True
unigradicon,8c9611718f,1,UNCHANGED,0,5.941879040397255,1,-3.8459930313588417,0.3622457095682849,-2.4040740592007843,5.175897773546139,False,False,True
unigradicon,8c9611718f,2,UNCHANGED,0,26.281829941384334,3,-5.622561562801008,3.6832372925573886,5.871974425584007,8.895789695933535,False,False,True
unigradicon,8c9611718f,3,UNCHANGED,0,13.996888121325789,2,0.5217852743296959,1.6888026408571764,-2.265921799894085,2.3154526124664323,False,False,True
unigradicon,8c9611718f,4,UNCHANGED,0,17.15633146356537,2,-3.759084357778653,-0.07543713267632533,7.015795109881491,7.261133313230266,False,False,True
unigradicon,8c9611718f,6,UNCHANGED,0,8.21514126885967,1,1.1574618096357425,-1.8772223327677073,-0.5308822962692976,2.1019606030551747,False,False,True
unigradicon,8c9611718f,7,UNCHANGED,0,8.140454032425156,1,-1.1034013605442738,-3.3351871578501435,2.5906969697334863,3.5868372016235135,False,False,True
unigradicon,8c9611718f,8,UNCHANGED,0,12.30211909770029,2,-1.3766738361201305,1.330888834541175,-0.9651411608174305,2.14978546854517,False,False,True
unigradicon,8c9611718f,9,UNCHANGED,0,14.405514082610594,2,-2.080041688379384,0.3129835389352597,-4.848676974925786,4.631984914444213,False,False,True
unigradicon,8c9611718f,10,UNCHANGED,0,11.980235615440877,2,1.840186053971766,-0.20034228828854017,2.1975837655095636,2.8847770925597955,False,False,True
unigradicon,8c9611718f,11,UNCHANGED,0,11.452736139961694,2,-1.6763198387012408,1.1120733782049048,-0.5909092840569161,2.3156881237513356,False,False,True
unigradicon,8c9611718f,13,UNCHANGED,0,24.839201128240493,3,-2.6158100399021293,-1.0329556056125713,-4.027870641166434,4.630528468217912,False,False,True
unigradicon,8c9611718f,16,UNCHANGED,0,13.690668498927856,2,-3.34693054405966,-2.1864066634519648,-3.020273479602664,5.1085759498219545,False,False,True
unigradicon,8c9611718f,17,UNCHANGED,0,6.490857642274925,1,1.8650921114783898,4.098940380808096,-3.2387712475151185,4.71311248667116,False,False,True
unigradicon,8c9611718f,18,UNCHANGED,0,9.501808900479952,1,0.3515090621015588,-0.7408798337983119,0.5667535630495967,0.8531292082779334,False,False,True
unigradicon,8d3bba7425,1,UNCHANGED,0,3.637615882810448,0,5.4191489361702,9.85290691957597,-1.6389345880356272,10.333114026794952,False,False,True
unigradicon,8d3bba7425,2,UNCHANGED,0,3.3943604667014053,0,-0.45317220543804526,2.1631704274119476,-0.25024675277063685,1.79278042180444,False,False,True
unigradicon,8d3bba7425,3,UNCHANGED,0,8.908394969110521,1,0.9437805521355358,0.07530158610340938,1.281756620187008,1.5549762555104756,False,False,True
unigradicon,8d3bba7425,4,UNCHANGED,0,13.658551567696078,2,1.1965971761736114,-2.738957290137149,4.242330259829032,4.244626523356046,False,False,True
unigradicon,8d3bba7425,5,UNCHANGED,0,3.637615882810448,0,2.3352380952380827,-0.8779094032312438,-1.6828031208192467,3.279302138033563,False,False,True
unigradicon,8d3bba7425,10,UNCHANGED,0,3.4792544265881094,0,-1.1093694335579358,0.8598730396723495,-0.04531419885790719,1.541181959135379,False,False,True
unigradicon,8d3bba7425,11,UNCHANGED,0,4.276626202928086,0,0.3725806451612925,-2.9403736894312877,1.8874842824690634,2.7763809483261896,False,False,True
unigradicon,8d3bba7425,12,UNCHANGED,0,4.221079315656367,0,-0.25994202898548335,0.30648672309438024,1.5570030801693577,1.2930684170152762,False,False,True
unigradicon,8d3bba7425,13,UNCHANGED,0,3.783272976155342,0,5.529682997118175,5.925957305377435,-2.0535108565808673,8.47480226269848,False,False,True
unigradicon,8d3bba7425,15,UNCHANGED,0,3.0027857511159257,0,-0.6039215686274702,0.07580039991882508,1.1734977908041062,1.196099270843076,False,False,True
unigradicon,8d3bba7425,21,UNCHANGED,0,16.458600780016766,2,1.717831507976507,-1.8420951884789742,0.9776557274243931,2.697341944673464,False,False,True
unigradicon,8d3bba7425,23,UNCHANGED,0,3.110117831427493,0,-1.4450116009280465,1.9901351030937637,-1.8538258250774111,2.7960374391059206,False,False,True
unigradicon,8d3bba7425,25,UNCHANGED,0,4.0449926502545805,0,-0.2894472361808994,-0.3123738289720288,-0.005663891854099829,0.4363990942515485,False,False,True
unigradicon,8d3bba7425,26,UNCHANGED,0,2.76148606841549,0,-0.0332015810276971,4.636103118215503,-2.3722039032873097,4.07615435913317,False,False,True
unigradicon,8d3bba7425,27,UNCHANGED,0,3.110117831427493,0,0.2432432432432506,2.731149868858958,-1.2700252236552132,2.376207382483413,False,False,True
unigradicon,8d3bba7425,30,UNCHANGED,0,3.304993364734064,0,-1.9974440894568943,11.01375936039651,3.2999429472205244,9.327544711122856,False,False,True
unigradicon,8d3bba7425,33,UNCHANGED,0,3.110117831427493,0,1.6937764350453108,5.506796918216249,2.235210398646026,5.107816913814813,False,False,True
unigradicon,8d3bba7425,35,UNCHANGED,0,9.008357253347777,1,0.4607787274451084,0.27940329747841347,0.844896861777058,0.9076066126110582,False,False,True
unigradicon,8d5e957f29,3,UNCHANGED,0,6.998890026448464,1,9.140699794178909,-0.9323025830272555,1.041805421513359,11.478520939750958,False,False,True
unigradicon,8e98d81f82,1,UNCHANGED,0,12.788513233872347,2,-13.889591789615551,-2.065682048651666,4.422387596540829,17.78247392783253,False,False,True
unigradicon,8e98d81f82,6,UNCHANGED,0,5.61827632528768,1,-16.14858906531879,14.582956536260673,-4.469089058376603,23.44383324229953,False,False,True
unigradicon,8e98d81f82,7,UNCHANGED,0,6.560107035316029,1,-6.158067088724259,-5.634607219940417,3.0728277118479665,9.192188947446354,False,False,True
unigradicon,8f03ad02c6,1,UNCHANGED,0,18.811004691830437,2,-7.243941480207104,-11.287976933169313,-1.9066449248583373,12.726940579777073,True,False,True
unigradicon,8f03ad02c6,2,UNCHANGED,0,91.73557820923087,5,-3.7352019081483605,4.591510192306568,2.5542278895517136,6.222550692244166,True,False,True
unigradicon,8f03ad02c6,3,UNCHANGED,0,12.937207653416989,2,-3.5594054410692477,0.4800022766836134,-0.5234933792301729,4.484085346784901,True,False,True
unigradicon,8f03ad02c6,4,UNCHANGED,0,6.292738742381375,1,-4.66157635467988,0.5558649662797455,-0.08074559645828405,5.8434675165225745,True,False,True
unigradicon,8f03ad02c6,5,UNCHANGED,0,14.52086603954549,2,-0.6925262479021057,7.0810071415125995,3.692331840726451,6.310327756113463,True,False,True
unigradicon,8f03ad02c6,6,UNCHANGED,0,4.508685508371588,0,4.3175257731958485,-7.938006227284811,7.422551706317298,10.09251096733305,True,False,True
unigradicon,8f03ad02c6,7,UNCHANGED,0,5.528626966268991,1,2.900970873786423,-13.360334903460716,0.9103404120868497,11.069890410258001,True,False,True
unigradicon,8f03ad02c6,8,UNCHANGED,0,4.038709002962817,0,6.024935064935062,6.396068481044056,-12.68282360049843,13.483576030237533,True,False,True
unigradicon,8f03ad02c6,9,UNCHANGED,0,6.194781337235483,1,2.861852317244484,-10.894926246307786,4.602162718498246,9.91887769226831,True,False,True
unigradicon,8f03ad02c6,11,UNCHANGED,0,3.721837884197117,0,-1.2725075528700927,12.60811146710325,8.79881927107179,12.152667959086271,True,False,True
unigradicon,8f03ad02c6,12,UNCHANGED,0,5.852830727330255,1,6.252956298200547,-5.0126718111310025,7.081478505171706,10.374829976525769,True,False,True
unigradicon,8f03ad02c6,13,UNCHANGED,0,5.767995126161867,1,5.380419934227757,-9.105302810652528,7.560153792967569,11.462251298980483,True,False,True
unigradicon,8f03ad02c6,14,UNCHANGED,0,6.4571751742350925,1,-0.1787234042543787,-20.43326888920561,5.424192767623267,16.523789749744896,True,False,True
unigradicon,8f03ad02c6,16,UNCHANGED,0,5.497213635033635,1,-3.1623931623931867,-20.444036442776518,4.65957255066179,16.854688963927636,True,False,True
unigradicon,8f03ad02c6,17,UNCHANGED,0,4.600724802046426,0,1.4191304347825962,-15.512289380171728,0.18437876318039104,12.24514312325531,True,False,True
unigradicon,8f03ad02c6,18,UNCHANGED,0,9.029097130105763,1,3.8721400778215638,-16.520401855009847,7.453766858016973,14.982874041987271,True,False,True
unigradicon,8f03ad02c6,19,UNCHANGED,0,3.578546059491418,0,-2.318446601941764,-11.481468365993605,3.1298619634968676,9.741896592912079,True,False,True
unigradicon,8f03ad02c6,20,UNCHANGED,0,4.363141353573161,0,-5.620668693009134,-5.072554199421229,-0.9611516247040264,8.101373370632851,True,False,True
unigradicon,8f03ad02c6,21,UNCHANGED,0,12.270243710168895,2,-1.0442524916942717,-1.8122836960100368,1.1314016342162725,2.1222766185401345,True,False,True
unigradicon,8f121ce07d,1,UNCHANGED,0,3.721837884197117,0,-1.9069236259803801,4.120435836635997,0.8881153065801539,4.065554609645023,True,False,True
unigradicon,8f121ce07d,4,UNCHANGED,0,5.824826324119786,1,1.3039493346621156,-0.5210800144204255,1.622357845646423,2.112064416289728,True,False,True
unigradicon,8f121ce07d,5,UNCHANGED,0,3.158378531003292,0,1.282758620689674,0.833734103466537,0.8622004422795277,1.859519712597867,True,False,True
unigradicon,8f121ce07d,7,UNCHANGED,0,3.979307594747095,0,3.584415584415774,2.07380575348305,-6.465444321908114,6.980035839062691,True,False,True
unigradicon,8f121ce07d,8,UNCHANGED,0,6.316757062006584,1,-14.376777677768654,-4.859311505334446,-2.1013430210658095,18.442006980308992,True,False,True
unigradicon,8f121ce07d,9,UNCHANGED,0,8.221174386174601,1,3.7249594664870416,4.409344316376719,2.1155463295859263,6.027052583847303,True,False,True
unigradicon,8f121ce07d,10,UNCHANGED,0,8.825453500465459,1,-19.310196078432206,9.820174318527306,8.118879020767904,26.12445303618764,True,False,True
unigradicon,8f121ce07d,11,UNCHANGED,0,7.043468241394674,1,-4.161283571678132,3.5259880999379782,-3.2024310469031074,6.405028465281772,True,False,True
unigradicon,8f121ce07d,13,UNCHANGED,0,19.637540818848734,2,-39.82544445466095,-4.8082443870694425,5.121067392705074,50.08648324662911,True,False,True
unigradicon,8f121ce07d,14,UNCHANGED,0,4.936468619912132,0,2.9480885311877953,1.8752429348821076,2.8602215054164404,4.562647477456294,True,False,True
unigradicon,8f121ce07d,16,UNCHANGED,0,18.303697917040136,2,6.462430507619866,-7.6517003824409136,20.955380398229526,19.347697400037525,True,False,True
unigradicon,8f121ce07d,20,UNCHANGED,0,4.363141353573161,0,-0.5047699146952255,15.759034540699025,10.219461283608043,14.72734427125518,True,False,True
unigradicon,8f121ce07d,21,UNCHANGED,0,3.979307594747095,0,-3.6068181818183804,9.613559293519309,-1.6878446492610133,8.85850672405963,True,False,True
unigradicon,8f121ce07d,23,UNCHANGED,0,5.300714315929007,1,2.726673326673881,-1.303143862512769,-3.9468553534026802,4.727583291377512,True,False,True
unigradicon,8f121ce07d,24,UNCHANGED,0,7.26721847514237,1,-2.861355273493132,12.500423627519652,12.569407889169518,14.368636289648,True,False,True
unigradicon,8f121ce07d,26,UNCHANGED,0,11.535990252323733,2,-8.02427095292652,-9.406619905970148,0.10430617444458383,12.433284363675094,True,False,True
unigradicon,8f121ce07d,30,UNCHANGED,0,4.816018570097363,0,-15.128488063661417,-11.605237548694486,-4.580939485257442,21.27969141688486,True,False,True
unigradicon,8f121ce07d,31,UNCHANGED,0,5.125063332161864,1,2.182333978078782,-4.644352085639363,9.35562174018204,8.665229461679472,True,False,True
unigradicon,8f121ce07d,32,UNCHANGED,0,2.428417116419947,0,-1.315662650602394,-9.01690348140321,-0.8136972000804314,7.260124969685296,True,False,True
unigradicon,8f121ce07d,33,UNCHANGED,0,13.24906691699491,2,-4.776424498662914,-1.354098268196735,4.597419902698965,7.065650804837818,True,False,True
unigradicon,8f121ce07d,34,UNCHANGED,0,6.144618962899393,1,3.4181353767570952,16.368631959672847,7.499823757689172,14.720699777236621,True,False,True
unigradicon,8f121ce07d,36,UNCHANGED,0,3.502383542683825,0,1.6937142857143044,16.859942800744182,-2.8223216171769776,13.521356362580066,True,False,True
unigradicon,8f53295a73,2,UNCHANGED,0,8.718755318736275,1,2.4486273651967623,-2.5006484520632757,-0.8403004711039761,3.69082636202878,False,False,True
unigradicon,8f53295a73,7,UNCHANGED,0,6.657034799859479,1,2.042256791270847,-4.842606344036618,-0.7822045430066987,4.604549512115952,False,False,True
unigradicon,8f85517967,2,UNCHANGED,0,17.47560132499943,2,0.26625797306879806,6.786089337389883,0.7813152632893124,5.346036862510143,False,False,True
unigradicon,8f85517967,3,UNCHANGED,0,12.585196349638506,2,-5.6970857288511185,6.685366823118397,2.697376943824692,9.083213552933314,False,False,True
unigradicon,8f85517967,4,UNCHANGED,0,3.4651392003503094,0,12.006217616580306,8.785986268314351,-1.0208109085898145,16.521712378383167,False,False,True
unigradicon,8f85517967,5,UNCHANGED,0,12.811934836198906,2,-1.7223021582734532,-1.5533028122960257,-0.9096810004470267,2.573269095454385,False,False,True
unigradicon,8fc4c7ab44,1,UNCHANGED,0,22.946047392516533,3,-129.0559400820743,26.84637627635901,-13.987354137903704,163.05069134521406,False,False,False
unigradicon,8fc4c7ab44,2,UNCHANGED,0,19.57012127347145,2,-202.83932587577206,14.708081756348818,1.4139111859590812,253.81168440625902,False,False,False
unigradicon,903ce9225f,1,UNCHANGED,0,14.326147680468008,2,-2.8186244364813886,-0.5807166831893948,1.2443486689942669,3.6855281647320304,False,False,True
unigradicon,903ce9225f,2,UNCHANGED,0,12.344680707601562,2,-2.5725247159510105,-0.0061298081764119515,6.04053908146931,5.749354917706913,False,False,True
unigradicon,903ce9225f,3,UNCHANGED,0,20.643730396953277,3,-5.241335391113734,1.0762326177066512,4.225824795420758,7.399162210714873,False,False,True
unigradicon,914b62192c,1,UNCHANGED,0,16.36631613697119,2,2.910651130452396,0.16347441154597697,3.02117115672309,4.351513945687464,False,False,True
unigradicon,914b62192c,2,UNCHANGED,0,12.664300854889177,2,3.3046426507404703,1.407769564152099,-0.8102370264916394,4.322156991923106,False,False,True
unigradicon,914b62192c,3,UNCHANGED,0,22.96962789342048,3,10.684611626770835,4.198841322323718,-0.8499928658635664,13.768804825400158,False,False,True
unigradicon,914b62192c,4,UNCHANGED,0,5.238227096597147,1,-0.703862317390383,1.0626093966243995,0.22926461833986927,1.2229263389718665,False,False,True
unigradicon,914b62192c,5,UNCHANGED,0,19.17513483891975,2,1.210789135678624,-0.8980574983835098,-3.0020448459198557,2.8970516881198294,False,False,True
unigradicon,918317b579,1,UNCHANGED,0,15.907632469736061,2,-1.5205159613037267,-2.38116368183364,-0.1836922241360704,2.6630620382099757,False,False,True
unigradicon,918317b579,2,UNCHANGED,0,27.926658578450777,3,0.13501578063305714,-1.550434859011661,-3.6019274332645854,3.093743755386022,False,False,True
unigradicon,918317b579,3,UNCHANGED,0,27.27394856194205,3,1.2301805730763022,1.093132034570597,-2.182461229868721,2.4614261232763495,False,False,True
unigradicon,918317b579,4,UNCHANGED,0,7.619706306868213,1,0.8631122757508592,-0.441984687469024,0.9875327793438651,1.374865843017855,False,False,True
unigradicon,918317b579,5,UNCHANGED,0,17.548281271247223,2,-0.0628864208605819,1.3934922377468268,-3.661450279858318,3.088084583855432,False,False,True
unigradicon,918317b579,6,UNCHANGED,0,7.358996699364407,1,0.8791915968620515,-7.176903986397265,4.900719009604405,6.897589079278107,False,False,True
unigradicon,918317b579,7,UNCHANGED,0,11.331936516171998,2,0.662521911884619,-1.9231352700619655,-3.322064741078861,3.1324046684827604,False,False,True
unigradicon,918317b579,8,UNCHANGED,0,38.06323408567164,4,-7.135330564813716,-6.069239964977791,-10.840142127937328,13.23523398049345,False,False,True
unigradicon,918317b579,9,UNCHANGED,0,16.05082317982057,2,2.217294429708301,-3.303072013990237,1.2686589351932385,3.9164600689976847,False,False,True
unigradicon,918317b579,10,UNCHANGED,0,9.142364609396864,1,0.956079854810082,-3.261603874746488,-1.6055292035737085,3.0857337099206,False,False,True
unigradicon,9188905e74,1,UNCHANGED,0,4.231538192319178,0,-10.0,-13.540074859697476,-5.766033273162559,16.9933341414216,False,False,True
unigradicon,9188905e74,3,UNCHANGED,0,4.120129781568043,0,-19.544554455445535,-9.426283737528694,8.145271513843744,26.312699908513085,False,False,True
unigradicon,9188905e74,4,UNCHANGED,0,3.7433863356141375,0,-14.0,-13.982735344875579,0.975827042118992,20.64220106395088,False,False,True
unigradicon,9188905e74,5,UNCHANGED,0,3.7433863356141375,0,-9.900826446281002,2.894865750980088,1.2515879209189484,12.619547553051369,False,False,True
unigradicon,9188905e74,6,UNCHANGED,0,2.85673843583802,0,-14.0,-10.412027500974231,3.2632804320273157,19.46805821828172,False,False,True
unigradicon,9188905e74,8,UNCHANGED,0,3.0773281932584267,0,-10.0,-8.774236327053229,2.022791055585734,14.34421007248692,False,False,True
unigradicon,9188905e74,9,UNCHANGED,0,4.337370214899531,0,-30.251968503937007,-33.52535128451467,-2.4904800398048788,46.036915548885794,False,False,True
unigradicon,9188905e74,12,UNCHANGED,0,7.045322823667665,1,-6.866666666666788,-3.2125664828126115,-3.7855245198397878,9.428128783706285,False,False,True
unigradicon,9188905e74,13,UNCHANGED,0,2.5955191200481713,0,-18.0,-10.336641058471713,8.251478664976407,24.77513892353679,False,False,True
unigradicon,9188905e74,14,UNCHANGED,0,4.438275264421838,0,-10.641221374045813,-6.586077010292157,5.083162811172734,14.814640327227329,False,False,True
unigradicon,9188905e74,15,UNCHANGED,0,19.534726225453575,2,-0.3709211597068247,1.000519620571821,-0.1997149866409479,0.9221700753417628,False,False,True
unigradicon,9188905e74,19,UNCHANGED,0,14.274163362366577,2,-20.202479032138314,-20.042708478558914,-5.837365361149899,30.065908123582016,False,False,True
unigradicon,9188905e74,22,UNCHANGED,0,6.540298349506618,1,-28.191314553990765,-15.446844398658287,-3.9028912995290015,37.37404911543175,False,False,True
unigradicon,9188905e74,26,UNCHANGED,0,3.0773281932584267,0,-7.952941176470574,-7.325873691345926,0.6872996346827644,11.482887396885877,False,False,True
unigradicon,9188905e74,29,UNCHANGED,0,5.191038240096343,1,-18.0,-3.7928803883909707,-0.9489200464723372,22.70650593815543,False,False,True
unigradicon,9188905e74,31,UNCHANGED,0,3.5992648893560757,0,-13.949999999999989,-10.628401088348271,-5.1736771229404255,19.73910724263708,False,False,True
unigradicon,9188905e74,32,UNCHANGED,0,3.8771905681212497,0,-6.0,9.6871578615302,-1.78662451093843,10.745997899866582,False,False,True
unigradicon,9188905e74,34,UNCHANGED,0,16.509081608245985,2,-0.43005181347160715,-1.2584522976290675,2.3883633203921555,2.1922605074724375,False,False,True
unigradicon,9188905e74,36,UNCHANGED,0,4.965049460222098,0,-0.127238095237999,-1.0210886531309706,0.21482135312898332,0.8306522485075369,False,False,True
unigradicon,9188905e74,38,UNCHANGED,0,4.5347895982472615,0,-8.981132075471692,3.07527654132343,-1.715295588516633,11.559956804125743,False,False,True
unigradicon,9188905e74,42,UNCHANGED,0,6.050320020285059,1,-6.0,-10.502629847399245,-2.214146775102101,11.250945125186545,False,False,True
unigradicon,9188905e74,43,UNCHANGED,0,4.120129781568043,0,-5.049504950495049,-5.636292062305156,4.401060947349122,8.442438944086202,False,False,True
unigradicon,9188905e74,44,UNCHANGED,0,4.965049460222098,0,-14.660194174757294,-5.511934877875183,7.978870867751247,19.848858264291593,False,False,True
unigradicon,9188905e74,45,UNCHANGED,0,3.4425730209535255,0,-22.77876106194691,-23.822414575951722,-0.8218097208933467,34.01933665682965,False,False,True
unigradicon,9188905e74,48,UNCHANGED,0,4.438275264421838,0,-30.970873786407765,-18.48002363992691,-0.6001949335725388,41.319184827688666,False,False,True
unigradicon,9188905e74,10,UNCHANGED,1,23.455409511276724,3,-26.602960183447948,10.572280357147667,29.297844295023477,41.33201222690615,False,False,True
unigradicon,92c8c96e4c,4,UNCHANGED,0,3.93726700264375,0,-4.244944658624581,-0.4980568722917485,-2.728907813029377,5.739576417198598,False,False,True
unigradicon,92c8c96e4c,5,UNCHANGED,0,15.423947036698769,2,-3.1097706135130694,7.383858242368886,-0.06454857897829637,6.954777174448836,False,False,True
unigradicon,92c8c96e4c,7,UNCHANGED,0,10.318558613881263,2,2.025110199118444,-8.745754352746987,6.145604177015593,8.750680448080715,False,False,True
unigradicon,92c8c96e4c,10,UNCHANGED,0,6.528485755073782,1,-10.408077535078064,2.1364752603955677,-1.7640427543176997,13.190299276958179,False,False,True
unigradicon,92c8c96e4c,11,UNCHANGED,0,10.968090059437097,2,-0.678458049886558,-9.949808938860869,2.274950349674274,8.020371965936484,False,False,True
unigradicon,93dd4de5cd,1,UNCHANGED,0,10.404433579205175,2,-221.34205500382063,-54.82362155259477,-9.288765373960537,280.06696636830884,False,True,False
unigradicon,93dd4de5cd,2,UNCHANGED,0,15.779063363364113,2,-65.85633198576238,-32.30297358980212,-5.033128941404134,86.19109033168324,False,True,False
unigradicon,94f6d7e04a,1,UNCHANGED,0,37.570580310188376,4,1.6236218307503123,6.2833229968358975,2.99451833754997,5.812277049751763,True,False,True
unigradicon,94f6d7e04a,2,UNCHANGED,0,7.3506013684870695,1,-1.9956043956036296,-0.8888215107953837,0.4848799438613064,2.617401213309905,True,False,True
unigradicon,94f6d7e04a,3,UNCHANGED,0,21.751940895327294,3,0.9337291280160116,-1.1324133926939934,-0.9596739123409358,1.648569400348114,True,False,True
unigradicon,94f6d7e04a,4,UNCHANGED,0,6.763011059568397,1,3.68089887640449,4.058737067466816,-1.8718965237569036,5.779251574455826,True,False,True
unigradicon,94f6d7e04a,5,UNCHANGED,0,29.00841590446487,3,1.4959198998747296,-6.2867472618350995,-1.7308507676438285,5.4285455481677936,True,False,True
unigradicon,94f6d7e04a,6,UNCHANGED,0,8.759567170948028,1,3.338018995930315,-0.11807883000193449,-5.196895490761415,5.850754944386741,True,False,True
unigradicon,94f6d7e04a,7,UNCHANGED,0,9.713643757202295,1,1.8903010033444843,4.616078315629571,-3.8508999642164015,5.273705935968645,True,False,True
unigradicon,94f6d7e04a,8,UNCHANGED,0,22.905723061683,3,1.9914226087728821,1.0127877579132378,-2.4311737031967935,3.2406238852874383,True,False,True
unigradicon,94f6d7e04a,9,UNCHANGED,0,22.8082610890738,3,1.5710860584354578,-3.445216415813721,-4.445432985348085,4.837236849584157,True,False,True
unigradicon,94f6d7e04a,10,UNCHANGED,0,11.046804286748605,2,1.4283518467212957,-2.8869611060414577,-3.341263982921445,3.9014606012126234,True,False,True
unigradicon,94f6d7e04a,11,UNCHANGED,0,9.363924670852539,1,4.179310344827582,0.825607484958763,-4.737254431230277,6.455829767613382,True,False,True
unigradicon,94f6d7e04a,12,UNCHANGED,0,25.243014233517478,3,1.3037037037032064,-2.54950367965738,-1.1378776530553874,2.7251493675890774,True,False,True
unigradicon,94f6d7e04a,13,UNCHANGED,0,7.420611309368648,1,2.20934579439363,3.640634809034475,-1.334825839273536,4.101296164938484,True,False,True
unigradicon,950a4152c2,5,UNCHANGED,0,6.470317822984756,1,-23.514744767518764,36.63479886053339,-5.8615009559135105,41.27948271439458,False,True,False
unigradicon,950a4152c2,12,UNCHANGED,0,12.437430525200282,2,-112.26103859168256,55.16170474420349,-0.5380814489291232,146.7911710093676,False,True,False
unigradicon,950a4152c2,17,UNCHANGED,0,9.358324075063345,1,-70.71733611510987,12.274197870437607,7.078997834507471,89.09018711166067,False,True,False
unigradicon,950a4152c2,19,UNCHANGED,0,6.632142386730187,1,-10.177076147170268,-11.966222048198476,-7.546399856881125,16.870822309848137,False,True,False
unigradicon,95b3019dea,1,UNCHANGED,0,6.325108562717647,1,0.029752066115725027,6.045817524326088,-6.1332092983785484,6.7611782909733895,False,False,True
unigradicon,95b3019dea,2,UNCHANGED,0,10.005499437861323,2,1.9450547159975486,4.138286688773231,0.4681521354365994,4.06122901902935,False,False,True
unigradicon,95b3019dea,3,UNCHANGED,0,14.161011391958949,2,2.305761497651633,8.843211083249255,-5.624603928605526,8.700670704090562,False,False,True
unigradicon,95b3019dea,4,UNCHANGED,0,7.009695894364786,1,0.13145490454264747,4.616607169461613,-1.6766619505795106,3.8441078525466654,False,False,True
unigradicon,962e611a0f,1,UNCHANGED,0,19.547454093729883,2,15.37313432835922,-19.03811023009983,7.587282355550411,25.02373749260413,False,True,False
unigradicon,962e611a0f,2,UNCHANGED,0,4.452248409071191,0,39.688073394495426,23.81862811744403,-14.090067787805529,54.136842124548785,False,True,False
unigradicon,962e611a0f,5,UNCHANGED,0,5.066571752986249,1,22.84067796610168,0.025123051482515993,21.26655694158021,33.116410352191814,False,True,False
unigradicon,96da2f590c,1,UNCHANGED,0,6.368718177445835,1,-0.11379466304879315,2.4919288811342817,-1.1095159894439137,2.138750378040159,False,False,True
unigradicon,96da2f590c,2,UNCHANGED,0,27.80741672092591,3,3.1044143356648193,-0.5118052011449465,0.6782204877397706,3.9375810325826226,False,False,True
unigradicon,96da2f590c,3,UNCHANGED,0,3.687014802386038,0,2.3599999999999683,1.27386917659823,-1.4858850205956986,3.326671821881693,False,False,True
unigradicon,96da2f590c,4,UNCHANGED,0,5.493509951923275,1,-0.8186046511637641,3.1102976208201265,0.5762602425791706,2.6747915179601076,False,False,True
unigradicon,96da2f590c,5,UNCHANGED,0,9.55131665476394,1,-0.9038271463057754,3.5572123224241086,0.10317999427938034,3.0002231525891756,False,False,True
unigradicon,96da2f590c,6,UNCHANGED,0,13.188621936301718,2,1.3203069053702734,2.9935538451584485,-1.1856678425218445,3.010812881274199,False,False,True
unigradicon,9766527f2b,2,UNCHANGED,0,12.751392437528006,2,-1.6587799564280203,-5.512991281392986,1.3700408936807964,4.899629260304957,True,False,True
unigradicon,9766527f2b,3,UNCHANGED,0,16.891758217017223,2,-8.12218403971076,-10.567298801053838,2.4436256124863935,13.225286246137768,True,False,True
unigradicon,9766527f2b,4,UNCHANGED,0,11.726708292806467,2,-0.0612546905561544,-4.195198099985805,2.6971953835519877,3.907651520637351,True,False,True
unigradicon,9766527f2b,5,UNCHANGED,0,12.843330669452934,2,-2.4921401396380247,-2.120611337381794,-1.973946141471466,3.856544651575364,True,False,True
unigradicon,979d472a84,1,UNCHANGED,0,14.725085445328032,2,1.1156835834723324,-0.6117133960218539,1.5630225574411178,1.9219803230864525,False,False,True
unigradicon,9872ed9fc2,1,UNCHANGED,0,4.425265567830138,0,-2.1623376623376545,-0.5922609520760832,-0.6285504933912849,2.7866985062495533,True,False,True
unigradicon,9872ed9fc2,3,UNCHANGED,0,3.9056822326912184,0,1.7739130434782282,-1.4735150030618407,-1.2952668944359393,2.699187564303092,True,False,True
unigradicon,9872ed9fc2,4,UNCHANGED,0,3.6529762405033717,0,3.0473684210526244,-0.6775852483320952,-0.41147373609331533,3.859472843939522,True,False,True
unigradicon,9872ed9fc2,5,UNCHANGED,0,4.331082243769242,0,-2.188965517242218,-1.4418406993686281,0.12619640749997332,2.960539290364972,True,False,True
unigradicon,9ac05befca,1,UNCHANGED,0,12.130143877477067,2,-1.4498630136986435,-0.8604225955045532,-1.1724887743723051,2.142872938792912,False,False,True
unigradicon,9ac05befca,2,UNCHANGED,0,20.71190154919451,3,0.6569336735544198,-4.056653950826233,-1.3086736929164406,3.4319453579798997,False,False,True
unigradicon,9ac05befca,3,UNCHANGED,0,36.605786363636504,4,2.5314279766952437,-2.1043791083053525,1.0647250921913807,3.663273406512092,False,False,True
unigradicon,9ac05befca,4,UNCHANGED,0,44.307512727194265,4,-0.7975496255257468,-1.2363176228387087,-0.692273352234175,1.4914878010487196,False,False,True
unigradicon,9ac05befca,5,UNCHANGED,0,31.45747610637786,4,0.9810979891074936,-2.043213781453127,2.645686379753438,2.8996276545485755,False,False,True
unigradicon,9ac05befca,6,UNCHANGED,0,32.199191347069394,4,0.6515573192005775,-3.9404551149276688,-0.5688363482377042,3.2149235852650615,False,False,True
unigradicon,9ac05befca,7,UNCHANGED,0,51.997921279784734,5,0.8126648917214425,2.2778991808809708,0.21152456019377663,2.0554188808596954,False,False,True
unigradicon,9ac05befca,8,UNCHANGED,0,41.22814827657689,4,1.6297239489951152,-3.464444024134636,0.041791053432900904,3.3870439222954,False,False,True
unigradicon,9b04d15284,1,UNCHANGED,0,4.243336214268926,0,8.22762430939224,-3.5832224007027342,-2.557103931524986,10.847749868678356,False,False,True
unigradicon,9b04d15284,2,UNCHANGED,0,11.803582064611907,2,5.051391794046117,-11.620993536918588,-17.595022620974074,17.747292143515743,False,False,True
unigradicon,9b04d15284,3,UNCHANGED,0,5.884330010047401,1,-3.9397714285703613,2.4944067815983906,-2.2438891906569345,5.584124392334373,False,False,True
unigradicon,9b8619251a,1,UNCHANGED,0,11.253506597971548,2,3.3430247802434225,3.1056664367843276,-2.2754460156376024,5.154472138725422,False,False,True
unigradicon,9b8619251a,2,UNCHANGED,0,6.635147135344904,1,-7.104078624078556,-6.033257423702261,2.7034033688027574,10.276598221355986,False,False,True
unigradicon,9b8619251a,3,UNCHANGED,0,8.545594548092787,1,-4.404297174746193,1.0902032424358048,-0.6570372998568446,5.594892405421436,False,False,True
unigradicon,9b8619251a,4,UNCHANGED,0,5.519890275185323,1,-3.1388712745718523,-0.2593965769747836,3.845845722795077,4.964172506024227,False,False,True
unigradicon,9b8619251a,5,UNCHANGED,0,8.098346001051171,1,7.434874371859337,-0.15655135271389373,-3.1449484679815543,9.619926627207281,False,False,True
unigradicon,9b8619251a,6,UNCHANGED,0,30.850419109858695,4,1.157387134459168,4.860669565791331,2.053439253600277,4.373668239764237,False,False,True
unigradicon,9b8619251a,7,UNCHANGED,0,5.6614872236789,1,0.09956958393192963,-3.7329018456640983,-4.168654124684857,4.396930248194744,False,False,True
unigradicon,9b8619251a,8,UNCHANGED,0,13.403006017337814,2,1.660300429184531,2.9046440231366217,0.19454043157676282,3.078466859138854,False,False,True
unigradicon,9b8619251a,9,UNCHANGED,0,11.850368651898902,2,0.8250876782784189,-0.10478715592588238,2.0815582429085917,1.9410594869990032,False,False,True
unigradicon,9b8619251a,10,UNCHANGED,0,5.925184325949451,1,2.083383581703606,-2.245340138614536,-1.2757788930723153,3.297026537749865,False,False,True
unigradicon,9b8619251a,11,UNCHANGED,0,7.357835643194945,1,-5.466383981153195,-8.861183635300804,-0.8526284977408103,9.748674857967998,False,False,True
unigradicon,9b8619251a,12,UNCHANGED,0,18.48030301183763,2,0.7690047895328916,5.338172980561516,-0.5593377706466734,4.301194977155604,False,False,True
unigradicon,9b8619251a,13,UNCHANGED,0,5.370630337920264,1,1.99768115942029,-0.9451005688276766,-0.8551043216509235,2.689894326342816,False,False,True
unigradicon,9b8619251a,14,UNCHANGED,0,14.877394909276616,2,-0.1618513323978732,-0.0037673596320029544,0.2493887911025556,0.2822361220832334,False,False,True
unigradicon,9b8619251a,15,UNCHANGED,0,12.468875334852875,2,5.537474875536963,0.8351782777980346,-1.1380159009709283,7.010249285062471,False,False,True
unigradicon,9c3ce93643,2,UNCHANGED,0,8.522432780357121,1,-1.1365812447199346,9.223707221236134,-18.985083677236748,16.68200649304416,False,True,False
unigradicon,9c838d2e45,1,UNCHANGED,0,11.220402130508313,2,-2.445080518300813,-2.972979757914169,1.8398965485705066,4.103639355225821,False,False,True
unigradicon,9c838d2e45,2,UNCHANGED,0,63.30591451833726,5,1.285571867467695,-1.3418361450146483,-45.895055940636404,36.2619846188263,False,False,True
unigradicon,9c838d2e45,3,UNCHANGED,0,16.85822636314221,2,-6.291827721729078,-1.8685282195373452,-2.2846460835512126,8.199620081664264,False,False,True
unigradicon,9c838d2e45,4,UNCHANGED,0,19.469637258678347,2,-0.36091954022998607,5.8722360477250515,-3.770686745603206,5.485250104571459,False,False,True
unigradicon,9c838d2e45,5,UNCHANGED,0,9.227173747961048,1,-5.146001432322237,10.043500981665657,12.772322788068374,14.29888982263412,False,False,True
unigradicon,9c838d2e45,7,UNCHANGED,0,12.238484070112257,2,-2.579631635970543,-5.371311374971435,7.7953772558572725,8.113256401712862,False,False,True
unigradicon,9c838d2e45,9,UNCHANGED,0,13.23108253519089,2,0.04471509726289469,-1.9466172797258072,-1.7762501016601,2.0684667486069332,False,False,True
unigradicon,9c838d2e45,10,UNCHANGED,0,10.022968827714285,2,0.08292510702213463,2.066140113598653,0.7993408289277094,1.735622551850036,False,False,True
unigradicon,9cfdf10e8f,1,UNCHANGED,0,20.133437973800195,3,-1.5408901777833535,1.5287449353611957,-1.2277293537607705,2.46450081956888,False,False,True
unigradicon,9cfdf10e8f,2,UNCHANGED,0,6.597937588840718,1,1.736677115987709,19.194322259751,11.92593712793333,17.83186843751523,False,False,True
unigradicon,9cfdf10e8f,3,UNCHANGED,0,4.467072903846736,0,1.531147540984398,-0.38703641995994975,1.2652357466392508,2.1796927374225037,False,False,True
unigradicon,9cfdf10e8f,4,UNCHANGED,0,7.34449942158753,1,-1.137480916030563,7.772687641724757,3.141863250902178,6.709496971377905,False,False,True
unigradicon,9cfdf10e8f,5,UNCHANGED,0,7.40520051662673,1,1.0346296156456674,7.493476217909462,-5.892845920967282,7.585556706389613,False,False,True
unigradicon,9cfdf10e8f,6,UNCHANGED,0,6.362092608132761,1,-1.6595244755243357,7.942088321409295,4.295562149352071,7.3664233589723285,False,False,True
unigradicon,9cfdf10e8f,7,UNCHANGED,0,9.534067481910526,1,-2.368879120878046,8.173338545257565,-13.748948888564422,12.93031309409766,False,False,True
unigradicon,9cfdf10e8f,8,UNCHANGED,0,10.737723293508036,2,-4.279199999999969,2.9992663505980777,0.9281643172895605,5.8851559313980015,False,False,True
unigradicon,9cfdf10e8f,9,UNCHANGED,0,6.67292057150522,1,2.750588235294072,-1.1705412398633732,3.8607018377697018,4.683577412563658,False,False,True
unigradicon,9cfdf10e8f,10,UNCHANGED,0,10.473573069346282,2,3.051724137930023,2.5552142202746655,-9.289358187469889,8.500164344237751,False,False,True
unigradicon,9cfdf10e8f,11,UNCHANGED,0,10.211237057372811,2,-0.8183589293559862,2.3573392542216833,-6.917114127808806,5.8499092091893985,False,False,True
unigradicon,9cfdf10e8f,12,UNCHANGED,0,8.312880454073046,1,-3.4317035512083747,-0.8681264880725263,-0.038660492036920395,4.342987953969564,False,False,True
unigradicon,9cfdf10e8f,13,UNCHANGED,0,34.490252691278386,4,-1.589959854109543,3.5641243564820986,0.3829889992394907,3.4335975856230068,False,False,True
unigradicon,9cfdf10e8f,14,UNCHANGED,0,12.236750731007518,2,2.214905299000111,24.970032121281687,8.614284539546631,20.83680066380537,False,False,True
unigradicon,9cfdf10e8f,15,UNCHANGED,0,9.901117833294162,1,1.8644325626935825,14.103131874102791,7.8396202658558956,12.84568268524916,False,False,True
unigradicon,9cfdf10e8f,16,UNCHANGED,0,6.782332158192796,1,-0.5207700101328783,1.7124037611658955,-0.43614624251333334,1.526687667695008,False,False,True
unigradicon,9cfdf10e8f,17,UNCHANGED,0,4.00786719918352,0,-1.0422535211267359,-7.826464381927867,1.7789562212413086,6.405442083806468,False,False,True
unigradicon,9cfdf10e8f,18,UNCHANGED,0,5.877511545064364,1,-3.1389162561576085,3.5673526546153447,1.137184229166299,4.895140036863506,False,False,True
unigradicon,9cfdf10e8f,19,UNCHANGED,0,11.124499237804907,2,-2.5153916303565667,5.405624824769229,3.517621157184765,5.950852093227287,False,False,True
unigradicon,9cfdf10e8f,20,UNCHANGED,0,21.96870351408233,3,-0.6822512844456015,1.8474313909511868,1.9864852927370664,2.2946972373285397,False,False,True
unigradicon,9cfdf10e8f,21,UNCHANGED,0,8.288923893419543,1,-2.0709030100329757,0.7545714517160937,-2.2651948192322338,3.20039364855704,False,False,True
unigradicon,9cfdf10e8f,22,UNCHANGED,0,6.482160326701193,1,0.14140180430208601,-1.7861496386690277,0.16133295666691208,1.4118858802475245,False,False,True
unigradicon,9cfdf10e8f,23,UNCHANGED,0,9.405212936547695,1,0.4639999999992369,11.935269286172076,3.825302994297108,9.815042385140446,False,False,True
unigradicon,9cfdf10e8f,24,UNCHANGED,0,5.877511545064364,1,26.472045028141473,-28.027180079739555,7.808614219239807,40.15031744669851,False,False,True
unigradicon,9cfdf10e8f,25,UNCHANGED,0,6.194590722456727,1,-1.0700000000008003,11.667038276809977,2.1064895881977543,9.358363965971712,False,False,True
unigradicon,9cfdf10e8f,26,UNCHANGED,0,32.75289341324885,4,1.5545031712463924,11.552250956767129,-0.8087595093106553,9.251214933128667,False,False,True
unigradicon,9cfdf10e8f,27,UNCHANGED,0,6.55979836924719,1,-2.1570996978852235,2.1782008669656303,-1.2750204776276826,3.3431198414388192,False,False,True
unigradicon,9cfdf10e8f,28,UNCHANGED,0,24.981036074276318,3,-0.8830332526185429,-3.7208999972944743,-4.414062171215065,4.668242681836912,False,False,True
unigradicon,9cfdf10e8f,29,UNCHANGED,0,15.191825311206168,2,-1.123316536875177,0.011224007012373144,-3.865900533919783,3.3578854395963624,False,False,True
unigradicon,9dcb88e013,1,UNCHANGED,0,7.663821082012781,1,0.82673992673881,-4.81762069845217,0.8845195979451657,3.9638217540057967,False,False,True
unigradicon,9dcb88e013,3,UNCHANGED,0,16.909027684004215,2,1.786799748566068,-4.4183375534685725,-2.2555308146649495,4.479176925652249,False,False,True
unigradicon,9dcb88e013,4,UNCHANGED,0,25.486569934419094,3,-1.824412397217077,-3.769226999150342,-5.736781434933286,5.861236099951299,False,False,True
unigradicon,9dcb88e013,5,UNCHANGED,0,5.063778055545071,1,0.39245283018788085,1.2066439877109063,-2.5828062351033907,2.2981557556750936,False,False,True
unigradicon,9dcb88e013,6,UNCHANGED,0,7.051192703553429,1,-6.073855135924509,-3.4532514705618214,1.4417983606875777,8.137023053053696,False,False,True
unigradicon,9dfcd5e558,1,UNCHANGED,0,66.37416821981553,5,7.675594307745973,0.35649513041779163,-1.9053223201689813,9.715540218106131,False,False,True
unigradicon,9dfcd5e558,2,UNCHANGED,0,35.2931839608062,4,-1.217490317704187,-8.448544081412825,-7.557921682510331,9.02294613098803,False,False,True
unigradicon,9dfcd5e558,3,UNCHANGED,0,34.18836302628358,4,-42.88360504408068,15.578151278448809,-0.2933050945930961,54.968365922833726,False,False,True
unigradicon,9dfcd5e558,5,UNCHANGED,0,32.42445894282011,4,0.39672759627812865,8.8465092242102,8.24766851298472,9.504120550519062,False,False,True
unigradicon,9dfcd5e558,7,UNCHANGED,0,23.124462656366806,3,-4.482137618974025,10.303318516130382,8.914229217206293,12.066900489873992,False,False,True
unigradicon,9dfcd5e558,8,UNCHANGED,0,23.271756198632776,3,0.44200077317372005,3.3638246395586333,10.583317579532284,8.771181584354759,False,False,True
unigradicon,9dfcd5e558,9,UNCHANGED,0,22.99071620986922,3,8.26482764211055,1.4195220350748206,-1.8342733567657488,10.490656839779207,False,False,True
unigradicon,9e94b15ed3,1,UNCHANGED,0,12.60489672771643,2,6.826455026454505,-4.8210672124077085,-1.4118273446980654,9.393148605317387,False,False,True
unigradicon,9e94b15ed3,3,UNCHANGED,0,6.027568695871881,1,7.778834182229957,4.581979815884082,5.436693355619321,11.213981517638416,False,False,True
unigradicon,9e94b15ed3,5,UNCHANGED,0,4.884831477226431,0,6.0271698113207774,-9.628268867649496,0.5540059759840514,10.65350694290364,False,False,True
unigradicon,9e94b15ed3,7,UNCHANGED,0,2.9132490860625366,0,-3.610762331838572,-3.787828056290997,1.9791005068287644,5.6179242890054955,False,False,True
unigradicon,9f9cee5b98,2,UNCHANGED,0,4.416789099728348,0,-1.3281720430107953,0.9902927001156767,1.2134464818676134,2.0666695120433634,True,False,True
unigradicon,9f9cee5b98,3,UNCHANGED,0,18.858519915731314,2,-3.110367995582351,-0.0831350844588144,-3.535518734593455,4.785592371535832,True,False,True
unigradicon,9fc3d7152b,1,UNCHANGED,0,6.235697585276794,1,4.16968114861113,-3.068382590987419,0.9536866870612898,5.785755022869684,False,False,True
unigradicon,9fc3d7152b,2,UNCHANGED,0,3.704551180364903,0,4.396061538460822,-17.29419491160209,6.183441795847007,15.376302062031261,False,False,True
unigradicon,9fc3d7152b,3,UNCHANGED,0,5.60392076823116,1,-0.9907692307700244,-16.714752566974823,10.887286578678317,15.675961850247933,False,False,True
unigradicon,9fd81843ad,1,UNCHANGED,0,3.4855036508265567,0,12.616949152542379,-23.52023834067582,5.046920025501714,24.536059431906967,False,False,True
unigradicon,9fd81843ad,2,UNCHANGED,0,3.4855036508265567,0,7.448780487804873,-6.773021025264644,4.2674232588333405,11.225514358796602,False,False,True
unigradicon,9fd81843ad,3,UNCHANGED,0,3.790068259938723,0,20.670707070707078,-20.468115453510975,-5.357760110611974,30.676232867111917,False,False,True
unigradicon,9fd81843ad,4,UNCHANGED,0,3.92554109902186,0,7.8936708860759435,-8.976391432600167,3.153865552453818,12.357165825145332,False,False,True
unigradicon,9fd81843ad,5,UNCHANGED,0,4.33854511740118,0,14.509560723514317,-6.9640114293942394,-7.893581971750032,19.93286178597282,False,False,True
unigradicon,9fd81843ad,6,UNCHANGED,0,4.22866096043929,0,20.521212121212123,-1.470997992084724,3.6430908418788315,25.837613131322463,False,False,True
unigradicon,9fd81843ad,7,UNCHANGED,0,4.22866096043929,0,21.186885245901646,-6.084146927016664,-1.2061822134263827,26.92333445054855,False,False,True
unigradicon,9fd81843ad,8,UNCHANGED,0,3.216279321045646,0,21.62772277227723,5.782331894361338,-8.814526592868772,28.277801739909137,False,False,True
unigradicon,9fd81843ad,9,UNCHANGED,0,6.333580460308539,1,25.157142857142833,-4.089433618757562,-2.9873299723881175,31.6959618489924,False,False,True
unigradicon,9fd81843ad,10,UNCHANGED,0,3.92554109902186,0,33.36923076923077,-2.4957024709445603,-0.8943016050014825,41.76301567984938,False,False,True
unigradicon,9fd81843ad,11,UNCHANGED,0,4.862027328663496,0,3.3124901806754905,3.5392236749070793,-11.104995553302482,10.07744884012466,False,False,True
unigradicon,9fd81843ad,12,UNCHANGED,0,3.3109295918995656,0,24.465000000000003,-3.4479158330665918,-1.3237434648288973,30.717340133033975,False,False,True
unigradicon,9fd81843ad,15,UNCHANGED,0,6.179040820600753,1,23.931135531135645,8.908442887316104,-12.729075555834337,32.312783507817414,False,False,True
unigradicon,9fd81843ad,16,UNCHANGED,0,10.25917100177801,2,19.046195775607593,3.0731376170737934,-0.23567145103817472,23.92914253378158,False,False,True
unigradicon,9fd81843ad,17,UNCHANGED,0,5.66160996328835,1,13.2,-4.208585877915727,-6.822408662588888,17.66434686042906,False,False,True
unigradicon,9fd81843ad,18,UNCHANGED,0,4.904307949388041,0,25.509677419354915,-0.008079508519540321,1.89314309739643,31.92206274714958,False,False,True
unigradicon,9fd81843ad,19,UNCHANGED,0,3.64414954622158,0,11.756772908366532,-6.938547526443531,4.6552294860482055,16.088125923003954,False,False,True
unigradicon,9fd81843ad,20,UNCHANGED,0,3.64414954622158,0,8.78297872340425,-8.237835575469282,3.814487412527306,13.076061236519132,False,False,True
unigradicon,9fd81843ad,21,UNCHANGED,0,4.112748399991149,0,12.758282208588957,5.450144953293745,-2.0693057755831625,16.586681083881082,False,False,True
unigradicon,9fd81843ad,22,UNCHANGED,0,3.64414954622158,0,1.3733333333333348,2.1810312633375917,-1.8980051225179475,2.8444772046242375,False,False,True
unigradicon,9fd81843ad,23,UNCHANGED,0,3.858993648109284,0,22.547368421052624,-5.122757703517774,4.79819141484847,28.71739527348387,False,False,True
unigradicon,9fd81843ad,24,UNCHANGED,0,8.042647090451597,1,5.824133391838416,-7.783538340869527,4.769082756970534,10.203582330380192,False,False,True
unigradicon,9fd81843ad,25,UNCHANGED,0,3.566590784520766,0,22.105660377358497,-6.181506383929308,-1.6407613829301058,28.080504180781098,False,False,True
unigradicon,9fd81843ad,26,UNCHANGED,0,4.391459419161809,0,33.61363636363637,0.1578183590178788,-3.0361637233960965,42.085459246760486,False,False,True
unigradicon,9fd81843ad,27,UNCHANGED,0,3.92554109902186,0,14.153846153846155,5.313431067172256,-0.5135593375256043,18.17698246152565,False,False,True
unigradicon,9fd81843ad,29,UNCHANGED,0,4.493622805778783,0,14.4,-6.145852748829003,-0.8178990991644667,18.64016058309577,False,False,True
unigradicon,9fd81843ad,30,UNCHANGED,0,3.9899056715727945,0,9.76932515337423,-9.408019330427969,4.203884668296896,14.632644992909938,False,False,True
unigradicon,9fd81843ad,31,UNCHANGED,0,3.92554109902186,0,16.609900990099028,-0.5240984045587658,-1.3202104430975525,20.792518776376138,False,False,True
unigradicon,9fd81843ad,32,UNCHANGED,0,8.135099407034708,1,37.6335350043215,3.993882067449504,4.479992967845436,47.277540880132854,False,False,True
unigradicon,9fd81843ad,33,UNCHANGED,0,3.9899056715727945,0,14.533333333333337,-4.4595222852262895,-1.7193134581141865,18.547195884514927,False,False,True
unigradicon,9fd81843ad,34,UNCHANGED,0,2.766446080980538,0,8.248421052631567,-10.663916212586232,-3.541983821244988,13.545519722423009,False,False,True
unigradicon,a0a080f42e,1,UNCHANGED,0,9.670269723635732,1,-2.988038108679939,-3.483276566285516,-9.189717938068217,8.597897285292033,False,False,True
unigradicon,a0a080f42e,2,MERGING,0,12.497781367022279,2,-11.190200445434403,8.207840045067881,-10.250170351685455,17.3826118325707,False,False,True
unigradicon,a0a080f42e,3,MERGING,0,12.497781367022279,2,-0.8984357395520647,-4.339414945810236,-9.242672572789365,8.119557412222198,False,False,True
unigradicon,a13ee062ef,2,UNCHANGED,0,3.886449143240958,0,-3.8627218934911185,1.6680253150155966,-1.131903386536939,5.080171872254485,True,False,True
unigradicon,a13ee062ef,3,UNCHANGED,0,27.133192422834636,3,-0.3799251965498286,-2.155251164229106,-1.5403990558833784,2.1297902908962296,True,False,True
unigradicon,a13ee062ef,4,UNCHANGED,0,8.292585283105423,1,-3.048488180317759,-0.371163645923262,-4.371772546846151,5.148072200937358,True,False,True
unigradicon,a2557a7b2e,1,MERGING,0,106.86803884183834,5,-35.80739547948415,-89.04587683942171,-89.80014138230773,108.90327525064221,False,False,False
unigradicon,a2557a7b2e,2,MERGING,0,106.86803884183834,5,-14.34149473131256,-68.1090785687247,-87.89104573326355,89.21749096367058,False,False,False
unigradicon,a2557a7b2e,3,UNCHANGED,0,4.806769682833585,0,0.6566257272129178,1.7414226398601118,0.5320411562548576,1.6430574981990347,False,False,True
unigradicon,a2557a7b2e,4,UNCHANGED,0,10.355871351690231,2,0.5194285714296484,0.5906554383121598,-0.12790051262929555,0.8028417743448938,False,False,True
unigradicon,a2557a7b2e,5,MERGING,0,106.86803884183834,5,-18.54905277232258,-76.62078313664591,-58.58720682646006,79.0905134019285,False,False,True
unigradicon,a2557a7b2e,6,MERGING,0,106.86803884183834,5,61.14801024450092,-5.483346835006761,-112.5404082812215,117.23946961220321,False,False,False
unigradicon,a2557a7b2e,7,MERGING,0,106.86803884183834,5,21.683162548588392,7.5480107807893,-1.0140851267781734,27.749152098051663,False,False,True
unigradicon,a2557a7b2e,8,MERGING,0,106.86803884183834,5,-12.609215968035665,-1.292139039020035,4.23460616760201,16.14332351977455,False,False,True
unigradicon,a2557a7b2e,9,UNCHANGED,0,8.870978475814029,1,-4.468416422286737,-9.40432811666839,-4.211429728529894,9.807392948886825,False,False,True
unigradicon,a2557a7b2e,10,UNCHANGED,0,11.250334943899063,2,0.31423398328640817,-1.3345447423395465,0.3132284285849263,1.1409247043829833,False,False,True
unigradicon,a2557a7b2e,11,MERGING,0,106.86803884183834,5,-38.358576581846386,-43.429798773786565,-12.825338442502826,59.59787148600577,False,False,True
unigradicon,a2557a7b2e,12,UNCHANGED,0,6.64575830690583,1,-0.22069874752908164,-0.5285738898544697,2.639591455790998,2.141005135556736,False,False,True
unigradicon,a2557a7b2e,13,MERGING,0,106.86803884183834,5,37.228791839206224,28.432836945757074,-38.49655082902564,59.843740164532704,False,False,True
unigradicon,a2557a7b2e,14,MERGING,0,33.49016566727125,4,10.884858770438722,2.072528746345044,43.46957396898686,36.933228016796214,False,False,True
unigradicon,a2557a7b2e,15,MERGING,0,106.86803884183834,5,7.049423418153583,-71.07785384371661,-57.006207404220746,71.98763155664415,False,False,True
unigradicon,a2557a7b2e,17,UNCHANGED,0,7.396064560498597,1,0.06486486486487593,-20.504848514958326,33.41441139193326,30.846764781973526,False,False,True
unigradicon,a2557a7b2e,18,MERGING,0,106.86803884183834,5,81.2297079369821,62.344460962293255,-67.97343478889944,124.7272786682311,False,False,False
unigradicon,a2557a7b2e,19,UNCHANGED,0,11.920009308822353,2,10.803656417616605,6.047354243786158,11.823591030089794,17.079424981214675,False,False,True
unigradicon,a2557a7b2e,20,UNCHANGED,0,11.333289717903343,2,8.001196540694185,-26.86996189627763,15.109868794251817,26.125566527029775,False,False,True
unigradicon,a2557a7b2e,21,UNCHANGED,0,17.733552423155075,2,9.7984101748807,-2.4230020571689335,5.404479149135077,13.106399144864792,False,False,True
unigradicon,a2557a7b2e,22,UNCHANGED,0,12.613941383170742,2,7.620553359683811,-39.64219143011094,28.230105574048917,39.31164876323359,False,False,True
unigradicon,a2557a7b2e,23,UNCHANGED,0,28.253326482103017,3,2.825606393591363,-2.845871710798925,4.706309898293496,5.586016757991863,False,False,True
unigradicon,a2557a7b2e,24,MERGING,0,106.86803884183834,5,32.045819022549246,-17.545526795764587,-82.97851730973821,77.96593105713502,False,False,True
unigradicon,a2557a7b2e,25,UNCHANGED,0,15.094092323734595,2,4.298277850693557,-6.584629950772882,9.806328881654698,10.732098809182347,False,False,True
unigradicon,a2557a7b2e,26,UNCHANGED,0,15.277555384181536,2,14.762282317329163,0.374605094002253,-12.056187621259225,20.762414020001916,False,False,True
unigradicon,a2557a7b2e,27,UNCHANGED,0,42.11237368802577,4,13.433740931541546,2.0506345668888395,-12.474946687945597,19.530015880703694,False,False,True
unigradicon,a2557a7b2e,28,UNCHANGED,0,6.932561509633416,1,10.903517587938904,-13.195161073222787,-24.65322358271938,25.89051690223883,False,False,True
unigradicon,a2557a7b2e,29,UNCHANGED,0,5.752823484887349,1,-3.89747474747395,7.970104094926932,8.75187458592581,10.495872066749827,False,False,True
unigradicon,a2557a7b2e,30,MERGING,0,106.86803884183834,5,-20.176758400028234,16.13740958603546,-13.501734652703638,30.14006345130921,False,False,True
unigradicon,a2557a7b2e,31,MERGING,0,106.86803884183834,5,-9.177495500765326,-77.7399776152154,-65.60896534276762,80.60750502313935,False,False,False
unigradicon,a2557a7b2e,32,UNCHANGED,0,13.691007124125264,2,14.615731651279201,-5.275300663570959,-10.786859438542196,20.571567445643378,False,False,True
unigradicon,a2557a7b2e,34,MERGING,0,106.86803884183834,5,-35.1046439975767,-44.330934155259,-12.830365185991864,56.804208336908246,False,False,True
unigradicon,a2557a7b2e,35,MERGING,0,33.49016566727125,4,12.544897690821141,11.45909345051935,23.19831734338528,25.710098653608565,False,False,True
unigradicon,a2557a7b2e,36,MERGING,0,33.49016566727125,4,3.57545521671135,0.095583031568889,8.180698983735224,7.851234196598515,False,False,True
unigradicon,a2557a7b2e,37,UNCHANGED,0,10.09021819225066,2,24.77532420312682,4.919129612584965,14.428206360194137,33.21807435712493,False,False,True
unigradicon,a2557a7b2e,38,MERGING,0,106.86803884183834,5,-12.031580384127732,-57.79803510019779,1.71403108095685,47.598931609107815,False,False,True
unigradicon,a2557a7b2e,39,UNCHANGED,0,12.961584168425198,2,-0.7937441115511319,0.09962089858052035,1.815071758072947,1.7439499072987297,False,False,True
unigradicon,a2557a7b2e,40,MERGING,0,106.86803884183834,5,53.01475675148695,1.8908961562833606,-92.43930276490939,98.5552898336222,False,False,False
unigradicon,a2557a7b2e,41,MERGING,0,106.86803884183834,5,23.788791839206237,-27.548024298262085,-12.688097006732221,38.043960155417984,False,False,True
unigradicon,a2557a7b2e,42,UNCHANGED,0,20.15117519838667,3,5.806165854630626,-8.180781251278605,11.50232699235607,13.261138331278268,False,False,True
unigradicon,a2557a7b2e,43,UNCHANGED,0,6.397082447474526,1,1.5776969696965124,1.5401170798896984,0.010225832469199147,2.3100066325550515,False,False,True
unigradicon,a2557a7b2e,44,UNCHANGED,0,21.88875800301108,3,3.511726034933247,-8.52311066456443,6.552524129116738,9.503001586695916,False,False,True
unigradicon,a2557a7b2e,46,UNCHANGED,0,8.219460538860206,1,-1.0653536754514334,1.004538165111893,2.6834433487762515,2.621374692819567,False,False,True
unigradicon,a2557a7b2e,47,MERGING,0,106.86803884183834,5,92.22418203884328,32.99640164217677,-81.82078216739762,134.61496117792979,False,False,False
unigradicon,a2557a7b2e,48,MERGING,0,106.86803884183834,5,60.18751037467534,18.613660484346617,-99.36130677498447,109.62430968363196,False,False,False
unigradicon,a2557a7b2e,49,UNCHANGED,0,8.429327973924986,1,-3.18418939354533,-2.9088967696865815,9.081341883427369,8.505490346414257,False,False,True
unigradicon,a2557a7b2e,50,MERGING,0,106.86803884183834,5,83.44142341815362,40.80627764978986,-70.6069982730873,122.46641608561309,False,False,False
unigradicon,a2557a7b2e,51,UNCHANGED,0,9.241695640957516,1,16.612667734275885,-18.220482799235988,12.544261981390688,27.049535562803815,False,False,True
unigradicon,a2557a7b2e,52,UNCHANGED,0,13.11710691331537,2,10.671365584435511,-2.2242696394381345,-18.128767977320805,19.63530144393949,False,False,True
unigradicon,a2557a7b2e,53,UNCHANGED,0,7.998291099423731,1,-0.9324295898101127,1.6307961915813822,0.6720318778027042,1.8060489020612085,False,False,True
unigradicon,a27ef1c79c,2,UNCHANGED,0,7.765411393139816,1,0.3128070796460179,-0.11372152363088701,0.41976460765834667,0.5200634009030553,False,False,True
unigradicon,a3458cbbcc,1,UNCHANGED,0,18.76992859160331,2,-0.9204773411187489,3.9380622579534585,-4.389059656546866,4.772368351846495,False,False,True
unigradicon,a3458cbbcc,2,UNCHANGED,0,8.154976131253916,1,-3.602917039876047,6.416731142262021,-0.7166608324795609,6.76146139562762,False,False,True
unigradicon,a3458cbbcc,4,UNCHANGED,0,58.517150442806084,5,-3.655929131948324,5.536358664375034,1.7617794961535713,6.443010969592649,False,False,True
unigradicon,a3458cbbcc,5,UNCHANGED,0,10.529906792076286,2,-0.02697576833988933,3.8878464852253294,0.22063324716552485,3.041580989719963,False,False,True
unigradicon,a4a042cf4f,1,UNCHANGED,0,13.42687378977262,2,-1.79271027145694,3.6703464850175616,-3.092248538409093,4.380773879852599,False,False,True
unigradicon,a4a042cf4f,2,UNCHANGED,0,25.224841546228127,3,3.0813626444823967,-0.6998961363817288,-2.600440126188495,4.398190238522793,False,False,True
unigradicon,a4a042cf4f,3,UNCHANGED,0,7.266328213919827,1,2.133319307104287,-5.463293418351817,-11.55534728566467,10.4134357927675,False,False,True
unigradicon,a4a042cf4f,4,UNCHANGED,0,16.515776885766023,2,-16.40819464588111,4.8447804700787875,-18.621920716986843,25.512003493314577,False,False,True
unigradicon,a4a042cf4f,5,UNCHANGED,0,9.546964907614832,1,1.6909090909087467,3.92064746433136,-13.919834077124305,11.59587156637929,False,False,True
unigradicon,a4f23670e1,5,UNCHANGED,0,7.024671217612213,1,19.314614661654105,-14.438812149211053,-0.6937477218474031,26.652603177398774,False,False,True
unigradicon,a4f23670e1,6,UNCHANGED,0,11.099918886988785,2,13.524344900509437,5.637162153928759,-2.0630778608154197,17.54498009538575,False,False,True
unigradicon,a4f23670e1,8,UNCHANGED,0,16.67467069679496,2,1.8062224655593127,-1.2086430238843278,6.901227112182856,5.969704470135073,False,False,True
unigradicon,a597e50502,1,UNCHANGED,0,51.73198021035172,5,143.48226012515573,-15.126378952424982,-22.53932915551322,180.61908373682698,True,False,False
unigradicon,a5e0013237,1,UNCHANGED,0,6.512593531468598,1,-4.236804829909249,-2.1462320456183503,-0.6670225476821263,5.579813804065296,False,False,True
unigradicon,a5e0013237,2,UNCHANGED,0,5.95739226324618,1,-2.688218793828855,-5.432642197256124,1.5876396834143858,5.555421672285099,False,False,True
unigradicon,a666587afd,1,UNCHANGED,0,7.267066449900805,1,4.197145758725855,-2.0184872623350416,-0.019790383653961602,5.478179728384237,False,False,True
unigradicon,a666587afd,2,UNCHANGED,0,4.771236321296243,0,-1.2378947368420996,2.0017238849768746,-1.1082560994929946,2.36706586436788,False,False,True
unigradicon,a666587afd,3,UNCHANGED,0,4.874991196250704,0,-0.4026578073089809,0.24071916053002937,-5.596823006226716,4.448459510641603,False,False,True
unigradicon,a666587afd,4,UNCHANGED,0,28.386840016464546,3,4.792746470938658,-7.051823221124191,0.21353727065915015,8.139529116676563,False,False,True
unigradicon,a666587afd,5,UNCHANGED,0,7.423635800147994,1,1.131327433628229,-0.8203254835054817,-1.40379105935782,1.9071098771381894,False,False,True
unigradicon,a666587afd,7,UNCHANGED,0,4.1680588429246805,0,1.0810810810810891,-4.656323356807503,1.375108919518383,4.0284074933007075,False,False,True
unigradicon,a666587afd,10,UNCHANGED,0,7.312486794376056,1,-0.32567049808423576,0.08611871379921736,-0.6079774840482387,0.6327329874312944,False,False,True
unigradicon,a666587afd,11,UNCHANGED,0,2.9373555798914963,0,-1.1291139240506312,0.11380751545134378,-0.09018358856606194,1.4159773446848765,False,False,True
unigradicon,a666587afd,12,UNCHANGED,0,14.049690787510102,2,-1.4143424299867728,-2.4264416541112315,-0.37353090607730705,2.6083797715969848,False,False,True
unigradicon,a666587afd,13,UNCHANGED,0,4.3668317067368925,0,2.5642105263157875,-0.3034844147839781,-0.0968311965444419,3.214922697803047,False,False,True
unigradicon,a666587afd,14,UNCHANGED,0,8.42206310216772,1,2.465454545454486,-7.540488477146003,-6.496216387601662,8.393465112859719,False,False,True
unigradicon,a666587afd,15,UNCHANGED,0,3.786932777807269,0,0.8993103448276656,0.36618327060027417,3.4521540570417932,2.960453933023756,False,False,True
unigradicon,a666587afd,16,UNCHANGED,0,4.606578019656338,0,-3.444282238442935,4.610483532616326,4.510078552792111,6.645623734271499,False,False,True
unigradicon,a666587afd,17,UNCHANGED,0,56.77255675809285,5,32.3597269543539,1.0736237628056169,-50.92975514850899,57.02278330905647,False,False,True
unigradicon,a666587afd,18,UNCHANGED,0,4.1680588429246805,0,1.8745098039215748,-2.1810075629429817,2.069008119196154,3.3251519585598373,False,False,True
unigradicon,a666587afd,19,UNCHANGED,0,3.9482697526244044,0,0.22857142857142776,1.3688615300875182,-0.7118859207969083,1.2409869837071403,False,False,True
unigradicon,a666587afd,20,UNCHANGED,0,3.308190495961997,0,0.9542168674698871,-1.344020447989126,-0.873980713729439,1.732061997662777,False,False,True
unigradicon,a666587afd,21,UNCHANGED,0,13.156510745887802,2,-3.5533569768864255,6.5979272303787395,-4.645708034069442,7.727710134008295,False,False,True
unigradicon,a666587afd,22,UNCHANGED,0,4.302604263603222,0,-2.317774762551005,-0.029692337368394352,0.6220013880214569,2.938580782941505,False,False,True
unigradicon,a666587afd,25,UNCHANGED,0,3.9482697526244044,0,-1.0867924528301842,-1.238392262216948,2.1067041584547446,2.3545310363827565,False,False,True
unigradicon,a666587afd,29,UNCHANGED,0,29.906537781376844,3,1.075376233304047,-1.7760919032501585,2.0104347330033057,2.499437297603828,False,False,True
unigradicon,a666587afd,30,UNCHANGED,0,28.073373530172283,3,-10.829455081001473,-2.117799521803321,-9.332029545968505,15.498210602146969,False,False,False
unigradicon,a666587afd,35,UNCHANGED,0,4.024216567255403,0,-0.7428571428571444,-0.28676835317471155,-1.4592838250898101,1.4960180321473597,False,False,True
unigradicon,a71d83915f,1,UNCHANGED,0,17.59273947689692,2,-14.207539314147255,5.160478828117655,3.132518908364261,18.377957825100562,False,False,True
unigradicon,a71d83915f,2,UNCHANGED,0,9.805994277486384,1,-8.371205007824528,0.8592638141856035,-5.299640787178311,11.288490898197935,False,False,True
unigradicon,a71d83915f,3,MERGING,0,65.0348583064823,5,35.85015625969584,-61.88817165799862,-25.641429106285067,68.94718357730049,False,False,True
unigradicon,a71d83915f,4,UNCHANGED,0,10.493296312703837,2,15.762986723691597,2.869503512442096,0.6580970007500729,19.837569618170253,False,False,True
unigradicon,a71d83915f,5,UNCHANGED,0,8.987654801859023,1,-13.20751699320249,-10.676459083192999,-4.230877060614441,18.79444011501677,False,False,True
unigradicon,a71d83915f,6,UNCHANGED,0,22.54051894897939,3,-11.092741978070421,6.666188183587342,4.961991133828832,15.319815349572535,False,False,True
unigradicon,a71d83915f,7,MERGING,0,17.564086756029255,2,0.2904040404034731,-7.241790226408389,1.7148416746280715,5.826741311921698,False,False,True
unigradicon,a71d83915f,8,MERGING,0,65.0348583064823,5,3.7002067977778097,30.175014556000942,30.41911375463719,33.953120609511075,False,False,True
unigradicon,a71d83915f,9,MERGING,0,65.0348583064823,5,6.527885899188675,6.866659690489272,-29.05238558349873,24.915394186345026,False,False,True
unigradicon,a71d83915f,10,UNCHANGED,0,8.165826310862347,1,-1.052519455674883,1.8154118630598577,-1.6184104459817625,2.3177000553493667,False,False,True
unigradicon,a71d83915f,11,MERGING,0,65.0348583064823,5,3.5399465551191156,-29.8394813610467,-43.16221395836055,41.50214657628561,False,False,True
unigradicon,a71d83915f,12,UNCHANGED,0,10.203962366909481,2,1.5327981651375922,2.8055891111459874,-2.08899117921513,3.344975517259081,False,False,True
unigradicon,a71d83915f,13,MERGING,0,17.564086756029255,2,3.8826650510384297,3.12584304443031,-3.71467469358151,6.172903479827062,False,False,True
unigradicon,a71d83915f,14,MERGING,0,65.0348583064823,5,20.01479831654217,-26.18188709935169,-29.847642130357205,39.98300556858979,False,False,True
unigradicon,a71d83915f,15,UNCHANGED,0,14.65508363424189,2,-8.200158227847965,5.80701883630485,11.70005252362137,14.520778203323326,False,False,True
unigradicon,a71d83915f,16,UNCHANGED,0,18.758192231491307,2,7.286927651664541,-5.470386819426407,1.1774458596447388,10.103657375556352,False,False,True
unigradicon,a71d83915f,17,UNCHANGED,0,9.650069629016494,1,-0.40108319952014426,3.5591470170221795,-0.8827203283134273,2.909144019932976,False,False,True
unigradicon,a71d83915f,18,UNCHANGED,0,15.752591182879835,2,-9.197163350052051,0.18605571747108662,-0.34840569793112564,11.500658216219307,False,False,True
unigradicon,a71d83915f,19,MERGING,0,65.0348583064823,5,-17.909919175101948,-21.89427710059967,-33.61997557620794,38.69397054041651,False,False,True
unigradicon,a71d83915f,20,MERGING,0,65.0348583064823,5,6.641156400759485,5.0035478409220495,-12.857043378175556,13.67807043264316,False,False,True
unigradicon,a71d83915f,21,UNCHANGED,0,7.191037105035906,1,-2.8988708885610777,0.43804978565121905,1.5919936891722575,3.8503484174804092,False,False,True
unigradicon,a71d83915f,22,MERGING,0,65.0348583064823,5,11.18614131780322,-19.238984609205563,-48.76057029500671,43.60489673747254,False,False,True
unigradicon,a71d83915f,23,MERGING,0,65.0348583064823,5,-2.6324484257864924,2.5306924246247275,-26.968328658959397,21.62147059672381,False,False,True
unigradicon,a71d83915f,24,MERGING,0,65.0348583064823,5,-20.122526463690633,23.356438881997228,57.26835972449523,54.83693656700653,False,False,True
unigradicon,a71d83915f,25,UNCHANGED,0,6.53349080369038,1,-2.266783165865718,0.4391524699588387,3.47155532682947,3.955840119497298,False,False,True
unigradicon,a71d83915f,26,MERGING,0,65.0348583064823,5,13.123850347903556,-3.6493116538264156,-44.32322494399912,38.73259068753528,False,False,True
unigradicon,a71d83915f,27,MERGING,0,65.0348583064823,5,4.686141317803219,-21.206873949178995,-46.26697740950779,40.51197566464816,False,False,True
unigradicon,a71d83915f,28,MERGING,0,65.0348583064823,5,27.825338529986993,-42.71422408323011,-30.948500618990966,54.02682936725397,False,False,True
unigradicon,a71d83915f,29,UNCHANGED,0,9.095950217621295,1,7.736798905607884,6.113537727421107,-0.6666254476519374,10.798257185873391,False,False,True
unigradicon,a71d83915f,30,MERGING,0,65.0348583064823,5,-7.672991141665534,6.648903203666532,-17.707649579901044,17.72442336564317,False,False,True
unigradicon,a71d83915f,31,UNCHANGED,0,8.801134836746867,1,-9.747424988804823,2.4289623328817407,3.080824583765108,12.568374525998037,False,False,True
unigradicon,a71d83915f,32,UNCHANGED,0,8.121325011508928,1,0.984443364122626,2.9180102095481133,-0.7834369828168375,2.6627122371116085,False,False,True
unigradicon,a71d83915f,33,UNCHANGED,0,7.81939260955158,1,1.6864420982060437,0.32495975635279767,-1.0996735037998608,2.293708865804967,False,False,True
unigradicon,a71d83915f,34,UNCHANGED,0,7.49214722202898,1,1.643675487060591,4.686110561486489,-3.3343824348247977,4.953496925961691,False,False,True
unigradicon,a71d83915f,35,UNCHANGED,0,5.044650699368474,1,-5.197370927795873,3.192865639656951,-1.195399920086124,7.022466800413042,False,False,True
unigradicon,a71d83915f,36,MERGING,0,65.0348583064823,5,-1.4883779129660297,-5.9231309879698415,-13.236846048188974,11.57304476218141,False,False,True
unigradicon,a71d83915f,37,MERGING,0,65.0348583064823,5,-8.072405690743778,5.853580267965367,-6.186953723109378,12.10567587018472,False,False,True
unigradicon,a71d83915f,38,UNCHANGED,0,10.868370465813044,2,1.9477115987468778,-1.9175181512632886,-0.3387261997351628,2.8708266377253295,False,False,True
unigradicon,a71d83915f,39,MERGING,0,65.0348583064823,5,-0.09393983957153296,32.66314508941161,51.432018758456586,47.93219047648747,False,False,True
unigradicon,a71d83915f,40,UNCHANGED,0,10.955122816899797,2,1.8372008372000437,6.1183610969537705,-2.8781256700300664,5.76750601170929,False,False,True
unigradicon,a71d83915f,41,UNCHANGED,0,13.075618081545713,2,0.5735321680308516,2.381370715236741,-3.561000699165506,3.4448555302908765,False,False,True
unigradicon,a71d83915f,42,UNCHANGED,0,10.690584772767698,2,4.485330505479169,-1.7059616907025832,9.03065450749795,9.163957961781039,False,False,True
unigradicon,a71d83915f,43,UNCHANGED,0,9.131481633901764,1,-4.865084421791153,-0.8220606063830231,-1.443847430116884,6.220357978434412,False,False,True
unigradicon,a71d83915f,44,UNCHANGED,0,12.89179986664492,2,-5.422422497288608,1.7489135143716563,25.299620186692948,21.124981775805775,False,False,True
unigradicon,a71d83915f,45,UNCHANGED,0,17.237577058086572,2,7.301132975551354,-1.8987928763278887,-1.588552701698746,9.330678792217876,False,False,True
unigradicon,a71d83915f,46,UNCHANGED,0,6.701953422356346,1,-8.10987302409876,4.380146140156452,-2.8067631867206244,10.92576657697465,False,False,True
unigradicon,a71d83915f,47,UNCHANGED,0,10.546630374071913,2,0.20265548567533642,0.3620281480990522,-0.5691759271433275,0.5880370137993747,False,False,True
unigradicon,a71d83915f,48,UNCHANGED,0,12.027146963393173,2,1.9658116565962018,4.7227801324243295,-5.364762260354133,6.128596180711882,False,False,True
unigradicon,a71d83915f,49,MERGING,0,65.0348583064823,5,-5.771861589941977,34.0255909084494,38.308313804347044,40.88761186857795,False,False,True
unigradicon,a71d83915f,50,UNCHANGED,0,19.014675557854805,2,-2.2277075066223233,-3.6146106638978366,0.8380140754786283,4.020044237793666,False,False,True
unigradicon,a71d83915f,51,UNCHANGED,0,13.818063609580845,2,-4.809145940256201,-7.0999571093172475,10.563230925948773,11.676777195211452,False,False,True
unigradicon,a71d83915f,52,MERGING,0,65.0348583064823,5,-15.193996144012942,12.635520156298817,15.353203035165874,24.59349928764452,False,False,True
unigradicon,a71d83915f,53,UNCHANGED,0,8.187896219032528,1,-4.615551275878488,4.186419898309236,-1.0637559386169093,6.684392437790703,False,False,True
unigradicon,a71d83915f,54,UNCHANGED,0,6.955093377110543,1,-1.4868421052640315,0.4747407328245636,0.17663592947403545,1.900292859553911,False,False,True
unigradicon,a71d83915f,55,UNCHANGED,0,9.060139019209828,1,-2.330952380953022,-1.33416800518981,3.3764225549214073,4.083161458746194,False,False,True
unigradicon,a71d83915f,56,MERGING,0,65.0348583064823,5,2.8407887537006786,19.85207020141076,-7.434891025348885,16.953154940235596,False,False,True
unigradicon,a71d83915f,57,MERGING,0,65.0348583064823,5,18.690128184594982,-31.500456901687304,-25.238123757674988,39.33939537908859,False,False,True
unigradicon,a71d83915f,58,MERGING,0,65.0348583064823,5,-23.3389827516757,-26.85574121759815,-20.556870767888956,39.42203838001096,False,False,True
unigradicon,a71d83915f,59,MERGING,0,65.0348583064823,5,-2.6782486026211814,-26.98835623504894,-27.247044566388468,30.292679854690714,False,False,True
unigradicon,a71d83915f,60,UNCHANGED,0,10.04562422243386,2,-2.850716852803089,-2.0929238609209015,-2.3782986289936163,4.346353692195858,False,False,True
unigradicon,a71d83915f,61,UNCHANGED,0,9.078079935408274,1,1.7692307692300346,-0.709141528735939,1.8541229957605352,2.708823713598401,False,False,True
unigradicon,a71d83915f,62,UNCHANGED,0,8.525917243747273,1,1.4675958188158802,-2.899235246567736,-2.42356580560511,3.485530317472737,False,False,True
unigradicon,a71d83915f,63,MERGING,0,65.0348583064823,5,12.34250800936411,7.360035735818664,-35.989672070479905,32.82367108001957,False,False,True
unigradicon,a71d83915f,64,UNCHANGED,0,4.381434274902998,0,-1.5263157894746655,0.06783869402797135,2.8349336780099343,2.940404168128889,False,False,True
unigradicon,a7228a7d88,1,UNCHANGED,0,8.622262009729155,1,-0.3805133577797051,0.2512275903149428,-0.13539924390079858,0.5254955247945278,False,False,True
unigradicon,a7228a7d88,2,UNCHANGED,0,7.770255719216728,1,5.1622641509434,-5.862014318334444,-4.697638867604191,8.737099761739321,False,False,True
unigradicon,a7228a7d88,6,UNCHANGED,0,16.589986260727063,2,-7.660106424603351,-7.79301813684241,-0.9197684405014506,11.368967892407431,False,False,True
unigradicon,a7228a7d88,7,UNCHANGED,0,13.171944374370685,2,-6.642105263157077,5.574789655839419,-4.707182318792202,10.0838375365421,False,False,True
unigradicon,a7228a7d88,11,UNCHANGED,0,12.455446403834623,2,1.3906108597279399,-0.7510275884433085,-2.5217183865620196,2.7063360451667005,False,False,True
unigradicon,a7228a7d88,13,UNCHANGED,0,12.33451210274655,2,-4.244554455446405,-0.8743101486310636,5.3254319021263905,6.802314301017755,False,False,True
unigradicon,a7228a7d88,15,UNCHANGED,0,8.601384780308281,1,3.083924630792012,-1.8205974443482187,-0.6310774934742985,4.138838559430628,False,False,True
unigradicon,a7228a7d88,18,UNCHANGED,0,8.704776707722422,1,3.7216901408448164,-0.24340921220885764,4.015023083685985,5.631481628003371,False,False,True
unigradicon,a861405761,1,UNCHANGED,0,21.203843313375497,3,22.922408094779257,-19.20508547582917,-11.1717733793083,33.521128668140236,False,True,False
unigradicon,a861405761,2,UNCHANGED,0,8.066366388503619,1,18.42068095838738,-8.84613088798707,-9.541235558642859,25.191130177176753,False,True,False
unigradicon,a861405761,3,UNCHANGED,0,28.836794936714604,3,13.357252449476732,-19.663296372334244,5.417386226644132,23.08427172895881,False,True,False
unigradicon,a861405761,4,UNCHANGED,0,13.044914436778795,2,17.08624031007605,-7.798745598591987,-3.219541076935896,22.35411453187747,False,True,False
unigradicon,a861405761,5,UNCHANGED,0,4.818173673429778,0,17.286624203821702,-9.488191782369702,16.758921755859067,26.39454770084738,False,True,False
unigradicon,a861405761,6,UNCHANGED,0,23.409593947637404,3,9.857026215261612,-15.306509162453024,-12.087935960634875,19.638812159288594,False,True,False
unigradicon,a861405761,7,UNCHANGED,0,33.71965016514224,4,0.195113574273023,-5.512632173199057,-4.4780620808746265,5.574862854946252,False,True,False
unigradicon,a8baa56554,1,UNCHANGED,0,63.500956929572524,5,-6.178250663965173,-1.784926594978009,7.6420451974432595,9.896510365112219,False,False,True
unigradicon,a8baa56554,2,UNCHANGED,0,12.086898441255554,2,2.296231117297998,2.5925407860412317,-2.9264892406556613,4.203540244188192,False,False,True
unigradicon,a8baa56554,3,UNCHANGED,0,6.293646024822922,1,-1.009523809524603,0.43960098977703294,-0.6872643482470274,1.4157382405788552,False,False,True
unigradicon,a8baa56554,4,UNCHANGED,0,4.435320365079983,0,0.4427184466019298,1.5901551742048288,-4.261786874482393,3.627028297449924,False,False,True
unigradicon,a8baa56554,5,UNCHANGED,0,13.107453484675057,2,-15.725730911155939,9.731646450168437,9.89391224716404,22.474622866528158,False,False,True
unigradicon,a8baa56554,6,UNCHANGED,0,56.27962015987044,5,-0.8755205572941804,0.716131840777991,5.985274045669903,4.879693907017546,False,False,True
unigradicon,a8baa56554,7,UNCHANGED,0,76.77922074868509,5,-7.361466535704812,-10.078044034649132,2.844178935519051,12.315089031417454,False,False,True
unigradicon,a8baa56554,8,UNCHANGED,0,6.36281250839628,1,-14.989470165469992,-9.76129259240319,5.4155887419296835,20.674756822825593,False,False,True
unigradicon,a8baa56554,9,UNCHANGED,0,6.076448427431951,1,-16.85656565656675,2.4927505421266303,4.865905303563287,21.505913755969694,False,False,True
unigradicon,a8baa56554,10,UNCHANGED,0,5.675482494787802,1,1.6468899521526281,1.137301735598765,0.4591730732884229,2.271143919171633,False,False,True
unigradicon,a8baa56554,11,UNCHANGED,0,5.543446347826234,1,1.4160355747209223,-0.508736438026938,-0.7374420202472851,1.9051149410857455,False,False,True
unigradicon,a8baa56554,12,UNCHANGED,0,13.107453484675057,2,-19.89515932597642,3.590849779035156,4.39298098730335,25.26545424896363,False,False,True
unigradicon,a8baa56554,13,UNCHANGED,0,6.656889467759974,1,-1.2440366972476795,29.94401870570374,2.15670408700641,23.499612165299713,False,False,True
unigradicon,a8baa56554,14,UNCHANGED,0,7.0125815883782066,1,5.019258990851154,10.79409864458506,3.8470420713417295,10.938247879395597,False,False,True
unigradicon,a8baa56554,15,UNCHANGED,0,15.61290513394009,2,2.174672489083173,1.4706872890369793,-3.391951442617395,3.9838405579843004,False,False,True
unigradicon,a8baa56554,16,UNCHANGED,0,6.000484858715769,1,2.9169230769229215,4.361395646607286,1.4653483596568462,5.12188271482425,False,False,True
unigradicon,a8f15eda80,1,UNCHANGED,0,16.29606069648277,2,-79.37878787878883,-7.728693720710683,27.002755560462692,101.66437434992766,True,True,False
unigradicon,a8f15eda80,2,UNCHANGED,0,10.452568004294903,2,-7.7913875598096185,-16.521435184617847,23.96986764457156,24.88008418240528,True,True,False
unigradicon,a8f15eda80,3,UNCHANGED,0,6.356336187262065,1,-15.102896693156003,-17.63782174971657,29.022053802540803,32.718397234354754,True,True,False
unigradicon,a8f15eda80,4,UNCHANGED,0,10.976048777519082,2,-84.06942148760402,-17.35900824745647,19.521225476332248,107.0712967153961,True,True,False
unigradicon,a8f15eda80,5,UNCHANGED,0,17.74732017122925,2,142.7601173020529,-19.307971019593857,-18.731003860968897,179.69490455851582,True,True,False
unigradicon,a8f15eda80,6,UNCHANGED,0,19.609533786542126,2,148.42434782608706,-12.251299385892914,-18.330686570411352,186.33912562115373,True,True,False
unigradicon,a8f15eda80,8,MERGING,0,24.50187151969614,3,-77.30314321636646,-34.461345762240434,43.43677539775479,106.00034769373329,True,True,False
unigradicon,a8f15eda80,9,UNCHANGED,0,16.275458827872093,2,-61.55972034833913,-11.022400589014751,-3.0700146075522086,77.4675554015751,True,True,False
unigradicon,a8f15eda80,11,UNCHANGED,0,13.169410454068792,2,-32.48120300751939,-12.161060028614818,15.525033025767765,43.459570104271734,True,True,False
unigradicon,a8f15eda80,12,UNCHANGED,0,9.481617670148543,1,-12.430769230770432,-22.80586253598883,21.660476457046208,29.167808597458365,True,True,False
unigradicon,a8f15eda80,13,UNCHANGED,0,16.14375215289739,2,-38.752207792207216,-28.714089076685777,-8.39289909680349,53.788677188252144,True,True,False
unigradicon,a8f15eda80,14,MERGING,0,24.50187151969614,3,-83.641604754828,-26.035572591748885,35.75020565676489,110.18264175703678,True,True,False
unigradicon,a8f15eda80,15,UNCHANGED,0,21.361866160009555,3,-40.265470852018396,-6.339379124489022,15.290211979080404,51.993715649354925,True,True,False
unigradicon,a8f15eda80,16,UNCHANGED,0,8.85337405123601,1,-32.83464566929199,-20.464743910757814,12.01636541307973,45.05436632406022,True,True,False
unigradicon,a8f15eda80,17,UNCHANGED,0,23.28331960566556,3,-21.22285714285615,-26.45760063133575,25.20049807211162,39.065099384337735,True,True,False
unigradicon,a8f15eda80,18,UNCHANGED,0,8.361846013713121,1,-14.007476635514399,-31.927968988255145,30.073637107879676,38.618534699487,True,True,False
unigradicon,a8f15eda80,19,UNCHANGED,0,15.241670722667502,2,-61.69259259259329,-32.37918850081398,27.988175203218763,84.1069089547132,True,True,False
unigradicon,a8f15eda80,20,UNCHANGED,0,35.61710120740983,4,-22.255158917754784,-28.929450863078113,5.6477257016635045,36.11418977574954,True,True,False
unigradicon,a8f15eda80,21,UNCHANGED,0,10.178724099590836,2,-24.763434492967896,-20.621305516507253,25.20323611828375,40.16185106450437,True,True,False
unigradicon,a8f15eda80,22,UNCHANGED,0,15.131105487854386,2,-9.582826806185858,-25.993497191240955,6.884702519948695,24.189246038998526,True,True,False
unigradicon,a91f7d0f27,1,UNCHANGED,0,6.453152923758409,1,-1.1650014779780236,-0.15843194267929134,-1.8792118249630754,2.081915854163806,False,False,True
unigradicon,a91f7d0f27,2,UNCHANGED,0,7.590573600834197,1,0.874250986245886,2.9381583309350003,-4.201305906057663,4.177080064058209,False,False,True
unigradicon,a91f7d0f27,3,UNCHANGED,0,7.067625013851279,1,-2.668275643061702,1.7303191038281778,0.7356729091182107,3.6452251729386393,False,False,True
unigradicon,a97da629b0,2,UNCHANGED,0,4.536856354893772,0,2.933057280883304,-1.3995619039774905,1.7250564644871187,4.060689579476595,False,False,True
unigradicon,a97da629b0,4,UNCHANGED,0,5.837735900672579,1,6.040511157735272,0.25995324988884183,-3.0279826297455297,7.922187964588314,False,False,True
unigradicon,a97da629b0,5,UNCHANGED,0,17.33039355994961,2,0.5024440977629411,4.601666179018549,-2.0663756864886347,3.996084006142948,False,False,True
unigradicon,a97da629b0,6,UNCHANGED,0,8.060753744598097,1,5.025129427232469,8.839984580257376,-18.31717734223937,17.204341038975,False,False,True
unigradicon,a97da629b0,7,UNCHANGED,0,5.837735900672579,1,-5.460512059369222,-1.6248462031045992,1.2991040749608285,7.017859125543663,False,False,True
unigradicon,a97da629b0,9,UNCHANGED,0,9.12276075836098,1,-2.31532142450767,1.4790229801513557,-7.286579938479072,6.539319043512333,False,False,True
unigradicon,a97da629b0,13,UNCHANGED,0,12.142980010238368,2,1.2016509974786687,3.059194024000949,0.11200866688529294,2.82354885741646,False,False,True
unigradicon,a97da629b0,14,UNCHANGED,0,5.916104123214199,1,-0.3897698209722421,1.8267311865462355,5.630188597316,4.691065030717761,False,False,True
unigradicon,a97da629b0,15,UNCHANGED,0,2.727945890352645,0,1.2,-0.40919089583781126,0.727530633670522,1.6375686345843705,False,False,True
unigradicon,a97da629b0,17,UNCHANGED,0,5.363401170798982,1,3.606525538940514,-12.756835634674639,-6.462416425869959,12.06585472122997,False,False,True
unigradicon,a97da629b0,18,UNCHANGED,0,8.872007478639286,1,0.7880156170432656,1.875067747872195,1.9144181974198993,2.323004559424757,False,False,True
unigradicon,a97da629b0,19,UNCHANGED,0,8.283650406518378,1,0.9745752045308336,2.0616412387272494,-1.8511902362800965,2.4919740557318946,False,False,True
unigradicon,a97da629b0,22,UNCHANGED,0,21.614125990792008,3,-0.7015195796656599,-1.7196731469867965,0.7147396703702927,1.70023296793183,False,False,True
unigradicon,ac1dd209cb,11,UNCHANGED,0,7.823879588918336,1,0.4515856236788636,-2.534713063783016,2.1277314348217415,2.656275949407872,False,False,True
unigradicon,ac1dd209cb,12,UNCHANGED,0,15.866943935796977,2,-6.550861831430143,-0.7248307273279987,2.551196129739046,8.451331274585444,False,False,True
unigradicon,ac1dd209cb,13,UNCHANGED,0,9.62814339899954,1,1.0961203083538293,0.5286185450184895,5.890211290902304,4.862701755908791,False,False,True
unigradicon,ac1dd209cb,18,UNCHANGED,0,17.601533548843054,2,16.99967338051207,-0.8536143151722718,2.880392326484518,21.38117036445155,False,False,True
unigradicon,af032fbcb0,2,UNCHANGED,0,3.461334251661983,0,8.426086956521772,-5.884260680809166,-5.831149561566644,12.37831184426877,True,False,True
unigradicon,af032fbcb0,3,UNCHANGED,0,6.015845042817577,1,6.1723653395785165,3.731153961460706,-7.723556016741153,10.25452547301668,True,False,True
unigradicon,af032fbcb0,4,UNCHANGED,0,12.751664410445597,2,1.3720000000000483,-1.4066626320422548,2.4234723487449066,2.793627814736725,True,False,True
unigradicon,af032fbcb0,5,UNCHANGED,0,8.26714795733988,1,6.68064925899705,2.201054196200066,3.3809881790099037,8.933486618137838,True,False,True
unigradicon,af032fbcb0,10,UNCHANGED,0,3.144830873685107,0,1.155279503105612,1.2065429260344733,0.06739049252529566,1.7251661848843685,True,False,True
unigradicon,af032fbcb0,12,UNCHANGED,0,9.029069426529736,1,-3.655589788732823,-4.450899144680512,1.0448331806835582,5.800296493122807,True,False,True
unigradicon,af032fbcb0,15,UNCHANGED,0,13.001760540115363,2,0.7429682941055035,0.2415169372381572,0.37431333862152955,0.9926247771709402,True,False,True
unigradicon,af032fbcb0,18,UNCHANGED,0,5.127094555996197,1,1.2923076923088046,0.03825422853275323,-1.405691755731481,1.959704685959472,True,False,True
unigradicon,af032fbcb0,19,UNCHANGED,0,3.144830873685107,0,6.183606557377061,3.9964086321830607,1.146252129693132,8.384812618562158,True,False,True
unigradicon,af032fbcb0,20,UNCHANGED,0,2.7472628161508963,0,8.442603550295825,-5.9957647985816775,-3.174353607480085,11.81404385888418,True,False,True
unigradicon,b1a59b315f,3,UNCHANGED,0,12.977341811186067,2,0.8816964285714448,-0.11771121669649628,2.2076155209960504,2.063254374040881,False,False,True
unigradicon,b1a59b315f,4,UNCHANGED,0,14.808779207147085,2,1.3562320704828608,-4.0957594475518455,1.6863033122414917,3.8570022596557547,False,False,True
unigradicon,b1d10e7baf,1,UNCHANGED,0,34.55422484482397,4,1.1748318769327852,-2.185375257611942,-2.6068406353744726,3.049609098768409,False,False,True
unigradicon,b1d10e7baf,2,UNCHANGED,0,36.15569831702325,4,-1.3875068231174055,-5.356750293229873,4.4156744232419,5.713913368383633,False,False,True
unigradicon,b1d10e7baf,3,MERGING,0,53.17969706683518,5,6.793078987643298,4.294053118661538,1.157814348625226,9.175212207662385,False,False,True
unigradicon,b1d10e7baf,4,MERGING,0,53.17969706683518,5,-20.92537235522377,-16.049687461977346,-14.448228289269528,31.164839008546412,False,False,True
unigradicon,b1d10e7baf,5,UNCHANGED,0,26.45080556173525,3,-1.2680743716722418,1.376432602379636,3.829076856595122,3.577069795066084,False,False,True
unigradicon,b1d10e7baf,6,UNCHANGED,0,15.50553111204068,2,-1.8572918218379755,7.998017059485122,-4.2687491779745645,7.466710362906181,False,False,True
unigradicon,b1e0a5a7b0,1,UNCHANGED,0,13.241802043107958,2,-1.1883441258093739,-0.9275485885976519,-0.5845443664461819,1.7158062276725605,True,False,True
unigradicon,b1e0a5a7b0,3,UNCHANGED,0,6.758875981035849,1,-1.1261538461538294,-0.5510224810400886,5.407248555864283,4.513122673661521,True,False,True
unigradicon,b1e0a5a7b0,4,UNCHANGED,0,10.294438919655507,2,0.36651520985760727,0.5966275785069927,-0.87097448833148,0.9482946099471479,True,False,True
unigradicon,b1e0a5a7b0,6,UNCHANGED,0,6.9058538888613334,1,-0.10190476190474555,0.9399882962548192,1.6017082761230714,1.4670489436943872,True,False,True
unigradicon,b1e0a5a7b0,8,UNCHANGED,0,7.3639579726905176,1,-14.561978526788778,2.298500196095353,-1.0228950529669674,18.30857363599103,True,False,True
unigradicon,b2eb734903,1,UNCHANGED,0,13.796085449901554,2,-2.079443031196115,-0.8746054193227613,0.7617782448288895,2.7539450276394883,False,False,True
unigradicon,b2eb734903,2,UNCHANGED,0,5.6181510968408395,1,2.482758620689674,-17.618237305433667,-13.445401458381715,17.64945585165733,False,False,True
unigradicon,b2eb734903,3,UNCHANGED,0,7.815707765634604,1,-1.9349135169770306,-3.753100015066697,0.2398460633741647,3.8049183874494488,False,False,True
unigradicon,b2eb734903,5,UNCHANGED,0,6.915913381815635,1,0.4959848073803414,-0.5751094283971893,0.8443673646202312,1.0148654143921616,False,False,True
unigradicon,b2eb734903,6,UNCHANGED,0,7.212013466112799,1,-0.7821668742223664,-4.163466493586346,-1.6880752770624416,3.647353727214983,False,False,True
unigradicon,b2eb734903,7,UNCHANGED,0,5.3931799479861775,1,-2.52194866422185,-1.6905160830094719,0.5244983903211801,3.442714054647179,False,False,True
unigradicon,b2eb734903,8,UNCHANGED,0,3.446032607631515,0,3.5627906976744272,-3.4114114190963183,-1.1654014271447262,5.270446113379528,False,False,True
unigradicon,b2eb734903,9,UNCHANGED,0,5.147688961543545,1,2.1411023622047423,-2.5844613780346513,-0.9260230053304187,3.4308920943490344,False,False,True
unigradicon,b34f33d0bc,1,UNCHANGED,0,23.05618664064917,3,104.70909647706776,-24.44285454274409,-7.4319993912361335,132.401094516788,False,True,False
unigradicon,b34f33d0bc,2,UNCHANGED,0,17.612457187838718,2,136.5331092943518,-18.735165679307038,-26.61279406501708,172.57465205564267,False,True,False
unigradicon,b34f33d0bc,3,UNCHANGED,0,8.001625973806403,1,156.69926878264368,-10.29911401700773,-11.292788017753093,196.24154876561826,False,True,False
unigradicon,b34f33d0bc,4,MERGING,0,12.892822429037677,2,47.91575519371147,-0.362898202101584,-9.505756377921127,60.36311227914321,False,True,False
unigradicon,b34f33d0bc,6,UNCHANGED,0,13.184197102870886,2,73.7571164571714,-2.214565940714449,0.2999869200630007,92.21292106593972,False,True,False
unigradicon,b34f33d0bc,7,UNCHANGED,0,10.558688564551064,2,124.84948678534295,-2.2987849616115397,-3.651100282402349,156.09876839702926,False,True,False
unigradicon,b34f33d0bc,8,UNCHANGED,0,19.636146611493846,2,138.41813465127342,-34.51749147452514,4.2836063922149705,175.14282457737974,False,True,False
unigradicon,b34f33d0bc,9,UNCHANGED,0,18.213663541685417,2,152.02093298602884,-9.605827446360147,-4.119196826303308,190.20196877825208,False,True,False
unigradicon,b34f33d0bc,10,UNCHANGED,0,6.981159586902536,1,83.207187955318,-25.041590895293613,8.669743473543017,106.05260732385422,False,True,False
unigradicon,b34f33d0bc,11,UNCHANGED,0,13.484773682776213,2,173.8193301435408,9.8441218095696,-3.748841397641308,217.43026442870584,False,True,False
unigradicon,b34f33d0bc,13,UNCHANGED,0,30.30540812169663,4,98.53549047552205,-13.380236732748573,-29.385248130603784,125.76738916502732,False,True,False
unigradicon,b34f33d0bc,14,UNCHANGED,0,17.95861477291587,2,71.48286704048387,-4.824014400634094,10.921320614584697,89.8471410491142,False,True,False
unigradicon,b34f33d0bc,17,UNCHANGED,0,24.585686940582168,3,159.41870887550945,-9.929080971671151,-6.766523648044514,199.4956617694219,False,True,False
unigradicon,b34f33d0bc,20,UNCHANGED,0,20.328214784312642,3,140.11063306984505,-26.331783877904247,-2.6498563438894585,176.3539525071661,False,True,False
unigradicon,b34f33d0bc,21,UNCHANGED,0,19.172235013966443,2,144.43938539237826,-21.170483825359504,-19.950460433810374,181.9867563278794,False,True,False
unigradicon,b34f33d0bc,22,UNCHANGED,0,25.703035818699952,3,87.97342363090809,-15.196097905761267,-38.21135628279452,114.64071432529533,False,True,False
unigradicon,b34f33d0bc,24,MERGING,0,12.892822429037677,2,33.880291970803,12.109162340708378,-4.1081974116036895,43.51436044025472,False,True,False
unigradicon,b34f33d0bc,27,UNCHANGED,0,15.023144605083148,2,120.60307708238005,-29.47346166805939,-15.729906302445585,153.00528248356457,False,True,False
unigradicon,b34f33d0bc,29,UNCHANGED,0,49.42188309310111,4,39.78565628767262,-16.25930252614769,-32.85417916839652,57.501986639792584,False,True,False
unigradicon,b34f33d0bc,31,UNCHANGED,0,11.983178831118687,2,126.1717418459405,-15.050475069440214,-22.735787497394522,159.16619282302358,False,True,False
unigradicon,b34f33d0bc,32,UNCHANGED,0,10.003864565076595,2,158.0247685185185,-4.102746255537871,-10.181137089974857,197.720194612604,False,True,False
unigradicon,b3e3e393c7,2,UNCHANGED,0,3.4247897697532763,0,9.461386138613852,5.252102099429659,-9.277067705673403,14.500819277172088,True,False,True
unigradicon,b6aea7af56,1,UNCHANGED,0,23.112675541498984,3,0.9880595399188821,-0.9957490260961507,0.06722171866254335,1.4604821202534992,False,False,True
unigradicon,b6aea7af56,2,UNCHANGED,0,15.098175988395989,2,6.124063800277486,-7.711945472227232,15.063009083616802,15.366312509331863,False,False,True
unigradicon,b6aea7af56,3,UNCHANGED,0,16.70063558621017,2,0.521436486039039,-1.634446475029586,0.22344022716827436,1.4440832190389596,False,False,True
unigradicon,b6aea7af56,4,UNCHANGED,0,31.964618096315217,4,2.027080140200752,-0.8420646100845434,-6.714009788497305,5.90887975315872,False,False,True
unigradicon,b6aea7af56,5,UNCHANGED,0,53.64499391182172,5,1.1221156754452806,-0.8143268368832222,-1.421809232691934,1.9053467476452763,False,False,True
unigradicon,b7923fe9af,1,UNCHANGED,0,4.519275192192388,0,-0.7768421052631425,-0.1346996828459288,0.15582396312787045,0.9844418965960563,False,False,True
unigradicon,b7923fe9af,2,UNCHANGED,0,7.382967399102295,1,3.6384921251971774,2.3906149145815334,1.4331550667726691,5.044791322856648,False,False,True
unigradicon,b7923fe9af,3,UNCHANGED,0,6.214314618524257,1,-1.986104218362368,1.0530783001926813,0.10376039907421332,2.616598192953046,False,False,True
unigradicon,b7923fe9af,4,UNCHANGED,0,5.76885866837977,1,-0.21166415284061485,1.4593637409927893,-1.4879603359307119,1.657510245939404,False,False,True
unigradicon,b7923fe9af,5,UNCHANGED,0,8.578686979992645,1,-1.9724727679935654,2.545308585754421,-0.43126483864972787,3.18537467745757,False,False,True
unigradicon,b7923fe9af,6,UNCHANGED,0,5.28577633033436,1,2.295302013422827,7.469694832547761,10.189778139115019,10.339382123152662,False,False,True
unigradicon,b7923fe9af,8,UNCHANGED,0,6.016899930402922,1,-1.1023728813559273,2.231813133342977,-0.776140788068026,2.304778378830943,False,False,True
unigradicon,b7923fe9af,9,UNCHANGED,0,7.88931563690255,1,-0.8924310776943116,-0.4265017687861115,1.3095400643165118,1.5565793845534728,False,False,True
unigradicon,b7923fe9af,10,UNCHANGED,0,6.822155305107962,1,-2.1799999999999953,2.2588332917700082,0.7054155529085095,3.293572430147105,False,False,True
unigradicon,b7923fe9af,11,UNCHANGED,0,5.414748254009407,1,0.3670068596284864,-0.6415977322217739,0.8872738250510475,0.975515818726092,False,False,True
unigradicon,b7923fe9af,12,UNCHANGED,0,6.795609685262891,1,3.1270588235294325,4.314722097625785,1.4102633389379868,5.279444667830531,False,False,True
unigradicon,b7923fe9af,13,UNCHANGED,0,6.399925241833224,1,-1.9313182465579302,0.017566944416842797,0.3765566336808484,2.4323996740284515,False,False,True
unigradicon,b7923fe9af,14,UNCHANGED,0,7.602173409604838,1,6.378419452887644,11.791708768314743,3.269487444871831,12.451314933849384,False,False,True
unigradicon,b7923fe9af,15,UNCHANGED,0,10.253758121738938,2,4.627765833282055,7.111191400708876,8.651680854518341,10.53112833485517,False,False,True
unigradicon,b7923fe9af,17,UNCHANGED,0,8.082284440896188,1,5.8885179336792195,10.166629844221067,9.461050367496352,13.15095786409701,False,False,True
unigradicon,b7923fe9af,19,UNCHANGED,0,8.212068016408214,1,0.39574468085106673,2.897748556133354,1.4408940965203143,2.5805003741024444,False,False,True
unigradicon,ba55ff88bd,7,UNCHANGED,0,13.645799001585582,2,13.550543854891941,5.161823301127602,-5.388266175012076,17.922831846899527,False,False,True
unigradicon,ba55ff88bd,28,UNCHANGED,0,2.5710976559312866,0,4.39737991266378,6.878096187286512,-8.265052167217354,10.079446029803648,False,False,True
unigradicon,ba55ff88bd,45,UNCHANGED,0,11.101556303445909,2,0.8124758536666832,-1.0252802427882803,0.2761600141900544,1.3115257293637248,False,False,True
unigradicon,bbf14f4f9b,1,UNCHANGED,0,2.0378522177168708,0,8.531645569620263,18.68045031794143,-16.01622453781693,22.05159939872639,True,False,True
unigradicon,bbf14f4f9b,2,UNCHANGED,0,13.457679533799359,2,-1.0399079320113287,-2.046140384218108,0.6706386363052346,2.1268289462186547,True,False,True
unigradicon,bc6dc48b74,1,UNCHANGED,0,6.902516019297254,1,-0.9831808278877133,1.1220702098892035,0.028125677376053315,1.5095829849028033,False,False,True
unigradicon,bc6dc48b74,3,UNCHANGED,0,4.470128186027078,0,0.9329589329580813,2.6365395508520457,0.4667992392271659,2.3949351546343074,False,False,True
unigradicon,bc6dc48b74,5,MERGING,0,24.67882935826598,3,3.608403641377117,1.4123867855650443,-2.8977965642231163,5.1757968077573535,False,False,True
unigradicon,bc6dc48b74,6,UNCHANGED,0,32.101802884147375,4,4.787725327063344,2.289798857410349,-9.552058910053471,9.788473057922776,False,False,True
unigradicon,bc6dc48b74,7,UNCHANGED,0,3.844929922844766,0,-0.41860465116276374,-0.12533080353155082,-1.9034351985779132,1.5933650526487897,False,False,True
unigradicon,bc6dc48b74,9,UNCHANGED,0,5.837735900672579,1,11.933200984673523,4.040014018652302,-13.334842656094652,18.524391340590373,False,False,True
unigradicon,bc6dc48b74,10,UNCHANGED,0,7.933791579919588,1,5.543414634147507,-0.45129278767618214,-2.89802194748409,7.305289106885752,False,False,True
unigradicon,bc6dc48b74,11,UNCHANGED,0,4.844308145162791,0,-3.5253333333333217,-3.5017983532508294,-1.7480490361013983,5.3666223956216434,False,False,True
unigradicon,bc6dc48b74,12,UNCHANGED,0,10.022967232233986,2,-3.0357007319045124,-2.421389255648809,-3.078627305017028,4.886275111097071,False,False,True
unigradicon,bc6dc48b74,13,UNCHANGED,0,6.279942904400784,1,-1.3692044654540951,3.123885719061465,-0.3955197708367949,2.996504497947449,False,False,True
unigradicon,bc6dc48b74,14,UNCHANGED,0,3.5479430924660416,0,1.0280802292263842,2.6336869449696443,-3.758385286310547,3.8308947928859656,False,False,True
unigradicon,bc6dc48b74,15,UNCHANGED,0,4.470128186027078,0,5.991695501730123,-5.596215529453841,6.794668685943398,10.194958683951656,False,False,True
unigradicon,bc6dc48b74,17,UNCHANGED,0,8.73226753492908,1,-1.007065514601186,-0.1474771937963198,0.20695350163156018,1.274592686319956,False,False,True
unigradicon,bc6dc48b74,18,UNCHANGED,0,4.901305234602576,0,0.7151979565767306,-4.365524255969545,3.2007485741444865,4.3360518015222,False,False,True
unigradicon,bc6dc48b74,19,MERGING,0,24.67882935826598,3,-1.6177225793516299,-5.803805451010348,10.95026695772567,9.963964568511917,False,False,True
unigradicon,bc6dc48b74,20,UNCHANGED,0,3.844929922844766,0,1.2629508196721644,-0.35667326893569395,1.1953459155894797,1.859931298292895,False,False,True
unigradicon,bc6dc48b74,22,UNCHANGED,0,3.6523537300866034,0,5.981002638522455,4.513297817306822,0.8726755127394867,8.294170875906582,False,False,True
unigradicon,bc6dc48b74,23,UNCHANGED,0,7.355086344984389,1,1.544445670160917,-6.335147903699524,4.245067092195028,6.278971602690785,False,False,True
unigradicon,bc6dc48b74,24,UNCHANGED,0,6.636767175247646,1,0.18930817609957556,0.8654394144066923,4.153871555386731,3.3547323866168353,False,False,True
unigradicon,bcbe3365e6,1,UNCHANGED,0,21.799220184479374,3,1.048924988054523,3.582668192952189,10.734322181074376,9.015469650381307,False,False,True
unigradicon,bcbe3365e6,2,UNCHANGED,0,11.624836571587227,2,-3.8910144927540387,-3.12219475449559,7.005326006594174,7.755782715726781,False,False,True
unigradicon,bcbe3365e6,3,UNCHANGED,0,11.899107800420413,2,8.503617724307901,-8.08080749696584,2.419550545246785,12.508446620398717,False,False,True
unigradicon,bcbe3365e6,4,UNCHANGED,0,88.9862915347781,5,4.071720607614225,3.9424079529995786,6.764106236884245,7.991695627423035,False,False,True
unigradicon,bcbe3365e6,5,UNCHANGED,0,14.201385158733228,2,1.115461867095064,-4.114698876662763,5.468720161290117,5.557779899530917,False,False,True
unigradicon,bcbe3365e6,6,UNCHANGED,0,8.845621530588971,1,3.4983953786913844,2.8858320028262754,6.040050605566986,6.849364381381017,False,False,True
unigradicon,bcbe3365e6,7,UNCHANGED,0,6.560108980425566,1,21.222410865874053,-10.141332379728382,1.0338864609091367,27.697172404341327,False,False,True
unigradicon,bd4c9ab730,1,UNCHANGED,0,20.035825569932495,3,3.1906606929263717,-1.6075580377202559,-1.3660482524441497,4.317951994314142,True,False,True
unigradicon,bd686fd640,7,UNCHANGED,0,9.564238782651845,1,-3.864881314668537,15.508642010725922,-1.7922091127470494,13.116618265613466,False,False,True
unigradicon,bd686fd640,13,UNCHANGED,0,17.71006451444247,2,-7.11144130757998,2.4356577402571973,-0.7433050750677341,9.109455418132722,False,False,True
unigradicon,bd686fd640,14,UNCHANGED,0,8.125552625622392,1,14.184615384614858,-1.932079803998919,-3.3808466169446243,17.993682580368546,False,False,True
unigradicon,bd686fd640,17,UNCHANGED,0,14.296054962311745,2,3.7412819014214165,6.3423207953334355,-8.000601884362526,9.287284338462253,False,False,True
unigradicon,bd686fd640,18,UNCHANGED,0,13.422631332064176,2,6.157484154070858,2.369637692479716,9.052390277074421,10.662062881299992,False,False,True
unigradicon,bd686fd640,20,UNCHANGED,0,7.445121506411228,1,3.6350561797752334,-1.1018379814124637,-1.2490098225602053,4.728421742580129,False,False,True
unigradicon,bd686fd640,21,UNCHANGED,0,5.909196855654124,1,-2.1428571428571104,2.3535531370038516,-2.661299904942966,3.868134446153034,False,False,True
unigradicon,be83ab3ecd,6,UNCHANGED,0,16.462258743389093,2,0.5629208371235108,-3.1400801213618568,-0.41724542267754944,2.572504653978076,True,False,True
unigradicon,bf8229696f,1,UNCHANGED,0,17.969690019215143,2,-0.9102185405192358,-0.7455130795999838,-2.231598458734032,2.175709579461454,False,False,True
unigradicon,bf97f24695,1,MERGING,0,131.31618912569732,5,-39.53301702517415,42.667062352615574,7.616352270753748,59.90409240209096,True,False,True
unigradicon,bf97f24695,2,MERGING,0,131.31618912569732,5,64.73748105911702,26.80213010768524,-11.324322984048326,84.06156273152065,True,False,True
unigradicon,bf97f24695,3,MERGING,0,131.31618912569732,5,-8.762646654803785,104.27646486141839,-14.006105112498206,82.9129418968873,True,False,False
unigradicon,bf97f24695,4,UNCHANGED,0,10.724554620724625,2,-2.04804953560363,-0.5893356462305064,-13.106328359924023,10.663012527545664,True,False,True
unigradicon,bf97f24695,5,MERGING,0,131.31618912569732,5,-24.2414614696186,57.31771583950916,-13.791365575617666,55.14093497290836,True,False,True
unigradicon,bf97f24695,6,UNCHANGED,0,7.230863382569028,1,10.739920948616419,10.080798319229961,-6.089011259513323,16.287859133284073,True,False,True
unigradicon,bf97f24695,7,UNCHANGED,0,6.926037556870486,1,18.862206347026472,-6.79443494638915,-7.850783165467383,24.94870888474671,True,False,True
unigradicon,bf97f24695,8,UNCHANGED,0,6.763011059568397,1,11.785527065527571,13.295999734159638,-3.4441065428672473,18.227575478308257,True,False,True
unigradicon,bf97f24695,9,MERGING,0,131.31618912569732,5,-51.057964614272684,-7.486668313944056,-16.635304435876495,65.41992526618338,True,False,True
unigradicon,bf97f24695,10,UNCHANGED,0,16.86903284775918,2,0.6638046452064031,2.6205342628939077,5.479776564921227,4.8549200796259475,True,False,True
unigradicon,bf97f24695,11,UNCHANGED,0,12.447311287746018,2,6.677227722772818,-4.540756355056836,-1.2319892530525105,9.12063391872087,True,False,True
unigradicon,bf97f24695,12,UNCHANGED,0,7.918195290432189,1,18.900736306495922,5.454731296714636,-6.048850832249207,24.476726092361293,True,False,True
unigradicon,bf97f24695,13,UNCHANGED,0,17.2452870993002,2,6.420413285020663,-1.4100818550394933,4.5108201634649765,8.84807697790235,True,False,True
unigradicon,bf97f24695,14,MERGING,0,131.31618912569732,5,-2.7405161651810204,76.47135807692052,10.390255359089148,60.381392668187544,True,False,True
unigradicon,bf97f24695,15,MERGING,0,131.31618912569732,5,31.586377433551938,67.96684092600354,15.949886069530619,67.34228487004624,True,False,True
unigradicon,bf97f24695,16,MERGING,0,131.31618912569732,5,-3.6400630956348605,-31.59719086017404,12.398615248214238,26.932787440075515,True,False,True
unigradicon,bf97f24695,17,UNCHANGED,0,8.890326257277868,1,-0.5383022774326747,0.10812250465387503,-11.437432662467472,9.04957990579411,True,False,True
unigradicon,bf97f24695,18,UNCHANGED,0,25.589823923469645,3,0.9751340728563264,-8.30071570942769,-2.850149811177174,6.969230870655319,True,False,True
unigradicon,bf97f24695,19,MERGING,0,131.31618912569732,5,11.383322844106903,32.94946538498459,-19.151227445217664,33.06062957426964,True,False,True
unigradicon,bf97f24695,20,UNCHANGED,0,10.88806382728639,2,0.08685144814702425,-1.4892191536789743,0.8093880305011931,1.3313004039424337,True,False,True
unigradicon,bf97f24695,21,UNCHANGED,0,9.275995302641642,1,4.2674031516148485,4.566857147183262,4.189836436449802,7.218303938066968,True,False,True
unigradicon,bff82d1886,1,UNCHANGED,0,6.954727625147534,1,5.302276243093888,0.809110020178441,-5.321765270833726,7.871352020139519,True,False,True
unigradicon,bff82d1886,2,UNCHANGED,0,4.476477129935644,0,-1.158974358974342,0.2643345870678789,-0.4250685761349947,1.5012936112282442,True,False,True
unigradicon,bff82d1886,3,UNCHANGED,0,6.30941432038259,1,-0.2614285714296102,-2.7094295174455976,-1.054627382084187,2.2971525318254407,True,False,True
unigradicon,bff82d1886,4,UNCHANGED,0,6.8607332971274095,1,-4.33040446303994,-9.642432248473185,-0.9552027361382138,9.304873126812476,True,False,True
unigradicon,bff82d1886,5,UNCHANGED,0,7.2793486694878515,1,-5.704651162791242,-13.271616103199802,6.089658178082768,13.467368044728747,True,False,True
unigradicon,bff82d1886,6,UNCHANGED,0,7.5773430503524635,1,0.39981436669261256,-2.2746063256436577,-0.07882380426198732,1.8464757720094025,True,False,True
unigradicon,bff82d1886,7,UNCHANGED,0,8.501584854506316,1,0.14981122577435144,-0.5684272402856017,1.5136552546982867,1.287805266988816,True,False,True
unigradicon,bff82d1886,8,UNCHANGED,0,10.262788661121832,2,-1.2834148145098425,-1.977145514714473,1.0520644959203176,2.3763647990159593,True,False,True
unigradicon,bff82d1886,9,UNCHANGED,0,7.046247694426192,1,3.6128898128897617,5.136448107260899,-0.46840565087069846,6.051819152325146,True,False,True
unigradicon,bff82d1886,10,UNCHANGED,0,7.417772375358836,1,-1.0095123626376108,-2.0192729702351673,-0.3605385418000676,2.0397013041263135,True,False,True
unigradicon,bff82d1886,11,UNCHANGED,0,9.206815798103275,1,1.9156906753713656,-2.2303591954566047,0.18819255648780725,2.9648731583602923,True,False,True
unigradicon,bff82d1886,12,UNCHANGED,0,11.361673087491532,2,-0.5209353659384532,-2.802174805201958,-0.46991507896216955,2.3132255232545025,True,False,True
unigradicon,bff82d1886,13,UNCHANGED,0,20.90189344248382,3,0.07898928346946832,2.2871753229231455,-0.5032863249346572,1.8325506719020106,True,False,True
unigradicon,bff82d1886,14,UNCHANGED,0,10.074836042093926,2,0.6002258866042439,0.09525820455951611,0.9139412418468628,1.0432847982883702,True,False,True
unigradicon,bff82d1886,15,UNCHANGED,0,7.471721706327052,1,4.92571428571348,1.029437330851912,-1.5026897082634076,6.3215906961538195,True,False,True
unigradicon,bff82d1886,16,UNCHANGED,0,5.49532791843468,1,-2.20361127084434,-4.322401426075997,-0.8316495477005401,4.406121224298372,True,False,True
unigradicon,bff82d1886,17,UNCHANGED,0,7.390500907194057,1,2.9037308868507012,-7.494792064347528,-8.667630257691041,9.705965856955794,True,False,True
unigradicon,bff82d1886,18,UNCHANGED,0,8.042894423648557,1,-0.024331034481588177,-3.3859307392159868,2.2328528582665785,3.177656350543355,True,False,True
unigradicon,bff82d1886,19,UNCHANGED,0,8.683816881247546,1,-1.7967123287664208,-11.257562608390403,-1.9124196362496226,9.199065948393295,True,False,True
unigradicon,bff82d1886,20,UNCHANGED,0,5.289699707196009,1,-0.08057040998289722,-4.837046963762743,-8.6898307470816,7.828789289949583,True,False,True
unigradicon,bff82d1886,21,UNCHANGED,0,7.853579119581626,1,7.689347079036724,-1.4555488225878808,-7.0629772190226205,11.168330511316961,True,False,True
unigradicon,bff82d1886,22,UNCHANGED,0,6.664604008718999,1,0.6376150165629724,-3.0321549601800735,1.5399486814762247,2.778393532913657,True,False,True
unigradicon,bff82d1886,23,UNCHANGED,0,5.951489304700852,1,-2.3630783832943165,0.2378536382772262,0.40680145513651184,2.977036350035205,True,False,True
unigradicon,c0e190d826,1,UNCHANGED,0,5.959648269719758,1,13.522500000000013,3.945965834066907,0.7723641889126623,17.192570618694543,False,False,True
unigradicon,c0e190d826,3,UNCHANGED,0,10.201459627404443,2,-7.779420276104974,10.33739497241593,-1.7964757723318632,12.718179874850485,False,False,True
unigradicon,c24cd76e1c,1,UNCHANGED,0,20.31781646715222,3,2.7730293159608776,4.8073879841332685,3.052929515751238,5.649253980043836,False,False,True
unigradicon,c24cd76e1c,2,UNCHANGED,0,17.210815710165,2,-9.71961414791042,1.8838545629741668,26.657118193522415,24.333929239057163,False,False,True
unigradicon,c24cd76e1c,3,UNCHANGED,0,11.85607267654775,2,2.5684214030125303,0.2037454015742034,-0.7181299579240121,3.2640226031506883,False,False,True
unigradicon,c24cd76e1c,4,UNCHANGED,0,30.45783892755556,4,2.1406271047419865,-2.8171858672041785,0.40407293042859954,3.4788559923456757,False,False,True
unigradicon,c4258e0f53,1,UNCHANGED,0,11.201863623074908,2,247.7880144057623,-22.774026373913426,-4.003480491531084,310.2613723273359,True,False,False
unigradicon,c4258e0f53,2,UNCHANGED,0,30.48147315203791,4,227.51519591749508,-16.824221068325915,-18.596814025902248,285.07523582125646,True,False,False
unigradicon,c4258e0f53,4,UNCHANGED,0,11.005142061586124,2,219.77944931089132,-13.009881207867242,-7.218911174623852,274.9711417886702,True,False,False
unigradicon,c4258e0f53,5,UNCHANGED,0,15.205652430941035,2,249.4096895578551,-3.524052974762566,-10.569280828315586,311.88576619181674,True,False,False
unigradicon,c4258e0f53,7,UNCHANGED,0,13.140201033731593,2,240.32661594254418,-7.407687456122368,-13.155433092698607,300.6432044763367,True,False,False
unigradicon,c4258e0f53,8,UNCHANGED,0,14.646544411128811,2,233.1005760555234,-16.430585925147998,-13.272469405406898,291.8460898864278,True,False,False
unigradicon,c45147dee7,2,UNCHANGED,0,13.612503522662765,2,53.89736302602557,-14.345422649208395,23.747456945128178,70.82045329496857,True,True,False
unigradicon,c4de9fe968,3,UNCHANGED,0,4.106522799276936,0,-1.7353697749195818,1.1985120407340502,0.9255776149153558,2.4728442254725396,True,False,True
unigradicon,c4de9fe968,5,UNCHANGED,0,9.335842733844713,1,-4.780933959658114,10.383556400662028,2.9395810092395482,10.337252534682372,True,False,True
unigradicon,c4de9fe968,7,UNCHANGED,0,4.889023958627703,0,-5.146992864425011,5.178770271386143,-4.2627445795473315,8.310463017215687,True,False,True
unigradicon,c4de9fe968,11,UNCHANGED,0,7.165401869728842,1,-14.6895909226625,19.957407944146173,-14.21396795150701,26.568424073457024,True,False,True
unigradicon,c4de9fe968,16,UNCHANGED,0,4.496148799454834,0,16.020000000000003,1.2032756732154415,-9.060433004594447,21.283501118540073,True,False,True
unigradicon,c4de9fe968,19,UNCHANGED,0,8.23437828034737,1,1.4503913783327789,-3.4258251825684267,4.086689900060189,4.5653418816332145,True,False,True
unigradicon,c4de9fe968,20,UNCHANGED,0,4.634577933214837,0,-7.180311730925814,9.42618342135317,-7.061268865844979,12.876113003116396,True,False,True
unigradicon,c4de9fe968,26,UNCHANGED,0,6.779719764569778,1,-1.3823871906830618,8.831979253740071,-0.27372283661221203,7.1142028010541605,True,False,True
unigradicon,c4de9fe968,52,UNCHANGED,0,7.589410353069986,1,-0.40097653601087585,2.158218377518223,-1.9893693374510046,2.357126771170222,True,False,True
unigradicon,c52f1bd66c,2,UNCHANGED,0,23.761092161158466,3,-5.232865156325715,-8.090195770612803,-8.22316480150733,11.171553636021216,False,False,True
unigradicon,c52f1bd66c,3,UNCHANGED,0,9.264200713013825,1,-0.08166939443566434,1.3821464603534412,1.5286935838709164,1.6218568531276625,False,False,True
unigradicon,c8ffe9a587,1,UNCHANGED,0,11.701425435078159,2,-1.741539252217376,5.34239599868621,-5.463373678731943,6.381951299720896,False,True,False
unigradicon,c8ffe9a587,2,UNCHANGED,0,17.964963722684736,2,28.468380875853747,-18.081034524861227,4.022220405238956,38.41624900186492,False,True,False
unigradicon,c9e1074f5b,1,MERGING,0,37.59125286485014,4,-2.723643308590486,-5.76261681327359,-8.682213415824876,8.875391391640127,False,False,True
unigradicon,c9e1074f5b,2,UNCHANGED,0,7.67502647406624,1,-4.275155872613938,-0.5676142806805913,7.922313428566615,8.235628939266704,False,False,True
unigradicon,c9e1074f5b,3,UNCHANGED,0,9.549040647773328,1,0.8541530413022975,-9.900963973316202,5.631620331319025,8.982050455741977,False,False,True
unigradicon,c9e1074f5b,4,UNCHANGED,0,7.739624225845694,1,-8.384859647340694,-13.134067350393211,-14.210064988301628,18.460135726883813,False,False,True
unigradicon,c9e1074f5b,5,MERGING,0,33.728314039232515,4,0.8590525286050609,-5.691138618022072,-0.3348455582025892,4.580277367966065,False,False,True
unigradicon,c9e1074f5b,6,UNCHANGED,0,10.292981832895338,2,15.063500806913561,-6.183952606209892,0.8344924937970137,19.45005382566254,False,False,True
unigradicon,c9e1074f5b,7,UNCHANGED,0,8.020490701961256,1,-0.6739524977816547,-8.055913130311719,1.955035845209057,6.532547163770005,False,False,True
unigradicon,c9e1074f5b,8,MERGING,0,17.51929665311569,2,11.155024414529139,-4.309430783158115,7.273602556256879,15.449639983541825,False,False,True
unigradicon,c9e1074f5b,9,UNCHANGED,0,22.989491916603882,3,-0.5281446456621213,-3.8690991144089733,-3.7283094694334,4.268504924382226,False,False,True
unigradicon,c9e1074f5b,10,UNCHANGED,0,6.689196866271965,1,10.43663479777649,-6.4725117697549885,0.29645098486376326,13.992883280802127,False,False,True
unigradicon,c9e1074f5b,11,UNCHANGED,0,8.817234675359389,1,6.903596758397778,-12.183845989710735,2.006142642934415,12.942949315977927,False,False,True
unigradicon,c9e1074f5b,12,UNCHANGED,0,14.09374995089874,2,3.4299683922363426,-0.14582350225114227,-7.196194439249884,7.115663807819907,False,False,True
unigradicon,c9e1074f5b,13,MERGING,0,33.728314039232515,4,26.712413859248983,41.17758571377158,17.841340496862426,48.44924549473284,False,False,True
unigradicon,c9e1074f5b,14,MERGING,0,17.51929665311569,2,0.6138325777348544,5.829630282792085,2.0398538700918363,4.889613618656011,False,False,True
unigradicon,c9e1074f5b,15,UNCHANGED,0,13.503901941031208,2,1.4219030789460192,-0.28846551212834237,-3.032000247430987,2.9887594899120917,False,False,True
unigradicon,c9e1074f5b,16,MERGING,0,33.728314039232515,4,30.109657396871143,46.41982323425012,31.4317900511534,57.843905214377045,False,False,True
unigradicon,c9e1074f5b,18,UNCHANGED,0,15.898727829516698,2,-5.409742723964759,2.3833856629376378,-1.5433923362784643,7.118626212714974,False,False,True
unigradicon,c9e1074f5b,19,UNCHANGED,0,18.557861958421512,2,-2.3592888865823953,-2.206069835206588,-8.364409597118108,7.430977980103117,False,False,True
unigradicon,c9e1074f5b,20,UNCHANGED,0,16.120573818185015,2,-4.876622952044967,-4.871396268207017,3.4456859785322886,7.682723194807418,False,False,True
unigradicon,c9e1074f5b,21,UNCHANGED,0,6.8116806820429,1,-6.422769083654757,-18.141484838640974,-12.487178773864681,19.033445453406312,False,False,True
unigradicon,c9e1074f5b,22,UNCHANGED,0,3.7895392923906197,0,7.743721333692169,-15.592053527721898,-0.6414085441425483,15.564083155937116,False,False,True
unigradicon,c9e1074f5b,23,MERGING,0,33.728314039232515,4,17.30460179889673,50.60153300879867,17.576636166354593,47.13835274025533,False,False,True
unigradicon,c9e1074f5b,24,MERGING,0,37.59125286485014,4,16.568179666905962,2.9270284776819904,14.904856853191664,23.92561895842953,False,False,True
unigradicon,c9e1074f5b,25,UNCHANGED,0,8.740283631205912,1,2.995744020731933,-12.051642417273532,-0.318405759398088,10.133002933125308,False,False,True
unigradicon,c9e1074f5b,26,UNCHANGED,0,9.491306221747628,1,11.555362786765418,-4.832827031877414,0.7138314487227263,14.939832821029983,False,False,True
unigradicon,ca46c1b951,1,UNCHANGED,0,9.01964947283559,1,1.4752795031049117,-1.9642605509542448,-0.5364203252798863,2.435827446925835,False,False,True
unigradicon,ca46c1b951,2,UNCHANGED,0,14.856365021924525,2,1.2691291769729105,-1.555340168289589,1.1284911254461274,2.1874696148823176,False,False,True
unigradicon,ca46c1b951,3,UNCHANGED,0,20.883193733955274,3,-10.537016574585596,-2.1887057305367006,-0.7006362193964821,13.29322908569045,False,False,True
unigradicon,ca46c1b951,4,UNCHANGED,0,91.51412230786342,5,-0.3257323267817128,-23.438916132032965,-2.0265101202911495,18.379999815775786,False,False,True
unigradicon,ca46c1b951,5,UNCHANGED,0,5.51480686572543,1,-0.22135593220336885,-8.29232939286336,-0.8539189544800212,6.517136641963137,False,False,True
unigradicon,ca46c1b951,6,UNCHANGED,0,8.019464101342404,1,3.6,2.6242104790610936,7.538759409100791,7.734995427701944,False,False,True
unigradicon,ca46c1b951,7,UNCHANGED,0,33.45248395117492,4,4.090698924730646,-0.9234167971385466,3.3878019428989012,5.8147658846443075,False,False,True
unigradicon,caf1a3dfb5,1,UNCHANGED,0,22.709766099971958,3,111.07827260458842,3.242576085886144,-36.036340505740675,141.75173039440577,False,True,False
unigradicon,caf1a3dfb5,4,UNCHANGED,0,14.627215348033873,2,11.090909090909207,-10.635154991616698,-2.5042214837624126,16.281734780377295,False,True,False
unigradicon,caf1a3dfb5,6,UNCHANGED,0,9.734658174553427,1,75.6635514018692,-2.373479631534074,-12.696078186891118,95.12649944574268,False,True,False
unigradicon,caf1a3dfb5,8,UNCHANGED,0,28.206606268394086,3,59.61012019098846,2.4750363816909844,-9.041781842654254,74.87833476305667,False,True,False
unigradicon,caf1a3dfb5,11,UNCHANGED,0,31.378240202042253,4,-12.660661364587725,-18.870738008285038,-3.9982194545554166,21.854479465521717,False,True,False
unigradicon,caf1a3dfb5,12,UNCHANGED,0,12.011340153864246,2,19.70149253731347,-5.050372338053825,-4.33825801285047,25.174520507135714,False,True,False
unigradicon,caf1a3dfb5,16,UNCHANGED,0,20.23136738995567,3,80.1509630400832,-1.2287807684088448,-25.70509428561321,102.22538465000044,False,True,False
unigradicon,caf1a3dfb5,17,UNCHANGED,0,12.590503905520906,2,85.1255916547953,0.07473693452205113,-11.59390760388684,106.79948171946769,False,True,False
unigradicon,caf1a3dfb5,18,UNCHANGED,0,20.995527792596647,3,101.29839104313939,4.513981543776492,-33.302987409767965,129.3686246809701,False,True,False
unigradicon,caf1a3dfb5,20,UNCHANGED,0,22.103040789264433,3,121.63592814371256,4.636434899543958,-31.942206592608695,154.16201792869296,False,True,False
unigradicon,caf1a3dfb5,21,UNCHANGED,0,26.559059327612214,3,32.751035434882795,-8.504571439851238,-2.8366145799616547,41.534455792170306,False,True,False
unigradicon,caf1a3dfb5,22,UNCHANGED,0,21.1476277011688,3,112.08632327184458,-3.128052690932957,-30.08796648628037,142.12583318448787,False,True,False
unigradicon,caf1a3dfb5,25,UNCHANGED,0,23.12291045777836,3,94.1771269177128,-2.436975289354629,-30.53555807481603,120.17655237928537,False,True,False
unigradicon,caf1a3dfb5,26,UNCHANGED,0,22.965975034029675,3,29.9729537366548,-0.18858703824410974,2.079182340364943,37.50237868288818,False,True,False
unigradicon,caf1a3dfb5,27,UNCHANGED,0,14.471089296106845,2,94.6031294452348,-3.1844404122483105,-16.88494461971086,119.02795741174843,False,True,False
unigradicon,caf1a3dfb5,28,UNCHANGED,0,33.5735912021754,4,47.067157014303774,-7.91255740362253,-10.550290913174488,59.740388189395546,False,True,False
unigradicon,caf1a3dfb5,30,UNCHANGED,0,16.40932576385786,2,31.4556097560976,7.746687594633222,1.063442468181808,39.791111154104776,False,True,False
unigradicon,caf1a3dfb5,32,UNCHANGED,0,11.24658737641634,2,122.15693779904306,9.489371527118397,-39.474963387123566,156.01635937736106,False,True,False
unigradicon,caf1a3dfb5,33,UNCHANGED,0,25.95679801573242,3,79.5863938871088,-5.933460023665565,-27.69609141620506,101.9600871592123,False,True,False
unigradicon,caf1a3dfb5,34,UNCHANGED,0,8.704555366375855,1,87.5424836601308,1.673681786427025,-13.058702810921636,109.91986640945566,False,True,False
unigradicon,caf1a3dfb5,35,UNCHANGED,0,7.211448935575342,1,58.0,-11.593661404383681,-19.15786558101287,74.61043298410432,False,True,False
unigradicon,caf1a3dfb5,37,UNCHANGED,0,9.564922622159276,1,101.8423645320196,-3.8284472585952765,-25.93680041578582,128.97194876200675,False,True,False
unigradicon,caf1a3dfb5,38,UNCHANGED,0,28.1776801040002,3,87.5098265895952,-8.118980840222815,-19.79081776442511,110.6779647355569,False,True,False
unigradicon,caf1a3dfb5,39,UNCHANGED,0,21.94902826702738,3,0.6853496904595886,-7.7142582079586814,4.884848459013888,7.20326277268825,False,True,False
unigradicon,caf1a3dfb5,44,UNCHANGED,0,20.23136738995567,3,108.96258892937692,3.8202798381517566,-30.0676824337419,138.28602031961884,False,True,False
unigradicon,caf1a3dfb5,47,UNCHANGED,0,28.5386051599147,3,107.5489614243324,9.352685737773907,-16.816710869127792,135.28672270599859,False,True,False
unigradicon,caf1a3dfb5,48,UNCHANGED,0,27.394195820690168,3,106.22922345704899,-0.3702660236283282,-32.31959649450586,135.21318070494254,False,True,False
unigradicon,caf1a3dfb5,49,UNCHANGED,0,30.578730227573836,4,91.774762550882,-1.6516326919235993,-27.33493461841407,116.73531710668604,False,True,False
unigradicon,caf1a3dfb5,50,UNCHANGED,0,12.46230077755839,2,38.42433853006682,-2.581691887506029,-1.0487107316360125,48.079846769225654,False,True,False
unigradicon,caf1a3dfb5,51,UNCHANGED,0,14.07616045137773,2,41.635239567233214,3.7236490638361275,-2.4079064581971714,52.15984970780923,False,True,False
unigradicon,cb70ab3756,1,UNCHANGED,0,21.331223859819303,3,1.639330759330869,10.104730135265257,-0.1030553932023931,8.153900816780212,False,False,True
unigradicon,cb70ab3756,2,UNCHANGED,0,33.12378279181842,4,4.189969051598678,-3.4928686433175167,-3.2654670270051294,6.442881180172331,False,False,True
unigradicon,cb70ab3756,3,UNCHANGED,0,10.50614560517141,2,-3.0913736013443556,3.099474977307471,-0.1294813081711666,4.560959298724099,False,False,True
unigradicon,cb70ab3756,4,UNCHANGED,0,6.099588210606397,1,-0.1219372733091177,2.5695810668805423,-1.9224436538121552,2.5201898852076243,False,False,True
unigradicon,cb70ab3756,5,UNCHANGED,0,6.173306380950817,1,0.20886462059866062,-0.700691459074861,-2.2751276831102936,1.8947115191545911,False,False,True
unigradicon,cb70ab3756,6,UNCHANGED,0,68.3773179187064,5,1.7437202925777455,-5.082070810694426,-2.079977015254975,4.8164119892415025,False,False,True
unigradicon,cb70ab3756,7,UNCHANGED,0,8.53850977218785,1,-1.2635629088115592,-3.3226558002456104,-3.230289048487866,3.9654167977364896,False,False,True
unigradicon,cb70ab3756,8,UNCHANGED,0,14.031862639279698,2,-0.8824832849651102,0.32511114045662043,-0.12565140598395785,1.136282713464265,False,False,True
unigradicon,cb70ab3756,10,UNCHANGED,0,63.82528920617639,5,-1.2856857837698954,-1.1404335946628905,-0.5154484532137351,1.8818867891243412,False,False,True
unigradicon,cb70ab3756,12,UNCHANGED,0,9.166965390967768,1,2.0207475560667945,-3.1609922535763806,-2.394303711323967,4.005460915931088,False,False,True
unigradicon,cb70ab3756,14,UNCHANGED,0,7.7663898976099945,1,-1.7416796329546742,-2.1469134036719932,0.7992593188319718,2.819378186684713,False,False,True
unigradicon,cb70ab3756,16,UNCHANGED,0,8.964313782365046,1,-1.2971401696182965,1.3049700686889278,-1.3593764845225496,2.195019410337423,False,False,True
unigradicon,cb70ab3756,20,UNCHANGED,0,9.361032598890127,1,-0.5675649280595962,1.7147086733889292,0.7739469817635154,1.6339025166827759,False,False,True
unigradicon,cb70ab3756,9,UNCHANGED,1,61.88011426572697,5,-1.6602219882622422,2.7484136579855933,2.59465599296483,3.6201169877847947,False,False,True
unigradicon,cb70ab3756,11,UNCHANGED,1,18.177077124188735,2,1.0635736677117165,-5.666146247607772,-2.245564155096417,4.948687626061081,False,False,True
unigradicon,cb70ab3756,13,UNCHANGED,1,17.160159730962082,2,-0.5156165711058293,-3.6792221403119583,-0.31840180731157547,2.9555646008030263,False,False,True
unigradicon,cb70ab3756,15,UNCHANGED,1,43.37963628725559,4,5.239177116407973,-7.75993208789342,-9.978409336882509,11.899678496820668,False,False,True
unigradicon,cb70ab3756,17,UNCHANGED,1,13.82531203577663,2,0.477970083309242,0.6626368971798006,-2.6672759597232973,2.248027371339766,False,False,True
unigradicon,cb70ab3756,18,UNCHANGED,1,7.327838978252742,1,1.2507709641074825,-6.203644268048683,-0.48149170943665465,5.105214283298152,False,False,True
unigradicon,cb70ab3756,19,UNCHANGED,1,13.18185184809859,2,1.2878842676317845,-0.005510433578887552,2.128454080266541,2.3263426331126014,False,False,True
unigradicon,cb70ab3756,21,UNCHANGED,1,17.935703724275115,2,2.1834888729354818,0.41048760154611424,1.285301673870031,2.9292653301416336,False,False,True
unigradicon,cb70ab3756,22,UNCHANGED,1,13.982431305056062,2,-2.8260342555998705,1.0388441849154386,-3.9446237379867,4.777403990784314,False,False,True
unigradicon,cb70ab3756,23,UNCHANGED,1,10.46244274528033,2,1.4066671908168928,-1.768420310137392,-0.7704577232540352,2.317068715538049,False,False,True
unigradicon,ce08becc73,26,UNCHANGED,0,11.13469956407164,2,-0.5934065934064847,0.15837740034539702,0.34383125741813897,0.7994370374255179,False,False,True
unigradicon,ce08becc73,29,UNCHANGED,0,6.013312487094588,1,-1.2416184971098232,0.5349838376560295,-0.5223567011584901,1.6592800317983416,False,False,True
unigradicon,cedebb6e87,1,UNCHANGED,0,10.491381007929915,2,72.34568023833089,2.947904704050254,21.63546709246101,92.0579350526004,False,True,False
unigradicon,cedebb6e87,2,UNCHANGED,0,32.90132703101033,4,85.04696174581281,0.38990699164746856,9.230406332421593,106.55830295837973,False,True,False
unigradicon,cedebb6e87,3,UNCHANGED,0,12.429120907234006,2,39.401791856433704,-1.9357705976568984,8.392681881889386,49.71838048045409,False,True,False
unigradicon,cedebb6e87,4,UNCHANGED,0,18.079952494722328,2,51.68528171338666,3.0814019802615142,11.466067067203742,65.281298326296,False,True,False
unigradicon,cedebb6e87,5,UNCHANGED,0,20.559835797199305,3,64.178803272456,-1.5300455019828592,6.805987710387814,80.41190607260663,False,True,False
unigradicon,cedebb6e87,6,UNCHANGED,0,11.510832016463121,2,2.8191133004925746,-3.4259462104229246,2.2693255747809387,4.773140751246408,False,True,False
unigradicon,cedebb6e87,7,UNCHANGED,0,10.203102339591126,2,30.202274247491253,-15.728093748082015,12.892084601025106,40.98330892939309,False,True,False
unigradicon,cedebb6e87,8,UNCHANGED,0,5.075254047255177,1,69.12413793103451,-5.7659902318170095,23.526911173344335,88.49128787053542,False,True,False
unigradicon,cedebb6e87,9,UNCHANGED,0,11.251521905237658,2,8.649885389062183,-2.892396775395949,1.6812755084316846,11.125180412141225,False,True,False
unigradicon,cedebb6e87,10,UNCHANGED,0,4.479353669271044,0,44.2368932038835,-6.031697721970698,13.37799145014561,56.49127997430313,False,True,False
unigradicon,cedebb6e87,11,UNCHANGED,0,21.18089774392495,3,71.19135428137602,-14.030086508816106,4.605335056121897,89.73486676999117,False,True,False
unigradicon,cedebb6e87,12,UNCHANGED,0,8.15320569603547,1,41.03681330936782,-25.009597318488666,18.999895334696372,56.8992733568794,False,True,False
unigradicon,cedebb6e87,13,UNCHANGED,0,22.570964449903602,3,43.23323809532237,-5.160485445282735,16.02713389457143,55.64745153501738,False,True,False
unigradicon,cedebb6e87,14,UNCHANGED,0,25.905122792496424,3,34.742736455028854,-8.536694681702002,0.793470746888889,43.9416733045707,False,True,False
unigradicon,cedebb6e87,15,UNCHANGED,0,4.386969398979048,0,74.28225469728602,-6.982923049753867,23.931327825719755,94.91001715591119,False,True,False
unigradicon,cedebb6e87,16,UNCHANGED,0,13.166147412537105,2,37.535247187179735,-13.88295106803746,16.4210176288851,49.868050055313915,False,True,False
unigradicon,cedebb6e87,17,UNCHANGED,0,30.745324445852898,4,18.74947019806176,-3.1942859610630787,8.498958592743143,24.50459548413137,False,True,False
unigradicon,cedebb6e87,19,UNCHANGED,0,24.799335807397807,3,40.696808362368984,-22.15267940982136,5.524859857260358,53.90913261461559,False,True,False
unigradicon,cedebb6e87,20,UNCHANGED,0,39.22716202046411,4,16.5499823459901,-1.818380208019749,6.664737009012373,21.392526005288314,False,True,False
unigradicon,cedebb6e87,21,UNCHANGED,0,9.581751010730482,1,28.403257918551766,-11.748141142881313,0.166768161229694,36.67073176022148,False,True,False
unigradicon,cedebb6e87,22,UNCHANGED,0,11.18660783426507,2,39.52153974430288,-8.067151866237282,15.927374911074258,51.363096633972205,False,True,False
unigradicon,cedebb6e87,23,UNCHANGED,0,8.340086882212953,1,56.70888186260321,-10.828675904947447,17.64062698614193,72.73298458395143,False,True,False
unigradicon,cedebb6e87,25,UNCHANGED,0,3.7907112628921347,0,91.16911764705885,-2.0592848902825462,5.55782592564118,114.05707330785897,False,True,False
unigradicon,cedebb6e87,26,UNCHANGED,0,12.109510059760867,2,25.182346186076472,-7.509286202841496,-3.080003453031806,32.11169674349745,False,True,False
unigradicon,cedebb6e87,27,UNCHANGED,0,12.322427910564823,2,111.14218044556237,1.6817035844186539,4.076921401982646,138.9711663492414,False,True,False
unigradicon,cedebb6e87,30,UNCHANGED,0,4.137155294060053,0,29.588321167883226,-11.389182859682986,1.9510338686720452,38.07111419090262,False,True,False
unigradicon,cedebb6e87,31,UNCHANGED,0,4.479353669271044,0,40.91056910569107,-5.390975851370301,2.497384421532668,51.34906374755138,False,True,False
unigradicon,cedebb6e87,32,UNCHANGED,0,5.212489041670274,1,88.52137931034486,-7.712443667207601,21.576686721305613,112.1155760786051,False,True,False
unigradicon,cedebb6e87,33,UNCHANGED,0,19.32528904872567,2,64.95835951440674,7.272328671185357,9.025311494442358,81.70724615335169,False,True,False
unigradicon,cedebb6e87,34,UNCHANGED,0,27.855519355566557,3,30.4760748565216,-10.860467539045274,5.014522460099846,39.227980656957186,False,True,False
unigradicon,cedebb6e87,35,UNCHANGED,0,6.791149960070917,1,10.867747144309522,-6.943856939429254,5.956671806588312,15.363673720309222,False,True,False
unigradicon,cedebb6e87,36,UNCHANGED,0,10.36617357174259,2,50.157269937053925,-7.961153817812967,22.475430664464167,65.45215614885562,False,True,False
unigradicon,cedebb6e87,37,UNCHANGED,0,8.44322050671229,1,129.91419683258005,-6.926911869308435,11.453120702043512,162.7339231217831,False,True,False
unigradicon,cedebb6e87,38,UNCHANGED,0,14.656490306465512,2,57.15156973345377,3.8870339513528047,18.621549642559838,72.99780388260082,False,True,False
unigradicon,cedebb6e87,39,UNCHANGED,0,9.925266802813809,1,34.664430855962635,-16.841126725612497,14.605159859285333,46.726066209674606,False,True,False
unigradicon,cedebb6e87,40,UNCHANGED,0,8.702602805794378,1,-1.1569228528781195,-5.69426363958906,1.6049779704821785,4.844864356822326,False,True,False
unigradicon,cedebb6e87,42,UNCHANGED,0,5.643631977838426,1,30.363001586941685,-2.665959091946829,6.015920758735681,38.30603522200632,False,True,False
unigradicon,cedebb6e87,43,UNCHANGED,0,18.093828135237548,2,91.63060766612429,0.7341034716430379,9.246005551132384,114.77177388801327,False,True,False
unigradicon,cedebb6e87,44,UNCHANGED,0,15.099401443225394,2,45.1004134597026,-18.383962208438795,27.73729883530602,62.15536027395664,False,True,False
unigradicon,cedebb6e87,45,UNCHANGED,0,10.349249176627598,2,85.63421052631581,1.6132641673970152,2.242343335305218,107.06479693182959,False,True,False
unigradicon,cf2e4f52be,1,UNCHANGED,0,4.126993806510569,0,2.4176470588235133,3.551165784815838,-0.690477667421524,4.137839448281313,True,False,True
unigradicon,cf2e4f52be,3,UNCHANGED,0,5.563599318345915,1,2.1616813889732045,1.8027408658066233,3.4601496906400233,4.091071721843534,True,False,True
unigradicon,cf2e4f52be,4,UNCHANGED,0,28.029839786237545,3,8.33189249220618,-3.7372740571843726,-19.304585363731015,18.681057977840723,True,False,True
unigradicon,cf2e4f52be,5,UNCHANGED,0,23.26083276405999,3,16.521456379256584,-3.2223139319884053,25.52119458068932,28.953385964398887,True,False,True
unigradicon,cfecdb276f,1,UNCHANGED,0,10.530905489312138,2,185.96292309871097,-15.256847210226404,-19.79099219797528,233.2820477265318,False,False,False
unigradicon,cfecdb276f,2,UNCHANGED,0,7.9779217046239825,1,189.44016806722692,-17.343568149090956,-16.09659627475866,237.5270738658316,False,False,False
unigradicon,cfecdb276f,3,UNCHANGED,0,12.854758642487152,2,177.02599356000695,4.945927509333455,13.531801207240743,221.57358107311362,False,False,False
unigradicon,cfecdb276f,4,UNCHANGED,0,9.474610683236188,1,192.95260101167713,-0.7397868889682493,-2.9971742946573823,241.2030357550926,False,False,False
unigradicon,d2490f048d,1,UNCHANGED,0,21.425538268785147,3,3.4483809523798983,-4.206405573593472,-2.572103778139907,5.787156936331267,False,False,True
unigradicon,d2490f048d,2,UNCHANGED,0,13.733050600992383,2,1.126393974265102,1.4695264607625163,-1.86804188774408,2.3392297020831876,False,False,True
unigradicon,d2716515bd,1,MERGING,0,45.91932325037337,4,-18.062484533586872,14.689474131099663,-18.45064849043434,29.21149154305128,False,True,False
unigradicon,d2716515bd,2,UNCHANGED,0,29.958865373679593,3,1.5085360459973685,-3.1033261028312835,1.1168031201092758,3.1947614723574245,False,True,False
unigradicon,d2716515bd,3,MERGING,0,103.20747245466868,5,-12.737662982498847,13.810827186118434,62.62302602251726,53.02038545593866,False,True,False
unigradicon,d2716515bd,4,MERGING,0,103.20747245466868,5,63.95516224393523,5.241882507249568,-3.2321442276816206,80.08931899009502,False,True,False
unigradicon,d2716515bd,5,UNCHANGED,0,17.879339371242068,2,-1.0462715105159872,2.2426374115841083,-2.7671929595925926,3.089508203383037,False,True,False
unigradicon,d2716515bd,6,MERGING,0,103.20747245466868,5,34.02090060313701,-24.973033863919717,48.281672414114254,60.33279465886326,False,True,False
unigradicon,d2716515bd,7,UNCHANGED,0,41.66913657666527,4,3.2938838882574486,-0.579893196842691,-4.615877173980885,5.515556118374672,False,True,False
unigradicon,d2716515bd,8,MERGING,0,103.20747245466868,5,57.259588576223635,2.9628224870399644,-19.030337332851566,73.16904909147172,False,True,False
unigradicon,d2716515bd,9,MERGING,0,103.20747245466868,5,45.62955520581207,-15.662668630443916,24.157296218110776,61.36885030152332,False,True,False
unigradicon,d2716515bd,10,MERGING,0,45.91932325037337,4,3.16104405752277,2.7543053662566406,-15.432461842014238,12.98076442157154,False,True,False
unigradicon,d2716515bd,11,UNCHANGED,0,33.07031767139406,4,5.174635301227374,-6.5840570328898025,-3.394669527821968,8.68644440152378,False,True,False
unigradicon,d2716515bd,12,MERGING,0,45.91932325037337,4,25.113384710500362,-13.445452294558363,21.229485244949824,37.098170727117385,False,True,False
unigradicon,d2716515bd,13,MERGING,0,103.20747245466868,5,21.007995385477237,-17.74305226528002,63.332277787629586,58.125126998514475,False,True,False
unigradicon,d2716515bd,14,MERGING,0,103.20747245466868,5,22.428061482627566,-14.805075884116967,41.3639828662739,44.550908616930634,False,True,False
unigradicon,d2716515bd,15,UNCHANGED,0,9.07990062539377,1,-2.8749559526806707,1.7355084837814059,3.9070169949841147,4.924884445953231,False,True,False
unigradicon,d2716515bd,16,UNCHANGED,0,37.25887518425281,4,0.6779680992392401,-0.16953102187819682,5.333845185392508,4.294925189626492,False,True,False
unigradicon,d2716515bd,17,MERGING,0,103.20747245466868,5,26.992761291176198,-26.13411652621644,12.900810116514176,40.72661364378075,False,True,False
unigradicon,d2716515bd,18,MERGING,0,103.20747245466868,5,4.12821767630773,9.565457477699844,67.10410027123504,53.718022466763294,False,True,False
unigradicon,d2716515bd,19,MERGING,0,103.20747245466868,5,15.308705481185791,25.612259120892343,67.57579303028477,60.07531534063584,False,True,False
unigradicon,d2716515bd,20,MERGING,0,103.20747245466868,5,3.217499906272894,7.874759659973078,27.888789786550895,23.19886906006493,False,True,False
unigradicon,d2716515bd,21,UNCHANGED,0,48.56445044123549,4,-5.418142573979639,-3.984662170120256,-7.123635304896022,9.335116956893826,False,True,False
unigradicon,d2716515bd,22,MERGING,0,103.20747245466868,5,23.035818907659866,-6.511669008758922,-10.683622736513877,30.43118256787486,False,True,False
unigradicon,d395771085,1,MERGING,0,139.75897461113604,5,-96.01058743927142,-54.06508285450639,27.03646643773327,129.00060910088678,False,True,False
unigradicon,d395771085,2,MERGING,0,139.75897461113604,5,-25.369857150726784,-20.711239233486232,28.129142112604644,41.950998874101394,False,True,False
unigradicon,d395771085,3,MERGING,0,139.75897461113604,5,-28.503892933203293,48.41248844932346,21.93055098952628,54.75852411356954,False,True,False
unigradicon,d395771085,4,MERGING,0,139.75897461113604,5,-81.70008124212094,19.115160666116815,84.37913633227058,122.81961857173057,False,True,False
unigradicon,d395771085,5,MERGING,0,139.75897461113604,5,12.77554835880892,19.831083075679373,17.825804124693462,26.319483196292126,False,True,False
unigradicon,d395771085,6,MERGING,0,139.75897461113604,5,-23.863568882570394,-82.32392568421189,-65.77043497652588,87.84368080749722,False,True,False
unigradicon,d395771085,7,MERGING,0,139.75897461113604,5,-95.13576327509377,2.480979175062707,73.34277105391995,132.26598896655503,False,True,False
unigradicon,d395771085,8,MERGING,0,139.75897461113604,5,-17.220271912873386,-59.728056622273684,-12.506671110041053,52.31359995304808,False,True,False
unigradicon,d395771085,9,UNCHANGED,0,6.872540166843394,1,1.2839160839160968,6.501041871860789,-11.553767742872113,10.557217923936632,False,True,False
unigradicon,d395771085,10,MERGING,0,139.75897461113604,5,-22.670442255351418,-37.38985033039455,-45.514809245317934,54.27139615916164,False,True,False
unigradicon,d395771085,11,MERGING,0,139.75897461113604,5,-85.52562105648342,-7.507532264404518,68.624467590014,119.97975081312703,False,True,False
unigradicon,d395771085,12,UNCHANGED,0,52.48425343222642,5,45.45373074558652,-51.74634891683836,-11.519171828284957,70.31412650191325,False,True,False
unigradicon,d395771085,13,MERGING,0,139.75897461113604,5,-88.49788255163512,22.331900151278482,84.768758668558,130.44070125913555,False,True,False
unigradicon,d395771085,14,MERGING,0,139.75897461113604,5,-78.26365309309672,-8.598603756633674,69.88038607165858,112.49737430236635,False,True,False
unigradicon,d395771085,15,MERGING,0,139.75897461113604,5,-43.982910059040975,-60.808446613262156,11.709563439190159,73.23550796655373,False,True,False
unigradicon,d5f038a453,31,UNCHANGED,0,4.430972648654818,0,1.645849802371623,0.0185039449777988,-0.4090646087252594,2.0825252441657365,False,False,True
unigradicon,d5f038a453,38,UNCHANGED,0,4.6742404058076845,0,0.664518294729794,0.6165517779388849,-0.8681785383189182,1.179431770533001,False,False,True
unigradicon,d5f038a453,46,UNCHANGED,0,4.6742404058076845,0,2.925842696629286,-1.9358504334375484,-0.8328698495277796,4.011674538800053,False,False,True
unigradicon,d6baf65e0b,1,UNCHANGED,0,8.527032743806844,1,-21.51201451905547,5.264773656790153,10.728462939832527,28.48915572497103,False,True,False
unigradicon,d6baf65e0b,2,UNCHANGED,0,21.356406344866738,3,2.0363643032682375,0.7859416308013188,2.8252308714761316,3.4387551973315387,False,True,False
unigradicon,d6baf65e0b,3,UNCHANGED,0,17.469290380929472,2,2.2333017181495736,13.390686988674378,19.067353637760235,18.53353182594968,False,True,False
unigradicon,d6baf65e0b,4,UNCHANGED,0,13.027162490038247,2,6.5917045436542825,7.367465677007888,3.068232503095307,10.337328808297006,False,True,False
unigradicon,d6baf65e0b,5,UNCHANGED,0,10.928655283523762,2,-28.713993506493512,20.38924533772883,21.705742347600136,42.838520592481565,False,True,False
unigradicon,d6baf65e0b,6,UNCHANGED,0,24.105538160904306,3,-24.720134134414298,41.91149575336084,21.35272589676122,48.063429112497474,False,True,False
unigradicon,d6baf65e0b,7,UNCHANGED,0,18.94123971350272,2,-26.03909425839398,9.708971837664086,42.592541802350695,47.39469287694772,False,True,False
unigradicon,d6baf65e0b,8,UNCHANGED,0,7.792366987275369,1,-34.987524708983436,-5.451142564610891,-16.47621768207015,45.82375313793526,False,True,False
unigradicon,d6baf65e0b,11,UNCHANGED,0,15.623821611506482,2,-26.417379679144027,3.3552822464690513,21.416259264248847,37.186345328809956,False,True,False
unigradicon,d6baf65e0b,13,UNCHANGED,0,11.162672786164567,2,-84.28944281524825,-7.023534187831938,6.233381134803083,105.6190660596964,False,True,False
unigradicon,d6baf65e0b,14,UNCHANGED,0,7.513826819679423,1,-12.0,52.55143184280547,8.100413132494918,44.16274887220666,False,True,False
unigradicon,d6baf65e0b,15,UNCHANGED,0,26.09032823865501,3,-13.128133186011064,28.37583019427724,15.113359929886569,30.04361788100656,False,True,False
unigradicon,db8e1af0cb,1,UNCHANGED,0,20.960912259734496,3,23.691211337927882,29.940742254328715,2.7098670857049365,37.79364484231629,False,True,False
unigradicon,db8e1af0cb,2,UNCHANGED,0,50.844620823097834,5,-22.114168045066208,10.311632392416614,-2.0565695468979217,28.837638021222585,False,True,False
unigradicon,db8e1af0cb,3,MERGING,0,61.858759861595,5,2.050457155334243,-20.61683197483051,-11.832318134386625,18.788050141342875,False,True,False
unigradicon,db8e1af0cb,4,UNCHANGED,0,39.750436702641025,4,-1.2005116277352954,-2.2976583655244482,10.126502392582479,8.325209659431511,False,True,False
unigradicon,db8e1af0cb,5,MERGING,0,61.858759861595,5,-14.165076253999018,-14.34291553530131,-13.724982088085818,23.585225157147047,False,True,False
unigradicon,db8e1af0cb,6,UNCHANGED,0,55.70439039087788,5,-11.333862136954167,10.155927406815518,5.62174899787745,16.83153256345195,False,True,False
unigradicon,db8e1af0cb,7,MERGING,0,61.858759861595,5,-34.53381974791523,-27.386234156556384,3.9518122925149535,48.27638867109643,False,True,False
unigradicon,db8e1af0cb,8,MERGING,0,61.858759861595,5,-19.712667044409613,-25.5452670019094,-4.670284257775116,31.91841785249504,False,True,False
unigradicon,db8e1af0cb,9,UNCHANGED,0,38.307253095192245,4,4.486805387038942,1.0596379937625113,10.721247580120849,10.18312336399918,False,True,False
unigradicon,db8e1af0cb,10,UNCHANGED,0,44.37632738769203,4,2.8255863480022754,7.129984104648429,-6.736477572096107,8.469555803752034,False,True,False
unigradicon,db8e1af0cb,11,UNCHANGED,0,37.05211932451599,4,8.659101857382893,6.601666529125497,6.588916706970827,13.067733464662634,False,True,False
unigradicon,db8e1af0cb,12,UNCHANGED,0,40.95500802592737,4,9.32535273995137,9.478091106970833,11.954340023057359,16.72231883739078,False,True,False
unigradicon,dc5c7986da,1,UNCHANGED,0,5.5359655114974515,1,-14.197253106604695,-10.925379978144221,11.90343120638289,21.81637004570261,False,False,True
unigradicon,dc5c7986da,2,UNCHANGED,0,12.174685971850547,2,-0.44386151482976854,0.7884561048428237,1.7880229349788355,1.6362270372102297,False,False,True
unigradicon,dc5c7986da,3,UNCHANGED,0,12.457130406873212,2,0.9796501762181833,0.2569530642962246,0.3038303282966752,1.2638406367812252,False,False,True
unigradicon,dc5c7986da,4,UNCHANGED,0,9.834357052639763,1,1.5301280227595044,1.2989807520764387,-2.324670421621886,2.8375425625863735,False,False,True
unigradicon,dc5c7986da,5,UNCHANGED,0,13.58820227610088,2,-0.9688524590159886,0.9094567940769156,-0.6626812174228884,1.4981867483502431,False,False,True
unigradicon,dc5c7986da,6,UNCHANGED,0,10.008452514986537,2,2.444087256028479,-9.56204234493942,2.8085447091219193,8.367463315164391,False,False,True
unigradicon,dc5c7986da,7,UNCHANGED,0,10.176693223544394,2,-1.4126582278481237,-0.5081847710254618,0.11479554434717425,1.812141606600989,False,False,True
unigradicon,dc5c7986da,8,UNCHANGED,0,18.656199593458762,2,4.061265430199614,-1.7277730874632191,-2.0287992993611716,5.491343289363473,False,False,True
unigradicon,dc5c7986da,9,UNCHANGED,0,31.135756537111032,4,-2.7991564672199503,-0.2799339612643087,-0.33584408628279994,3.515769262844247,False,False,True
unigradicon,dc5c7986da,10,UNCHANGED,0,13.31352192222755,2,-0.47367086138017384,0.9925386965050486,-0.3610593426011675,1.016177083555779,False,False,True
unigradicon,dc5c7986da,11,UNCHANGED,0,14.393444153442905,2,0.9395413968144567,-0.9153027428424996,-0.5626466001638951,1.4447709105760502,False,False,True
unigradicon,dc5c7986da,12,UNCHANGED,0,11.502333786334987,2,2.060830395613266,-0.41617312839774234,-1.468308894308661,2.8431899983149256,False,False,True
unigradicon,dc5c7986da,13,UNCHANGED,0,16.930874635156428,2,-0.3115517525095015,-1.9757831782953954,1.0065092268077291,1.7786037661188194,False,False,True
unigradicon,dc5c7986da,14,UNCHANGED,0,14.72490820052907,2,-0.4245995950849192,6.080572103557452,3.290301762763675,5.438149187835567,False,False,True
unigradicon,dc5c7986da,15,UNCHANGED,0,8.037651781563723,1,-3.3032572822502515,2.5904475518166574,-3.849646620557016,5.510712258713013,False,False,True
unigradicon,dc5c7986da,16,UNCHANGED,0,14.935292456004772,2,-0.38212560386532457,0.6404027904445914,-1.6872913097214057,1.500199387078829,False,False,True
unigradicon,dc5c7986da,17,UNCHANGED,0,23.346070731904284,3,-1.6610403420708963,3.1334754611096174,-2.0536274118723226,3.595196708024383,False,False,True
unigradicon,dc5c7986da,18,UNCHANGED,0,15.324562188470814,2,-1.3988571428570253,-2.422661399459738,0.8705319530832047,2.666327343083443,False,False,True
unigradicon,dc5c7986da,19,UNCHANGED,0,14.234526206232298,2,-0.5726659068993968,1.1462379352058605,-1.0917788796586856,1.4338247791992689,False,False,True
unigradicon,dc5c7986da,20,UNCHANGED,0,15.15484918438221,2,1.9199803052692914,-4.386412986638228,0.32265983319746483,4.190551185517118,False,False,True
unigradicon,dc5c7986da,21,UNCHANGED,0,19.53041737030929,2,-0.6157637758667306,-1.3244152111396483,-1.2814859676413528,1.638496564874229,False,False,True
unigradicon,dc5c7986da,22,UNCHANGED,0,11.437200262163033,2,-1.9999108386748048,-3.9254791262934505,0.1266155949198203,3.957088250885631,False,False,True
unigradicon,dc5c7986da,23,UNCHANGED,0,7.763112145338161,1,-1.162881562881489,2.01284140269596,0.22013262542208925,2.148115592111342,False,False,True
unigradicon,dc5c7986da,24,UNCHANGED,0,16.095174168724046,2,-1.385968573144669,2.5986588548664216,-4.105714124176224,4.196935884381852,False,False,True
unigradicon,dc5c7986da,25,UNCHANGED,0,26.60285062393385,3,2.4309319788093715,-0.13010811419129878,-1.3228946970209734,3.2145378248403587,False,False,True
unigradicon,dc5c7986da,26,UNCHANGED,0,12.863392149017521,2,0.31286041189946445,-4.676727610552651,-1.9007359780195416,3.967734330599676,False,False,True
unigradicon,dc5c7986da,27,UNCHANGED,0,10.755415301015706,2,-1.3442905366081959,0.5510068910176333,0.27572626674150924,1.7481810347235596,False,False,True
unigradicon,dc5c7986da,28,UNCHANGED,0,13.66205265180396,2,0.19838709677517272,-1.080247471165889,-0.2831886894582692,0.9073060045283925,False,False,True
unigradicon,dc5c7986da,29,UNCHANGED,0,13.087325146068348,2,1.0865870534573332,0.4563638430520381,0.13986681365936052,1.4085498358622424,False,False,True
unigradicon,dc5c7986da,30,UNCHANGED,0,14.326960784613382,2,2.201958041958778,0.15182305890299558,1.2723736824406777,2.93220875453591,False,False,True
unigradicon,dc5c7986da,31,UNCHANGED,0,13.027014036096533,2,2.9133347557063187,1.0821798264537865,0.6000389196566739,3.768317802410823,False,False,True
unigradicon,dc5c7986da,32,UNCHANGED,0,14.677331428807216,2,0.5459943139297593,0.2997767729985313,-0.8491440134568775,0.9846204207916404,False,False,True
unigradicon,dc5c7986da,33,UNCHANGED,0,13.504149389694291,2,-1.2390206870365774,-5.164254652334783,6.013743659732693,6.417134848775924,False,False,True
unigradicon,dc5c7986da,34,UNCHANGED,0,14.72490820052907,2,3.362568178275853,1.8531022779611253,3.2443561665586556,5.129730570322013,False,False,True
unigradicon,dc5c7986da,35,UNCHANGED,0,16.54553058271226,2,-2.2384235276033904,-4.584816067515549,4.314344506300246,5.677852980748627,False,False,True
unigradicon,dc5c7986da,36,UNCHANGED,0,8.465437317578214,1,-1.3190483595078377,2.8469205776383424,-0.45393172747695143,2.791156818959851,False,False,True
unigradicon,dc5c7986da,37,UNCHANGED,0,10.434848637154792,2,-1.862443438915193,-1.778817210446628,0.5954902978341552,2.7514761639697842,False,False,True
unigradicon,dc5c7986da,38,UNCHANGED,0,13.780384116591422,2,0.6236598372153821,-5.63543633850575,4.181026540949324,5.555289761717556,False,False,True
unigradicon,dc5c7986da,39,UNCHANGED,0,10.466231829535843,2,0.08269424361619712,0.45584591416309217,-0.08001553707772474,0.3760554939533007,False,False,True
unigradicon,dc5c7986da,40,UNCHANGED,0,14.011135181448935,2,-0.35748513169160107,-0.9602460354576664,-2.2585868357239365,1.984369430434789,False,False,True
unigradicon,dc5e819e18,1,UNCHANGED,0,108.74834132255278,5,52.38992286070508,10.27704074980706,42.41584098349045,73.97974300343593,False,False,True
unigradicon,dc5e819e18,2,UNCHANGED,0,11.818178109250486,2,3.1183938814531187,-3.4052582414328425,0.4480147638107474,4.732047218755536,False,False,True
unigradicon,dc5e819e18,3,UNCHANGED,0,7.54332704775955,1,6.957613683771183,-10.950929899013492,2.8022040479566845,12.3965571353822,False,False,True
unigradicon,dc5e819e18,4,UNCHANGED,0,5.897768932928138,1,11.538461538460819,-0.32074628088198126,-6.032240239617357,15.190133158991403,False,False,True
unigradicon,dc5e819e18,5,UNCHANGED,0,11.232215182098269,2,0.8450633565679823,-1.3534304677105817,0.9219813272803568,1.6620215992632426,False,False,True
unigradicon,dc5e819e18,6,UNCHANGED,0,38.78294542244341,4,8.74294989217899,8.617231161570515,22.999927563553587,22.227042463996252,False,False,True
unigradicon,dc5e819e18,7,UNCHANGED,0,36.847779557302246,4,-1.5175046814606048,4.295152836493286,-9.157352508735523,8.188634344968332,False,False,True
unigradicon,dc5e819e18,8,UNCHANGED,0,12.183390804446507,2,7.748040186784328,3.135670706262823,2.185753297292293,10.137637904953706,False,False,True
unigradicon,dc5e819e18,9,UNCHANGED,0,7.255128206648623,1,-4.480298587042239,-6.000309417417209,0.7705574387316979,7.327664601220991,False,False,True
unigradicon,dc5e819e18,10,UNCHANGED,0,18.499512221109477,2,0.12097249108671804,-0.5400218396575698,-1.4058118060245335,1.1962598728513674,False,False,True
unigradicon,dc5e819e18,11,UNCHANGED,0,11.198760880658146,2,-4.13081520439876,-4.808997640899023,-1.0778297237061032,6.441378682554062,False,False,True
unigradicon,dc5e819e18,12,UNCHANGED,0,3.535297611189939,0,29.347757255936664,14.567628094062231,21.861945930593656,42.10392994632634,False,False,True
unigradicon,dc5e819e18,13,UNCHANGED,0,22.730196555963012,3,-2.7549113141632233,-1.0260412538620727,-0.0549927642033057,3.5359123458295585,False,False,True
unigradicon,dc5e819e18,14,UNCHANGED,0,20.021598802108144,3,-3.777369248918376,-1.6269834291781295,-3.220485929403375,5.5105052055439705,False,False,True
unigradicon,dc5e819e18,17,UNCHANGED,0,21.334991130407722,3,0.40853251395983536,1.0443602537208858,-2.995746051211663,2.5520321273698974,False,False,True
unigradicon,dc5e819e18,18,UNCHANGED,0,27.189864973407126,3,-2.518456823182123,2.0347792693072986,-3.9195664753175623,4.690370984105733,False,False,True
unigradicon,dc5e819e18,19,UNCHANGED,0,70.27552417841,5,1.2150907683132572,-11.30068469166475,12.711604596571073,13.445902473782384,False,False,True
unigradicon,dc5e819e18,20,UNCHANGED,0,8.282106349647966,1,4.010776255707515,6.643667069352591,0.5018330791727421,7.225946797622292,False,False,True
unigradicon,defd402043,1,UNCHANGED,0,4.766911909424779,0,-3.3032509100036123,1.1875348373062404,6.084737620453235,6.399812081266463,False,False,True
unigradicon,defd402043,11,UNCHANGED,0,7.647507032434027,1,-1.7190265486725593,2.6359143581919917,1.5328143927285363,3.2121536186641317,False,False,True
unigradicon,defd402043,14,UNCHANGED,0,7.505477924278309,1,-1.0194767594877021,6.430117462823732,2.407430991830275,5.518298237132356,False,False,True
unigradicon,defd402043,19,UNCHANGED,0,7.158900530781816,1,-9.129920176162841,5.689280107206196,0.6164345154372639,12.256532670292593,False,False,True
unigradicon,defd402043,22,UNCHANGED,0,5.1016550934899065,1,3.7774798927614484,2.5222273187529276,-0.08162047865403511,5.1166746938001735,False,False,True
unigradicon,defd402043,26,UNCHANGED,0,4.251975845655526,0,-3.0729927007299693,5.50655307243156,-5.73563074473802,7.330061796225671,False,False,True
unigradicon,defd402043,27,UNCHANGED,0,17.171412596913164,2,-1.9851976548445691,4.821755660869498,-0.12430735017947633,4.510945603518503,False,False,True
unigradicon,defd402043,28,UNCHANGED,0,23.102932785202118,3,-7.2794145803503625,2.0739960675207794,-4.296878423870791,9.844496550139116,False,False,True
unigradicon,defd402043,31,UNCHANGED,0,4.963704394972316,0,-6.218932874355119,7.056244228790343,0.7765129979452541,9.548589481784553,False,False,True
unigradicon,defd402043,38,UNCHANGED,0,8.203558085183785,1,-9.837820471632313,3.341371558503104,-2.8788243155686186,12.774673414220015,False,False,True
unigradicon,defd402043,39,UNCHANGED,0,4.607894978611635,0,-2.3788018433182287,4.917972368669015,-4.047179171558736,5.813019042514393,False,False,True
unigradicon,defd402043,41,UNCHANGED,0,11.873034587233786,2,4.661085310950739,-0.9808110688644444,-2.3335820450147957,6.158182511836846,False,False,True
unigradicon,defd402043,43,UNCHANGED,0,6.948221256232238,1,-1.6885313531359998,-0.620653435831784,-2.1696068319102495,2.760469854892968,False,False,True
unigradicon,e00da03b68,1,UNCHANGED,0,6.440335908791355,1,7.574281609195372,9.327037872904747,0.5328540542568573,11.953229736565454,False,False,True
unigradicon,e00da03b68,2,UNCHANGED,0,8.439227454389739,1,-3.0452926208640747,0.6816986089918176,-0.6596473237814949,3.878744757023269,False,False,True
unigradicon,e00da03b68,3,UNCHANGED,0,4.7698674522543,0,-2.8036147233851123,0.15825485138248002,-0.45981733148966625,3.525414347309526,False,False,True
unigradicon,e00da03b68,4,UNCHANGED,0,36.80737247086937,4,1.1066460939948684,17.52369951142833,-1.5220119345993395,13.80805828421993,False,False,True
unigradicon,e00da03b68,5,UNCHANGED,0,5.726896918161724,1,1.14337617823453,9.0512366556551,6.506711420423854,8.852655506400941,False,False,True
unigradicon,e00da03b68,6,UNCHANGED,0,9.660503863187033,1,2.1405742821480542,5.295352570459237,6.480315380662388,7.099696165647074,False,False,True
unigradicon,e00da03b68,7,UNCHANGED,1,10.910124855556866,2,-0.027168647606737296,-2.394661055430746,-1.4297608138447901,2.184372228339459,False,False,True
unigradicon,e165421110,1,UNCHANGED,0,6.17516765029366,1,-1.6581536760634663,2.6214333399659577,3.187482121339856,3.848699906963797,False,False,True
unigradicon,e165421110,10,UNCHANGED,0,2.5998431848042176,0,-3.8450704225352412,1.341096404370496,0.02236964244273203,4.919170229134064,False,False,True
unigradicon,e1eee5e2b4,2,UNCHANGED,0,4.213174025170129,0,-3.61081081081079,-1.8450799150625448,1.2510728409018765,4.839696896180037,False,False,True
unigradicon,e1eee5e2b4,4,UNCHANGED,1,4.433255818219452,0,0.9212121212121588,-0.4605885765422449,-3.150757345979728,2.7632083874483007,False,False,True
unigradicon,e2c0be2456,1,UNCHANGED,0,24.29273469961904,3,-15.286947195702714,-13.383603151480738,0.011965980968020089,21.780693647184638,True,False,True
unigradicon,e2c0be2456,2,UNCHANGED,0,17.701748740668823,2,-13.363460958968716,-7.958277119167898,4.19443447425136,18.12782603891599,True,False,True
unigradicon,e2c0be2456,3,UNCHANGED,0,4.8857985551753735,0,2.7909743589743585,-0.8930909172986581,2.718575322543945,4.154335169928794,True,False,True
unigradicon,e2c0be2456,4,UNCHANGED,0,20.504831721628896,3,-17.9333893663748,-8.542642309422313,25.401627545768864,30.8009767396918,True,False,True
unigradicon,e2c0be2456,5,UNCHANGED,0,33.489255748980206,4,-12.260222515647381,-3.0433347612904105,-0.4499421613945409,15.512561614388611,True,False,True
unigradicon,e2c0be2456,6,UNCHANGED,0,24.271635798807772,3,0.23927200896666817,-7.188404266682137,-2.4402206888520834,5.942640504743612,True,False,True
unigradicon,e2c0be2456,7,UNCHANGED,0,40.398664352266394,4,0.8507990930807068,-3.6190529145718204,2.4109228232646416,3.569097169074279,True,False,True
unigradicon,e2c0be2456,8,UNCHANGED,0,29.06843689954917,3,-11.37843941028417,-8.38839278844447,2.224060312872824,15.75735964588506,True,False,True
unigradicon,e2c0be2456,9,UNCHANGED,0,26.32824046668223,3,-29.80432369266714,-17.39519507767467,9.596223625525676,40.37154189090852,True,False,True
unigradicon,e2c0be2456,10,UNCHANGED,0,19.105978502020903,2,-31.833163499044872,-29.456455489144314,8.033098171847323,46.39810541522515,True,False,True
unigradicon,e2c0be2456,11,UNCHANGED,0,20.3407860401994,3,6.590140149772083,-8.39959537166998,1.31778685034826,10.581825967695927,True,False,True
unigradicon,e2c0be2456,12,UNCHANGED,0,27.120734844974102,3,-2.086541668361309,-3.6992835999305362,4.984783358486664,5.5333681282206255,True,False,True
unigradicon,e2c0be2456,13,UNCHANGED,0,5.012758805794588,1,-0.3906250000007958,-0.7190972986351802,0.5807622757248099,0.8739547244295862,True,False,True
unigradicon,e2c0be2456,14,UNCHANGED,0,32.02127654871614,4,0.5659825549409504,-5.576088593286141,1.3966021694242727,4.54754049410391,True,False,True
unigradicon,e2c0be2456,15,UNCHANGED,0,6.315680337466488,1,3.48762736535557,-4.976423848158971,3.6381285901979314,6.50774711295517,True,False,True
unigradicon,e2c0be2456,16,UNCHANGED,0,16.89101163315236,2,-22.553369573311464,-19.701483465714723,-0.4538657398196954,32.1194065393025,True,False,True
unigradicon,e2c0be2456,17,UNCHANGED,0,8.354598009657646,1,-2.3386621848739537,-2.7391388773819356,3.4982258350107966,4.554169883455586,True,False,True
unigradicon,e2c0be2456,18,UNCHANGED,0,23.601297724907145,3,-20.040963039799017,-18.056835738709,2.6841797195883506,28.825775469667615,True,False,True
unigradicon,e2c0be2456,19,UNCHANGED,0,28.804720962682673,3,-3.5635266703435775,-6.124784036448285,2.134118456393981,6.749700445690544,True,False,True
unigradicon,e2c0be2456,20,UNCHANGED,0,25.42011799993383,3,1.70128955022127,-4.817379665778852,-0.05694551272389444,4.322030950366099,True,False,True
unigradicon,e2c0be2456,21,UNCHANGED,0,31.416956698218655,4,-24.746104796130936,-28.181239274930977,11.439239201489967,39.02189880474729,True,False,True
unigradicon,e2c0be2456,22,UNCHANGED,0,22.318426262541454,3,-13.586311082813506,-11.119949861422908,1.0358038888082306,19.092147377935902,True,False,True
unigradicon,e2c0be2456,23,UNCHANGED,0,27.065654307016285,3,-2.6170279840090758,-4.9339235728479,-2.7925454194560024,5.514033443983019,True,False,True
unigradicon,e2c0be2456,24,UNCHANGED,0,16.77576722443629,2,-28.69361942405431,-14.700465018370968,6.649956346089987,38.02351004214383,True,False,True
unigradicon,e2c0be2456,25,UNCHANGED,0,22.507259646851114,3,-17.579214402618675,-4.882666176581273,12.758958950451767,24.469165005809945,True,False,True
unigradicon,e2c0be2456,26,UNCHANGED,0,14.679078235101493,2,-0.03591726572042262,-2.4873846013828724,11.366030026951547,9.175908126883597,True,False,True
unigradicon,e2c0be2456,27,UNCHANGED,0,27.409408498617267,3,-15.36942245819643,-9.916200248183806,10.3262494956717,22.258724403925314,True,False,True
unigradicon,e2c0be2456,28,UNCHANGED,0,24.76061363023536,3,-9.409435057153434,-10.76792850521501,3.798618832917782,14.766394117713407,True,False,True
unigradicon,e2c0be2456,29,UNCHANGED,0,19.02898917061819,2,-3.3614985330624565,-6.00814784731634,0.8704638161353819,6.3360635813587365,True,False,True
unigradicon,e2c0be2456,30,UNCHANGED,0,40.41009497163631,4,-14.306886657101956,-26.92187176710278,7.127663030989364,28.169871404659293,True,False,True
unigradicon,e2c0be2456,31,UNCHANGED,0,19.728716442577426,2,-15.352704241252855,-4.1419899204669575,7.083703077513056,20.248254596550996,True,False,True
unigradicon,e2c0be2456,32,UNCHANGED,0,19.73271091858101,2,-2.740237238437891,-5.8722422611545975,3.663580995922041,6.41260085746687,True,False,True
unigradicon,e2c0be2456,33,UNCHANGED,0,24.43159825720804,3,-2.285934380192907,-2.6067369756541736,5.742494641997858,5.730442800095362,True,False,True
unigradicon,e2c0be2456,34,UNCHANGED,0,17.148683507541204,2,-25.755697887115105,-21.144257953794458,5.348593294327266,36.42806053502224,True,False,True
unigradicon,e2c0be2456,35,UNCHANGED,0,13.190985859357529,2,-20.407690304661017,-8.138331633538757,6.6480423924725,26.807700106273526,True,False,True
unigradicon,e2c0be2456,36,UNCHANGED,0,33.405855439215344,4,-1.377761959920764,-3.369132442893345,-1.111033635125001,3.264677387069738,True,False,True
unigradicon,e2c0be2456,37,UNCHANGED,0,19.510567792382286,2,-9.971610094067028,-12.832692948331168,-1.1276216469940785,16.01882617128229,True,False,True
unigradicon,e2c0be2456,38,UNCHANGED,0,20.764136670786442,3,1.4398624042507493,-4.304724065933869,1.9406109785619838,4.109349124960309,True,False,True
unigradicon,e2c0be2456,39,MERGING,0,23.21823012874139,3,4.925290828966683,-1.6726605391317733,-2.0520245266366617,6.49859595197539,True,False,True
unigradicon,e2c0be2456,40,UNCHANGED,0,23.62639660705154,3,-0.657622651800932,-4.340493347926834,9.016569163467173,7.9232165038486295,True,False,True
unigradicon,e2c0be2456,41,UNCHANGED,0,16.09662130446056,2,-21.277752458248692,-8.82316319683335,-0.18547428272272842,27.47574080561139,True,False,True
unigradicon,e2c0be2456,42,UNCHANGED,0,29.734013023808306,3,-4.856492901508503,-5.942311477561559,-2.942304766837566,7.9862391241603765,True,False,True
unigradicon,e2c0be2456,43,UNCHANGED,0,23.819815079063567,3,3.3842894605331026,-7.204014335123746,10.487475915945183,10.863743378455903,True,False,True
unigradicon,e2c0be2456,44,UNCHANGED,0,20.023923494812095,3,-2.1722451471847988,-11.224657072114859,2.7006733977366606,9.421470292754123,True,False,True
unigradicon,e2c0be2456,45,UNCHANGED,0,20.2539714600453,3,5.089327990277832,-6.227396245680994,10.835658434284236,11.713940791882337,True,False,True
unigradicon,e2c0be2456,46,MERGING,0,23.21823012874139,3,8.057451574452989,-7.970939529468665,10.582998018267638,14.48855101545873,True,False,True
unigradicon,e2c0be2456,47,UNCHANGED,0,34.52325601650496,4,3.246771354074815,-25.076161293529918,3.305435345541472,20.169895131038995,True,False,True
unigradicon,e2c0be2456,48,UNCHANGED,0,17.36795982868279,2,-3.831285247847967,0.45262554661587767,-0.5183133626097558,4.819516963850698,True,False,True
unigradicon,e2c0be2456,49,UNCHANGED,0,20.818097767557568,3,1.9708122615502475,-0.8427147763401661,9.61382726618959,8.002437510564375,True,False,True
unigradicon,e2c0be2456,50,UNCHANGED,0,24.10953661375721,3,3.2367897348988377,-3.7018473741161,-0.898671068487148,5.023093951476402,True,False,True
unigradicon,e46d0ac1f1,2,UNCHANGED,0,17.4469363686026,2,-5.8058125037817145,-1.8841625862468507,-5.302536644391556,8.50509643410523,False,False,True
unigradicon,e46d0ac1f1,5,UNCHANGED,0,17.691229924644283,2,6.950091099173642,2.1207755923333167,1.4242164612194341,8.915198635891358,False,False,True
unigradicon,e46d0ac1f1,8,UNCHANGED,0,7.4859145835360446,1,-2.8692615045458636,-0.7503198419472729,-1.018262580380335,3.7218806787116243,False,False,True
unigradicon,e46d0ac1f1,10,UNCHANGED,0,31.997634248753624,4,-5.400522928398959,0.005562589310864156,1.9426137351591546,6.922469297409725,False,False,True
unigradicon,e46d0ac1f1,13,UNCHANGED,0,41.95082218357842,4,0.4490854640293094,0.33466700309234837,2.990937661636161,2.4397396364893247,False,False,True
unigradicon,e4a6222cdb,1,UNCHANGED,0,12.070483680453192,2,13.327250394808061,-40.45531921797127,10.797780443918938,36.720397585490154,False,True,False
unigradicon,e4a6222cdb,2,UNCHANGED,0,20.68488857246963,3,90.54083647460067,-11.684673398126197,-14.19377835949201,114.09430925867487,False,True,False
unigradicon,e4a6222cdb,3,UNCHANGED,0,7.370138454010985,1,19.642857142855974,-9.063219930838352,-3.46042203735277,25.69894258158753,False,True,False
unigradicon,e4a6222cdb,4,UNCHANGED,0,11.19004057532325,2,58.97551020407997,-18.398000679229405,4.402210974756678,75.18693884866691,False,True,False
unigradicon,e4a6222cdb,5,UNCHANGED,0,9.528139221808468,1,27.829515938606278,-25.33259108085729,-2.0368417552891507,40.0518064859527,False,True,False
unigradicon,e4a6222cdb,6,UNCHANGED,0,22.905276672819024,3,41.95290029555417,23.597485250499993,-14.592921417839047,56.76522745674715,False,True,False
unigradicon,e64770ac6b,1,UNCHANGED,0,11.804269139211963,2,152.76894977168945,24.150242712956807,-3.7592035491702718,191.91331995768346,False,False,False
unigradicon,e64770ac6b,3,UNCHANGED,0,8.964824092133448,1,202.81101865136287,-2.1539787279988527,-16.69323133738609,253.86125624981545,False,False,False
unigradicon,e64770ac6b,4,UNCHANGED,0,10.755358870063969,2,161.3246796196774,16.5574616438927,-5.680020805160179,202.11973268661967,False,False,False
unigradicon,e64770ac6b,5,UNCHANGED,0,4.616822335381785,0,12.567293233082022,7.788355760685512,-10.662155524340953,18.829360361783195,False,False,True
unigradicon,e7db56dbec,1,UNCHANGED,0,5.217400063694731,1,-185.37215739484395,-17.486813178076588,7.119313840741547,232.1852790119434,False,True,False
unigradicon,e7db56dbec,3,UNCHANGED,0,6.621848550151989,1,-185.7435208031987,-5.271911635223273,4.575351192816831,232.24396371626833,False,True,False
unigradicon,e7db56dbec,5,UNCHANGED,0,27.63643729980354,3,-26.399066985646233,24.162675237894682,4.569303194132338,38.18424879545874,False,True,False
unigradicon,e88a49bccd,7,UNCHANGED,0,3.672249710793765,0,1.5548638132295536,1.4543953676070978,0.8367384649337185,2.345970676471167,False,False,True
unigradicon,e88a49bccd,12,UNCHANGED,0,4.00786719918352,0,0.8571428571428669,1.517408647690789,-0.5826813395725329,1.6624586846667053,False,False,True
unigradicon,e88a49bccd,13,UNCHANGED,0,3.5455181133924745,0,1.211881188118832,-7.391754800479639,1.746726379703739,6.125454476204816,False,False,True
unigradicon,e88a49bccd,17,UNCHANGED,0,10.082981889142477,2,7.81426491994232,2.332032139363466,4.395903741773254,10.524129336969212,False,False,True
unigradicon,e88a49bccd,18,UNCHANGED,0,5.296300567453813,1,11.588292682925976,10.154046042701516,1.8345250883596564,16.577416064406318,False,False,True
unigradicon,e88a49bccd,19,UNCHANGED,0,7.188185781539115,1,-3.531983805668017,-5.02514245854222,0.5537267339031879,5.923317418919049,False,False,True
unigradicon,e88a49bccd,26,UNCHANGED,0,5.11352197555743,1,1.1885714285714584,1.2445464029965896,-0.14276891752341928,1.7789889718250187,False,False,True
unigradicon,e88a49bccd,28,UNCHANGED,0,4.295089317403216,0,-1.2266666666666879,-4.642485595390532,0.22911605759753634,3.940822186527368,False,False,True
unigradicon,e88a49bccd,31,UNCHANGED,0,6.017504598020805,1,2.117059961316136,1.405317206342191,-0.24284149591999177,2.8713009362041633,False,False,True
unigradicon,e88a49bccd,32,UNCHANGED,0,9.25348942219885,1,3.5041935483870477,4.529207410887621,-6.944671360107745,7.856355247369254,False,False,True
unigradicon,e88a49bccd,33,UNCHANGED,0,4.467072903846736,0,1.8673170731707387,2.8514300727991997,-0.5438113534330539,3.2544921699819613,False,False,True
unigradicon,e88a49bccd,36,UNCHANGED,0,4.382768306392383,0,3.6,1.1073466881043705,0.04049863666561207,4.582462807088076,False,False,True
unigradicon,e88a49bccd,38,UNCHANGED,0,4.776096564560851,0,-2.3533980582524463,-7.003600375421095,-1.0181523558148158,6.26243143677057,False,False,True
unigradicon,e88a49bccd,40,UNCHANGED,0,4.916649914670129,0,2.470000000000823,-4.320090762377696,-9.05335736163921,8.481764761735969,False,False,True
unigradicon,e88a49bccd,44,UNCHANGED,0,4.467072903846736,0,3.55977653631287,0.64506675655762,0.6089038082998672,4.503846564981797,False,False,True
unigradicon,e88a49bccd,46,UNCHANGED,0,3.5455181133924745,0,-5.253886010362725,-4.354793073219355,0.37750728661107996,7.401779347543533,False,False,True
unigradicon,e96ed478da,1,UNCHANGED,0,6.445247509400564,1,-0.09294320137623799,0.019369365150735635,-0.024955295691583244,0.1188027201558435,False,False,True
unigradicon,e96ed478da,3,UNCHANGED,0,5.080556907555834,1,2.673584905660391,6.844761078262031,2.1523904253453607,6.529163533530159,False,False,True
unigradicon,eae27d77ca,1,UNCHANGED,0,24.36810307876036,3,-4.931171171169353,12.015044138448525,9.792672901038163,13.628894130314375,False,False,True
unigradicon,eae27d77ca,2,UNCHANGED,0,16.181117708912883,2,5.875937101571822,8.01922511931351,-2.0305085031201866,9.784674588619136,False,False,True
unigradicon,eae27d77ca,3,UNCHANGED,0,51.44911733794971,5,5.228793445793542,7.203746581599515,10.968153030528905,12.217282717278135,False,False,True
unigradicon,eae27d77ca,4,UNCHANGED,0,11.510901847599563,2,-0.35922949355733635,12.475382765424586,4.3063993474061455,10.328490694148792,False,False,True
unigradicon,eae27d77ca,5,UNCHANGED,0,7.272014488520544,1,1.9682539682539755,3.225738652833402,0.5207392305135944,3.5452577650004127,False,False,True
unigradicon,eb16372791,1,UNCHANGED,0,9.13041176758785,1,-2.5233498155572534,-3.8503662118433395,-7.541563368334921,7.37548351159911,False,False,True
unigradicon,eb16372791,2,UNCHANGED,0,10.871661755328402,2,-19.931861946378945,-6.733976454452724,-9.950619949347052,26.646707128732913,False,False,True
unigradicon,eb16372791,3,UNCHANGED,0,5.281454583127563,1,0.8910891089109327,-0.48119358590789857,-2.9908423946004037,2.636372201680987,False,False,True
unigradicon,eb16372791,4,UNCHANGED,0,9.195399091753517,1,-2.5498697238159593,-0.4950919885821779,-2.0809259999066927,3.6061479204501516,False,False,True
unigradicon,eb16372791,5,UNCHANGED,0,11.378548967717904,2,-14.269983416253808,-4.842559569311196,-14.951878854303033,21.717492021881633,False,False,True
unigradicon,ebf11048b1,1,UNCHANGED,0,9.727860156023024,1,1.683678939201576,-3.877621263876136,-0.15161827240677572,3.689849213493512,True,False,True
unigradicon,ebf11048b1,2,UNCHANGED,0,22.301524703259236,3,-4.954938974776235,-6.791777755917821,1.9439681917895255,8.29762250085832,True,False,True
unigradicon,ebf11048b1,3,UNCHANGED,0,8.328061419982662,1,-0.735261194029772,-2.435466849392122,5.73579409730627,4.994317849166101,True,False,True
unigradicon,ec5decca5e,14,UNCHANGED,0,134.28560874994557,5,37.514783732474335,-29.0083738655887,-77.5945501085336,80.37672212845416,False,True,False
unigradicon,ec8ce6abb3,1,UNCHANGED,0,13.75802518964165,2,-1.670539075587658,-6.296613221148781,0.9670422029999676,5.396847535759798,False,False,True
unigradicon,ec8ce6abb3,2,UNCHANGED,0,10.949587365315756,2,-1.933015726179883,1.53137348077234,0.4052009202845771,2.714957059385008,False,False,True
unigradicon,eda80a3d5b,1,UNCHANGED,0,18.271099998087458,2,12.143417489025694,0.7848058183083463,12.241985283468564,18.002245429515394,True,False,True
unigradicon,eda80a3d5b,2,UNCHANGED,0,8.614704152090901,1,0.34980871282306225,2.1419408202973993,-3.251858785945406,3.0939529940521084,True,False,True
unigradicon,eda80a3d5b,3,UNCHANGED,0,7.160765265682229,1,10.890234714575001,1.143884660883381,6.943895389954555,14.701114967331204,True,False,True
unigradicon,eda80a3d5b,4,UNCHANGED,0,5.918798313750177,1,-3.8731707317073187,-3.5134385788000744,-1.0994436209062393,5.632208099845804,True,False,True
unigradicon,eda80a3d5b,5,UNCHANGED,0,18.940700484379253,2,-0.5895006004097354,-0.6990843589690093,1.4605925388828838,1.472796130517482,True,False,True
unigradicon,eda80a3d5b,6,UNCHANGED,0,15.559368167894053,2,5.187396242901627,1.7174559587771263,5.336757406068831,7.8469496979103335,True,False,True
unigradicon,eda80a3d5b,7,UNCHANGED,0,6.8374952167119565,1,3.23706563706628,-2.245807461476817,0.6848466048205718,4.443107599187341,True,False,True
unigradicon,eecca5b636,1,UNCHANGED,0,18.658860974624645,2,-0.8282544357133019,-0.40390002940413744,-3.9868908056018277,3.3266419365886897,False,False,True
unigradicon,eecca5b636,2,UNCHANGED,0,3.5927715055891434,0,3.0022304832713873,3.243175362584447,-6.991260082877492,7.136281081449736,False,False,True
unigradicon,eecca5b636,3,UNCHANGED,0,6.897807804612133,1,3.7469979296058,6.296217688210594,-6.360062083373716,8.443873441429739,False,False,True
unigradicon,ef0d3930a7,2,UNCHANGED,0,3.2592395735112447,0,-3.9050167224080043,-1.4470399758691908,-7.9862662057937195,8.050384229385777,False,False,True
unigradicon,ef0d3930a7,4,UNCHANGED,0,3.1467612101116864,0,-2.6952076677316428,1.988340386779491,3.323434616991,4.5428608613005546,False,False,True
unigradicon,ef0d3930a7,5,UNCHANGED,0,4.852373975450406,0,-2.50018552875797,-2.07835060094956,1.9789832052191227,3.852252791058454,False,False,True
unigradicon,ef0d3930a7,7,UNCHANGED,0,3.2592395735112447,0,-2.049999999999977,-1.3063555337708066,-3.1978811853084106,3.738117226944384,False,False,True
unigradicon,ef0d3930a7,8,UNCHANGED,0,5.041001881770981,1,-0.8593548387096803,3.2760470272895716,-1.3907413350584399,2.984014855134202,False,False,True
unigradicon,f157be1f00,1,UNCHANGED,0,39.82572335539359,4,172.08252988816042,10.58510487078707,-23.13625385220911,216.03458085686998,False,True,False
unigradicon,f157be1f00,2,UNCHANGED,0,27.472680548087283,3,111.66379814819929,6.554402969944553,-4.4444584698113365,139.71759659437794,False,True,False
unigradicon,f157be1f00,3,UNCHANGED,0,13.690462174995977,2,265.57489451476806,-45.27498157708623,-21.26831214189963,334.2679582869983,False,True,False
unigradicon,f157be1f00,4,UNCHANGED,0,34.61114915869675,4,218.5320799059929,-4.9609725414299355,20.93964367653396,273.6916872231488,False,True,False
unigradicon,f157be1f00,5,UNCHANGED,0,9.171286994443895,1,239.56159709618868,-16.674710680557737,-17.277749237545322,300.04488111937695,False,True,False
unigradicon,f157be1f00,6,UNCHANGED,0,31.1073687565209,4,38.995077468008844,15.423934941531524,-0.8004233364388584,50.21423902251301,False,True,False
unigradicon,f157be1f00,8,UNCHANGED,0,49.34154310833409,4,285.31893097034066,-51.89650020314579,-26.23823628290195,359.54084092866094,False,True,False
unigradicon,f2217062e9,1,UNCHANGED,0,12.247207476864578,2,3.0641057709496407,19.966358302907373,4.549780970875371,16.453592265014777,False,False,True
unigradicon,f2217062e9,2,UNCHANGED,0,10.205301103854156,2,-6.958407960198929,3.612459607859707,0.9565430169861072,9.175231676249103,False,False,True
unigradicon,f2217062e9,3,UNCHANGED,0,14.625246420992362,2,1.2037478676364117,-1.8222827303103841,-1.618033842920492,2.4329742167541144,False,False,True
unigradicon,f2217062e9,4,UNCHANGED,0,28.89134751257202,3,-8.072685000464185,8.81769889884747,3.987805020877849,12.615492441647845,False,False,True
unigradicon,f2217062e9,5,UNCHANGED,0,18.80505667769839,2,-1.017832416119586,19.141168306957713,1.747371850797745,15.066506579259055,False,False,True
unigradicon,f2fc990265,1,UNCHANGED,0,8.626875461851926,1,6.7740926157698595,10.663645209603905,-12.151276969095237,15.263637743686937,True,False,True
unigradicon,f2fc990265,3,UNCHANGED,0,11.714004669781966,2,-3.9728198453402683,21.73439420171384,7.674077323130655,18.693804465674873,True,False,True
unigradicon,f2fc990265,5,UNCHANGED,0,11.095688161054596,2,-14.103749999999991,15.907434128921622,11.6090569054979,23.43185085618572,True,False,True
unigradicon,f2fc990265,6,UNCHANGED,0,7.3723857059387825,1,-3.2579051383397655,14.82255448225615,1.0817835295218743,12.301470829451064,True,False,True
unigradicon,f2fc990265,7,UNCHANGED,0,7.965654838181193,1,-3.1112300419225676,3.7545463839304185,-7.76752955167862,7.828314215233555,True,False,True
unigradicon,f2fc990265,8,UNCHANGED,0,8.417909574818456,1,13.799626109985752,17.885124236795477,-4.91349909227641,22.53194345127016,True,False,True
unigradicon,f2fc990265,11,UNCHANGED,0,10.27163259372637,2,-10.918250795464132,14.467334531956707,12.711464481691694,20.35970824367172,True,False,True
unigradicon,f2fc990265,12,UNCHANGED,0,8.060211499393583,1,-8.580379041249103,9.89907071266116,-5.301230080765044,13.867284376673162,True,False,True
unigradicon,f2fc990265,14,UNCHANGED,0,15.847142696494812,2,2.2226065669728996,11.038657785139764,-2.9277797270424575,9.347718953243014,True,False,True
unigradicon,f340f1b1f6,1,UNCHANGED,0,26.92018855666896,3,-4.194448945000886,7.478822894176047,12.536582030872419,12.627176193289518,False,False,True
unigradicon,f340f1b1f6,2,UNCHANGED,0,31.374215161353426,4,-1.3343273415335717,-3.668055011554569,-1.371000811740805,3.4869523209939963,False,False,True
unigradicon,f340f1b1f6,3,UNCHANGED,0,20.870578471438392,3,5.105399449036804,3.5032406421476185,-1.145691557926938,7.00212227423122,False,False,True
unigradicon,f340f1b1f6,4,UNCHANGED,0,13.183760642992539,2,-0.7322404371576112,-0.03284520992102154,0.6749317226803764,1.0592506190975872,False,False,True
unigradicon,f340f1b1f6,5,UNCHANGED,0,14.275547962545446,2,-1.327058823528955,0.8871368249602102,0.6645816683577616,1.8726158369271908,False,False,True
unigradicon,f340f1b1f6,6,UNCHANGED,0,10.693939798640002,2,1.415139931740009,-1.0775572756665712,-1.881022509268132,2.4576353299708034,False,False,True
unigradicon,f340f1b1f6,7,UNCHANGED,0,25.09873606319025,3,-0.17596038306028278,2.1041127391179804,0.2587778356605031,1.6704910732648233,False,False,True
unigradicon,f340f1b1f6,8,UNCHANGED,0,21.466668190524643,3,-5.341087923367558,-1.9393377736272797,-2.1314263554683257,7.049536381934806,False,False,True
unigradicon,f340f1b1f6,9,UNCHANGED,0,21.64334420986313,3,4.112644496973212,-2.6961190807394737,-5.881570930260885,7.238543812124991,False,False,True
unigradicon,f43686bab1,1,UNCHANGED,0,5.211054334442412,1,-0.28302804344198196,1.5627563229046897,-2.169672945852545,2.1319757678077593,False,False,True
unigradicon,f43686bab1,2,UNCHANGED,0,2.633247621888866,0,0.5142857142857338,4.470991156730561,1.31153626356218,3.698250382231868,False,False,True
unigradicon,f43686bab1,3,UNCHANGED,0,36.97597335354386,4,0.9123672185641454,-0.6852511744609163,0.7243722666330661,1.3833697569260088,False,False,True
unigradicon,f43686bab1,4,UNCHANGED,0,9.18941808220998,1,0.8727731092446674,-2.8075840886732886,1.4294264447100773,2.6963335856675767,False,False,True
unigradicon,f43686bab1,5,UNCHANGED,0,5.477375780380927,1,-1.166060606061683,1.5815414467982116,-4.085740914771662,3.7472820693948052,False,False,True
unigradicon,f43686bab1,6,UNCHANGED,0,11.656858601019898,2,-2.048669660209589,0.5549459041830012,2.0646709340081677,3.0658533534759664,False,False,True
unigradicon,f43686bab1,7,UNCHANGED,0,4.426456872401111,0,-2.8568086883884236,-2.52967645552999,2.69745628516891,4.602722079171736,False,False,True
unigradicon,f718499c1c,1,UNCHANGED,0,14.081466071025611,2,6.678838110587913,-3.1273277597068927,1.1556930274381134,8.746155203619976,True,False,True
unigradicon,f718499c1c,2,UNCHANGED,0,12.45973083313241,2,-6.30486604701955,-8.146059445419839,-5.195803627649127,10.926721303035817,True,False,True
unigradicon,f718499c1c,4,UNCHANGED,0,14.09981327883986,2,-0.5552533017949827,-6.68819055279843,-0.24104087834179802,5.272817794999116,True,False,True
unigradicon,f718499c1c,5,UNCHANGED,0,13.781169601716028,2,141.92773677555934,-35.13121635876419,10.787839668856932,179.7204887849415,True,False,False
unigradicon,f718499c1c,6,UNCHANGED,0,24.324625534906293,3,-0.5448910834361413,2.6006837685542883,-1.351578766688974,2.3930359752089814,True,False,True
unigradicon,f718499c1c,7,UNCHANGED,0,16.897708254178337,2,3.072689258646278,-3.2861990994658408,-1.6586521612106162,4.8012378137690055,True,False,True
unigradicon,f718499c1c,8,UNCHANGED,0,8.830075590762991,1,-5.288969258588577,-6.8809692398734965,3.2001213821856633,8.886140362456686,True,False,True
unigradicon,f718499c1c,9,UNCHANGED,0,11.169171681114845,2,7.788997380328601,-0.15785594376630913,2.89920880947413,10.002112022995739,True,False,True
unigradicon,f7664060cc,1,UNCHANGED,0,10.155895096827024,2,-0.5370873786407856,10.799505371451875,-6.985469915140829,10.097875224729414,False,False,True
unigradicon,f7664060cc,5,UNCHANGED,0,4.398716741305751,0,3.4652631578947193,-0.2954366449895464,-4.025266722533512,5.376093491843871,False,False,True
unigradicon,f7664060cc,7,UNCHANGED,0,13.555943989681557,2,-2.4328554337385184,-0.2488759266046064,1.0968852408121537,3.167786860800589,False,False,True
unigradicon,f7664060cc,8,UNCHANGED,0,7.049031847721813,1,2.0545247321625313,8.705808938413096,-4.471837626952187,8.079220542431568,False,False,True
unigradicon,f7664060cc,9,UNCHANGED,0,5.577336357817738,1,0.3196506550218373,-0.7879551406186968,2.2671219774537756,1.933395708670772,False,False,True
unigradicon,f7664060cc,10,UNCHANGED,0,10.552767335117007,2,2.424784755633391,-0.38559061566873604,-7.516727488078051,6.667136805900386,False,False,True
unigradicon,f7664060cc,12,UNCHANGED,0,3.302167574513292,0,-1.6638655462184944,-2.8405843116547187,1.1537675744769926,3.1742895547978907,False,False,True
unigradicon,f7664060cc,14,UNCHANGED,0,4.613621529771836,0,-0.7786259541984691,-0.27926111928336644,-2.917867729225318,2.508976199431901,False,False,True
unigradicon,f7664060cc,15,UNCHANGED,0,7.178400659777592,1,-2.228182437030887,-1.4016440672861918,2.56288203054266,3.611754847697588,False,False,True
unigradicon,f7664060cc,18,UNCHANGED,0,7.502363749314618,1,0.6547870733922764,-0.6063547478047915,-0.24383923170441063,0.964982567527298,False,False,True
unigradicon,f7664060cc,20,UNCHANGED,0,6.891835140779277,1,-3.098999999999978,9.248631437059863,-8.61478508198669,10.648022514886355,False,False,True
unigradicon,f7664060cc,22,UNCHANGED,0,7.157162663885314,1,-7.261278195488376,-7.078321218805478,-0.3964641619796057,10.63217418617405,False,False,True
unigradicon,f7e6c85504,2,UNCHANGED,0,18.015051124648366,2,2.7126728971963248,1.6171646889617437,-0.24210763802449894,3.623461945576167,False,False,True
unigradicon,f7e6c85504,3,UNCHANGED,0,8.229516057389857,1,-0.5050615595084764,3.7323845135228813,2.024998652671885,3.3835596099842054,False,False,True
unigradicon,f803dfeb35,2,UNCHANGED,0,3.661956080182328,0,-1.1208791208791127,0.08076210761066939,-1.4673450361425884,1.818627912246899,False,False,True
unigradicon,f803dfeb35,5,UNCHANGED,0,5.66387559883318,1,-0.1553342816489703,2.1456546037835538,0.9084779414950794,1.832933920577903,False,False,True
unigradicon,f803dfeb35,7,UNCHANGED,0,4.2830498140038324,0,1.2477611940298516,0.602641539322447,0.5155342214190335,1.6791793519417986,False,False,True
unigradicon,f803dfeb35,8,UNCHANGED,0,6.869014657749767,1,0.9252964426887502,0.9854734542723912,-1.5053485628097882,1.8277905795183638,False,False,True
unigradicon,f803dfeb35,11,UNCHANGED,0,6.13402795064021,1,-1.1623740201559714,4.406124405498215,-3.585997453968295,4.685945887941479,False,False,True
unigradicon,f803dfeb35,14,UNCHANGED,0,3.9966328039933368,0,-0.04765342960287171,0.08147219717877187,-1.546287459888695,1.223130294977649,False,False,True
unigradicon,f803dfeb35,16,UNCHANGED,0,6.2618568148982625,1,-0.8488767123287744,2.509648292933164,-0.5916093177596138,2.2771794545629667,False,False,True
unigradicon,f803dfeb35,20,UNCHANGED,0,5.861036376564377,1,0.692961672474621,-0.07696016732362189,-5.7857154587471,4.646773083762548,False,False,True
unigradicon,f899139df5,2,UNCHANGED,0,17.174756956142957,2,26.800273126098226,23.149368160386643,-1.2317357062982213,38.0800646893866,False,True,False
unigradicon,f899139df5,3,UNCHANGED,0,70.81977550081622,5,29.409773987883636,-2.4818307325851787,8.420510078064467,37.407987443284696,False,True,False
unigradicon,f899139df5,4,UNCHANGED,0,72.41060780412603,5,16.599696727854166,-15.534115370230642,-21.262507930659385,29.311667455532362,False,True,False
unigradicon,f899139df5,5,UNCHANGED,0,153.45714913411987,5,36.57452303715329,16.20901751467029,-14.178285881466358,48.73958907160026,False,True,False
unigradicon,f899139df5,6,UNCHANGED,0,37.290603939235986,4,19.117806451485215,-0.29964830414998006,5.837010070636977,24.338106514649034,False,True,False
unigradicon,f90f2aca5c,1,UNCHANGED,0,6.37279942722914,1,6.107328718071289,-1.0774323887728874,-0.11052923629683904,7.680891708225382,False,False,True
unigradicon,f90f2aca5c,2,UNCHANGED,0,18.150065560106523,2,0.3565302782313438,-1.8986195604412905,3.4717478937555692,3.146528646089815,False,False,True
unigradicon,f90f2aca5c,3,UNCHANGED,0,4.786590219120677,0,-1.3159078341014037,-2.204473173350953,-0.044053313708696286,2.3814035312440045,False,False,True
unigradicon,f90f2aca5c,4,UNCHANGED,0,8.397644823759041,1,0.12507936508034162,-9.58440034144272,6.399626813124768,9.030581063325995,False,False,True
unigradicon,f90f2aca5c,5,UNCHANGED,0,5.503522905761751,1,-3.000629062696453,-3.6712943360999266,1.2209683047539093,4.81847790838467,False,False,True
unigradicon,f90f2aca5c,7,UNCHANGED,0,8.051841797405801,1,2.5210470395054587,11.233506824956068,-5.581610366565971,10.310043647585836,False,False,True
unigradicon,f90f2aca5c,8,UNCHANGED,0,24.854341480762294,3,-0.2882529819684578,0.31733649913589,5.852880012797655,4.638583727813329,False,False,True
unigradicon,f90f2aca5c,12,UNCHANGED,0,29.514594439101582,3,0.7820360882987416,-0.636468120566248,-1.415335360297555,1.5651525666987256,False,False,True
unigradicon,f90f2aca5c,13,UNCHANGED,0,14.21652149924379,2,3.197325612003186,4.7956593806779075,-14.231002188222226,12.493006128576338,False,False,True
unigradicon,f90f2aca5c,14,UNCHANGED,0,7.169232664180604,1,-4.348374384236126,1.15935950078689,-10.937021983304922,10.238611555648461,False,False,True
unigradicon,f90f2aca5c,16,UNCHANGED,0,7.308746771985613,1,-9.030851829302218,2.1382433234897884,-7.524120891235406,12.863238046678122,False,False,True
unigradicon,f90f2aca5c,17,UNCHANGED,0,16.79010431540479,2,0.6152855137224151,-8.979760691285804,6.936544758511945,8.929132511363331,False,False,True
unigradicon,f90f2aca5c,18,UNCHANGED,0,6.994303074220079,1,3.323076923076519,2.944531993827875,0.8341187048410408,4.793337573964118,False,False,True
unigradicon,fa7cdfad1a,1,UNCHANGED,0,3.2495761352482684,0,-2.7,-0.9391034502625655,-1.7730212602458832,3.7263277741504526,True,False,True
unigradicon,fa7cdfad1a,2,UNCHANGED,0,3.9159703921085276,0,1.9718095238098612,-9.005977944688812,0.23847166269290512,7.455397351039889,True,False,True
unigradicon,fa7cdfad1a,3,UNCHANGED,0,18.219498774298398,2,1.885106382979575,1.4229251942182948,-1.3777766050148834,2.822986101739393,True,False,True
unigradicon,fa7cdfad1a,4,UNCHANGED,0,4.933813527782614,0,-10.285714285713585,-9.632855865525638,-1.4837530107919463,14.94242497919517,True,False,True
unigradicon,fa7cdfad1a,5,UNCHANGED,0,3.9159703921085276,0,-4.103225806452315,1.164013037167756,0.6316944208388828,5.232765384773935,True,False,True
unigradicon,fb8490a950,2,UNCHANGED,0,11.327518633437025,2,-0.3157894736845265,-1.2880061469291604,0.4792682156918734,1.1448623571650407,False,False,True
unigradicon,fb8490a950,3,UNCHANGED,0,4.032440689819217,0,0.13533834586467036,-0.20369926897951784,-1.530090921616886,1.2293744116229965,False,False,True
unigradicon,fb8490a950,4,UNCHANGED,0,10.807159629109476,2,6.432207792208442,3.039663168403916,26.392140185807328,22.447616192057843,False,False,True
unigradicon,fb8490a950,5,UNCHANGED,0,8.922543839684774,1,8.535746606335783,-3.2849878476954895,-6.275417541248825,12.039091916543505,False,False,True
unigradicon,fb8490a950,6,UNCHANGED,0,6.574186510679691,1,-1.5148717948725334,1.752163256344116,3.7888039536684874,3.794024220111387,False,False,True
unigradicon,fb8490a950,7,UNCHANGED,0,3.9171644228676206,0,3.0514285714285734,-0.9088406125462712,-1.3384541366954747,4.020922668869098,False,False,True
unigradicon,fb8490a950,8,UNCHANGED,0,6.170642578808904,1,1.073787542363334,-1.8213874484015178,-0.49157386191888347,1.993875308187763,False,False,True
unigradicon,fb8490a950,9,UNCHANGED,0,7.2242140143274085,1,-2.9827134625448934,-1.2360992360581877,-1.6486748296434288,4.06509316417661,False,False,True
unigradicon,fb8490a950,11,UNCHANGED,0,4.438275264421838,0,3.55151515151515,-0.5091591430470216,-1.5784078506868262,4.627880472595626,False,False,True
unigradicon,fb8490a950,12,UNCHANGED,0,15.272967875690702,2,3.5062085889575885,-5.0470393879820845,17.630397864229376,15.107768495529221,False,False,True
unigradicon,fb8490a950,13,UNCHANGED,0,8.064881379638432,1,6.965957446807738,10.418892556256266,28.71256716703674,25.59778120283499,False,False,True
unigradicon,fb8490a950,14,UNCHANGED,0,6.310932235990622,1,-0.4121739130440346,-2.8248773907165656,-0.9557962786931284,2.3878019864213518,False,False,True
unigradicon,fb8490a950,15,UNCHANGED,0,4.34381505382131,0,3.200000000000023,-0.2702014069789119,-0.10954549262122125,4.00649509005983,False,False,True
unigradicon,fb8490a950,16,UNCHANGED,0,6.738608861045948,1,-2.1479365079358104,0.22675907083861316,1.6008523489308342,2.9724594129350144,False,False,True
unigradicon,fb8490a950,17,UNCHANGED,0,6.264865394868636,1,4.947039106144416,-0.4027514751331532,0.9300200115413892,6.23512238994024,False,False,True
unigradicon,fb8490a950,18,UNCHANGED,0,3.6637155084223685,0,1.186885245901658,0.48626671646055214,-0.023672274858119294,1.5315566546661183,False,False,True
unigradicon,fb8490a950,20,UNCHANGED,0,6.445247509400564,1,-0.34913657770687223,-4.211839677759656,0.4360524341594407,3.336059117725913,False,False,True
unigradicon,fb8490a950,21,UNCHANGED,0,3.2005502965091983,0,1.2883435582822358,-0.6009080369926412,0.40751167639957586,1.7079559528840718,False,False,True
unigradicon,fb8490a950,24,UNCHANGED,0,5.217935291444044,1,5.121230769230351,0.9940681017925935,-0.8097556851421299,6.480017774821634,False,False,True
unigradicon,fb8490a950,25,UNCHANGED,0,6.933473362353304,1,5.305875314109085,-1.4307707579741777,0.3456053392016247,6.731344503384385,False,False,True
unigradicon,fb8490a950,27,UNCHANGED,0,10.51883010988004,2,-2.4489879675392103,-7.866114302365545,1.793047622313891,7.008164789814515,False,False,True
unigradicon,fb8490a950,28,UNCHANGED,0,3.9171644228676206,0,-1.185276073619616,-7.482525473405795,-0.5332627385973182,6.04340637345514,False,False,True
unigradicon,fb8490a950,30,UNCHANGED,0,7.008435640867947,1,-3.436734693876633,-0.41821772990058576,2.148471740829803,4.629807163449651,False,False,True
unigradicon,fb8490a950,31,UNCHANGED,0,7.5255649319770335,1,-1.3230769230780652,-2.8534772152736148,1.5709545919855792,3.0394128938024,False,False,True
unigradicon,fb8490a950,32,UNCHANGED,0,8.41362346940599,1,9.215456017270299,-3.2979387726787994,20.96051475889086,20.318200431597052,False,False,True
unigradicon,fb8490a950,34,UNCHANGED,0,5.973044844837667,1,2.14304418985364,-2.292911855088574,0.9517560702358371,3.3085854917720696,False,False,True
unigradicon,fb8490a950,36,UNCHANGED,0,5.973044844837667,1,4.216233421751622,-0.14405582376932444,1.9053911808475825,5.4816699598188094,False,False,True
unigradicon,fb8490a950,37,UNCHANGED,0,7.652068642171804,1,1.9555049008440393,-0.22830419479373631,-0.3783416761935397,2.468987876193648,False,False,True
unigradicon,fb8490a950,38,UNCHANGED,0,5.411365963385673,1,9.773563218391473,15.985718878317288,-10.369773134035249,19.289022935346,False,False,True
unigradicon,fb8490a950,40,UNCHANGED,0,5.217935291444044,1,2.8615384615391806,1.0024157451054896,0.13111234363470847,3.663057697129308,False,False,True
unigradicon,fb8490a950,43,UNCHANGED,0,4.935317912270217,0,1.0232167832157528,-1.8817210318488868,-1.1638624102983122,2.1538202250312986,False,False,True
unigradicon,fb8490a950,44,UNCHANGED,0,4.699937759613287,0,9.4578947368424,-10.01142734095937,23.826144645120333,23.543574882629862,False,False,True
unigradicon,fb8490a950,46,UNCHANGED,0,5.080556907555834,1,2.893984962405989,4.516639560248699,5.234725656822686,6.525943206835906,False,False,True
unigradicon,fb8490a950,47,UNCHANGED,0,7.008435640867947,1,2.4487864823359815,0.6935783198706191,-0.6383805268223772,3.149084887746609,False,False,True
unigradicon,fb8490a950,48,UNCHANGED,0,5.080556907555834,1,-0.18888888888886868,-9.65007876594629,2.1373621819700923,7.726683781724351,False,False,True
unigradicon,fb8490a950,49,UNCHANGED,0,7.7137815382353825,1,3.8562429696292155,0.5119748555758572,0.12948045824085289,4.837938245791949,False,False,True
unigradicon,fb8490a950,50,UNCHANGED,0,7.008435640867947,1,1.7156709956698477,0.12991170161427454,1.050902607461041,2.301535380765198,False,False,True
unigradicon,fb8490a950,51,UNCHANGED,0,5.706027740840843,1,5.677868053297539,-1.2138268386274216,2.5554912556996747,7.438834735680944,False,False,True
unigradicon,fb8490a950,52,UNCHANGED,0,6.170642578808904,1,2.5145348837216033,-1.207084425930903,-0.7065628442599482,3.328518601629549,False,False,True
unigradicon,fb8490a950,53,UNCHANGED,0,5.815785852181874,1,-0.7651515151509785,-5.757050589522395,4.317179888636327,5.721334772973233,False,False,True
unigradicon,fb8490a950,54,UNCHANGED,0,5.706027740840843,1,11.22603550295853,-7.256281286029695,23.076640119847976,23.675744648563857,False,False,True
unigradicon,fb8490a950,55,UNCHANGED,0,8.540353688022654,1,-0.6443871917567776,-0.8942715674662344,0.5977538786288423,1.165777104807628,False,False,True
unigradicon,fb8490a950,56,UNCHANGED,0,6.073450906158196,1,5.908993902439192,1.1491386847453395,-1.4153141235283422,7.523896767442993,False,False,True
unigradicon,fb9ce87f03,2,UNCHANGED,0,8.827366028595062,1,2.290479753887098,-1.5579435614785626,0.3876742885187609,3.1259221803936637,True,False,True
unigradicon,fb9ce87f03,4,UNCHANGED,0,4.243754953895814,0,2.759533073929947,0.6878017574269103,1.5168292062298976,3.6904344304214844,True,False,True
unigradicon,fb9ce87f03,7,UNCHANGED,0,8.218491817083763,1,5.612993503248253,5.981061240946753,-1.1654551764038834,8.4789977854693,True,False,True
unigradicon,fb9ce87f03,8,UNCHANGED,0,4.167957353751714,0,0.5333333333328028,-2.9899179609620004,0.8057681950304281,2.5102663226051445,True,False,True
unigradicon,fb9ce87f03,10,UNCHANGED,0,5.698383959533461,1,-0.44286589099856427,-0.9454992835916195,1.1859588036704243,1.3142733022618573,True,False,True
unigradicon,fb9ce87f03,12,UNCHANGED,0,8.035797825696221,1,3.8629767441861533,-1.3951952997051174,-1.4390041486132852,5.078676235009108,True,False,True
unigradicon,fe131d7f5a,2,UNCHANGED,0,28.58679218282096,3,94.54517652306755,-10.133331845053949,0.5625314986667614,118.44699441319064,False,True,False
unigradicon,fe131d7f5a,6,UNCHANGED,0,6.910770674481821,1,44.00614496689857,24.36976361038457,4.24947775577767,58.30380290833488,False,True,False
unigradicon,fe131d7f5a,11,UNCHANGED,0,4.21120959615583,0,34.60150375939848,23.246935745123842,4.509196733477607,47.04272381161383,False,True,False
unigradicon,fe131d7f5a,13,UNCHANGED,0,1.6889999025355158,0,49.2,0.0,-32.62733681875791,66.67046152580224,False,True,False
unigradicon,fe131d7f5a,24,UNCHANGED,0,6.243001182847097,1,41.76046432229429,6.341889994305071,29.536323107120605,57.38045648341837,False,True,False
unigradicon,fe131d7f5a,28,UNCHANGED,0,28.36096462312265,3,94.34073291794277,10.052405173922152,-2.438592455690046,118.20262578669727,False,True,False
